-- MySQL dump 10.13  Distrib 5.7.17, for macos10.12 (x86_64)
--
-- Host: latite.lternet.edu    Database: unitregistry
-- ------------------------------------------------------
-- Server version	5.5.54-0ubuntu0.12.04.1

/*!40101 SET @OLD_CHARACTER_SET_CLIENT=@@CHARACTER_SET_CLIENT */;
/*!40101 SET @OLD_CHARACTER_SET_RESULTS=@@CHARACTER_SET_RESULTS */;
/*!40101 SET @OLD_COLLATION_CONNECTION=@@COLLATION_CONNECTION */;
/*!40101 SET NAMES utf8 */;
/*!40103 SET @OLD_TIME_ZONE=@@TIME_ZONE */;
/*!40103 SET TIME_ZONE='+00:00' */;
/*!40014 SET @OLD_UNIQUE_CHECKS=@@UNIQUE_CHECKS, UNIQUE_CHECKS=0 */;
/*!40014 SET @OLD_FOREIGN_KEY_CHECKS=@@FOREIGN_KEY_CHECKS, FOREIGN_KEY_CHECKS=0 */;
/*!40101 SET @OLD_SQL_MODE=@@SQL_MODE, SQL_MODE='NO_AUTO_VALUE_ON_ZERO' */;
/*!40111 SET @OLD_SQL_NOTES=@@SQL_NOTES, SQL_NOTES=0 */;

--
-- Table structure for table `baseQuantity`
--

DROP TABLE IF EXISTS `baseQuantity`;
/*!40101 SET @saved_cs_client     = @@character_set_client */;
/*!40101 SET character_set_client = utf8 */;
CREATE TABLE `baseQuantity` (
  `baseQuantityId` int(11) unsigned NOT NULL AUTO_INCREMENT,
  `name` varchar(255) DEFAULT NULL,
  `symbol` varchar(255) DEFAULT NULL,
  `baseUnit` varchar(255) DEFAULT NULL,
  `baseUnitAbbreviation` varchar(255) DEFAULT NULL,
  PRIMARY KEY (`baseQuantityId`)
) ENGINE=InnoDB AUTO_INCREMENT=10 DEFAULT CHARSET=utf8;
/*!40101 SET character_set_client = @saved_cs_client */;

--
-- Dumping data for table `baseQuantity`
--

LOCK TABLES `baseQuantity` WRITE;
/*!40000 ALTER TABLE `baseQuantity` DISABLE KEYS */;
INSERT INTO `baseQuantity` VALUES (1,'length','l','meter','m'),(2,'mass','m','kilogam','kg'),(3,'time','t','second','s'),(4,'current','I','ampere','A'),(5,'temperature','T','kelvin','K'),(6,'amount','n','mole','mol'),(7,'luminosity','Iv','candela','cd'),(8,'angle',NULL,'radian','rad'),(9,'dimensionless',NULL,NULL,NULL);
/*!40000 ALTER TABLE `baseQuantity` ENABLE KEYS */;
UNLOCK TABLES;

--
-- Table structure for table `changeLog`
--

DROP TABLE IF EXISTS `changeLog`;
/*!40101 SET @saved_cs_client     = @@character_set_client */;
/*!40101 SET character_set_client = utf8 */;
CREATE TABLE `changeLog` (
  `changeLogId` int(11) NOT NULL AUTO_INCREMENT,
  `entityType` varchar(255) DEFAULT NULL,
  `entityId` int(10) unsigned DEFAULT NULL,
  `signature` char(32) DEFAULT NULL,
  `timestamp` timestamp NOT NULL DEFAULT CURRENT_TIMESTAMP,
  `snapshot` text,
  PRIMARY KEY (`changeLogId`)
) ENGINE=MyISAM AUTO_INCREMENT=460 DEFAULT CHARSET=utf8;
/*!40101 SET character_set_client = @saved_cs_client */;

--
-- Dumping data for table `changeLog`
--

LOCK TABLES `changeLog` WRITE;
/*!40000 ALTER TABLE `changeLog` DISABLE KEYS */;
INSERT INTO `changeLog` VALUES (1,'Unit',282,'05f0c51863f56536198b5531321862c6','2010-06-11 17:06:10','Entity: Unit\n	uniqueId: 282\n	name: micromolePerLiter\n	abbreviation: µM/L\n	description: M/L = moles per liter of solution\n	scopes:\n		[ 0 ]:\n			uniqueId: 4\n			name: PAL-LTER\n	quantity:\n		uniqueId: 28\n		name: amountOfSubstanceConcentration\n\n'),(2,'Unit',289,'05f0c51863f56536198b5531321862c6','2010-06-11 17:07:04','Entity: Unit\n	uniqueId: 289\n	name: microatmosphere\n	abbreviation: µatm\n	description: 1 microAtmosphere = 0.000001 atmospheres\n	parentSI:\n		uniqueId: 104\n		name: pascal\n		siMultiplier: 1.01325e+11\n		siConstant: \n	scopes:\n		[ 0 ]:\n			uniqueId: 5\n			name: CCE-LTER\n	quantity:\n		uniqueId: 2\n		name: pressure\n\n'),(3,'Unit',294,'05f0c51863f56536198b5531321862c6','2010-06-11 17:08:16','Entity: Unit\n	uniqueId: 294\n	name: millisiemenPerCentimeter\n	abbreviation: mS/cm\n	description: used to describe conductivity (S/m) difference in CTD measurements\n	scopes:\n		[ 0 ]:\n			uniqueId: 5\n			name: CCE-LTER\n	quantity:\n		uniqueId: 21\n		name: conductance\n\n'),(5,'Unit',385,'256311a1105ada53a694eab23c726f5b','2010-06-16 16:05:34','Entity: Unit\n	uniqueId: 385\n	name: numberSeedEquivalentsPerCubicCentimeter\n	abbreviation: \n	description: sum total of seeds per unit volume\n	scopes:\n		[ 0 ]:\n			uniqueId: 13\n			name: FCE-LTER\n\n'),(6,'Unit',392,'256311a1105ada53a694eab23c726f5b','2010-06-16 16:06:10','Entity: Unit\n	uniqueId: 392\n	name: short-shootPerMeterSquared\n	abbreviation: short-shoot/m2\n	description: short-shoot Per Meter squared\n	scopes:\n		[ 0 ]:\n			uniqueId: 13\n			name: FCE-LTER\n\n'),(7,'Unit',355,'9fb9a919a3cce26fff67c2bdcdaed0dc','2010-06-16 17:30:26','Entity: Unit\n	uniqueId: 355\n	name: gramPerFourHundredthofMeterSquared\n	abbreviation: \n	description: grams of substance per four hundredths of a square meter, 20 cm x 20 cm quadrat\n	scopes:\n		[ 0 ]:\n			uniqueId: 25\n			name: PIE-LTER\n	quantity:\n		uniqueId: 5\n		name: arealMassDensity\n\n'),(8,'Unit',356,'9fb9a919a3cce26fff67c2bdcdaed0dc','2010-06-17 19:10:00','Entity: Unit\n	uniqueId: 356\n	name: gramPerOneTenthofMeterSquared\n	abbreviation: \n	description: grams of substance per one tenth of a square meter, 31.6 cm x 31.6 cm quadrat\n	scopes:\n		[ 0 ]:\n			uniqueId: 25\n			name: PIE-LTER\n	quantity:\n		uniqueId: 5\n		name: arealMassDensity\n\n'),(9,'Unit',355,'9fb9a919a3cce26fff67c2bdcdaed0dc','2010-06-17 19:12:03','Entity: Unit\n	uniqueId: 355\n	name: gramPerFourHundredthofMeterSquared\n	abbreviation: g/0.04m2\n	description: grams of substance per four hundredths of a square meter, 20 cm x 20 cm quadrat\n	scopes:\n		[ 0 ]:\n			uniqueId: 25\n			name: PIE-LTER\n	quantity:\n		uniqueId: 5\n		name: arealMassDensity\n\n'),(10,'Unit',357,'9fb9a919a3cce26fff67c2bdcdaed0dc','2010-06-17 19:13:43','Entity: Unit\n	uniqueId: 357\n	name: kilogramPerYear\n	abbreviation: \n	description: kilograms of substance per year\n	scopes:\n		[ 0 ]:\n			uniqueId: 25\n			name: PIE-LTER\n	quantity:\n		uniqueId: 1\n		name: amountOfSubstanceWeightFlux\n\n'),(11,'Unit',357,'9fb9a919a3cce26fff67c2bdcdaed0dc','2010-06-17 19:14:33','Entity: Unit\n	uniqueId: 357\n	name: kilogramPerYear\n	abbreviation: \n	description: kilograms of substance per year\n	parentSI:\n		uniqueId: 357\n		name: kilogramPerYear\n		siMultiplier: 1\n		siConstant: \n	scopes:\n		[ 0 ]:\n			uniqueId: 25\n			name: PIE-LTER\n	quantity:\n		uniqueId: 1\n		name: amountOfSubstanceWeightFlux\n\n'),(12,'Unit',358,'9fb9a919a3cce26fff67c2bdcdaed0dc','2010-06-17 19:20:32','Entity: Unit\n	uniqueId: 358\n	name: kilowattPerMeterSquared\n	abbreviation: \n	description: kilowatt per meter squared\n	scopes:\n		[ 0 ]:\n			uniqueId: 25\n			name: PIE-LTER\n	quantity:\n		uniqueId: 29\n		name: energy\n\n'),(13,'Unit',359,'9fb9a919a3cce26fff67c2bdcdaed0dc','2010-06-17 19:25:12','Entity: Unit\n	uniqueId: 359\n	name: megajoulePerMeterSquaredPerDay\n	abbreviation: \n	description: megajoules per square meter per day\n	scopes:\n		[ 0 ]:\n			uniqueId: 25\n			name: PIE-LTER\n	quantity:\n		uniqueId: 60\n		name: arealEnergyDensityRate\n\n'),(14,'Unit',353,'9fb9a919a3cce26fff67c2bdcdaed0dc','2010-06-17 19:27:42','Entity: Unit\n	uniqueId: 353\n	name: metercubedPerDay\n	abbreviation: \n	description: cubic meters per day = 1000 liters per m^3 *60sec/min*60min/hr*24hr/day\n	scopes:\n		[ 0 ]:\n			uniqueId: 25\n			name: PIE-LTER\n	quantity:\n		uniqueId: 8\n		name: volumetricRate\n\n'),(15,'Unit',354,'9fb9a919a3cce26fff67c2bdcdaed0dc','2010-06-17 19:29:27','Entity: Unit\n	uniqueId: 354\n	name: metercubedPerYear\n	abbreviation: \n	description: cubic meters per year = 1000 liters per m^3 *60sec/min*60min/hr*24hr/day*365day/yr\n	scopes:\n		[ 0 ]:\n			uniqueId: 25\n			name: PIE-LTER\n	quantity:\n		uniqueId: 8\n		name: volumetricRate\n\n'),(16,'Unit',289,'9fb9a919a3cce26fff67c2bdcdaed0dc','2010-06-17 19:35:57','Entity: Unit\n	uniqueId: 289\n	name: microatmosphere\n	abbreviation: µatm\n	description: 1 microAtmosphere = 0.000001 atmospheres = 1013.25 millibars = 0.101325 Pascals = 0.0000147 lb/sq.in\n	parentSI:\n		uniqueId: 104\n		name: pascal\n		siMultiplier: 1.01325e+11\n		siConstant: \n	scopes:\n		[ 0 ]:\n			uniqueId: 5\n			name: CCE-LTER\n		[ 1 ]:\n			uniqueId: 25\n			name: PIE-LTER\n	quantity:\n		uniqueId: 2\n		name: pressure\n\n'),(17,'Unit',360,'9fb9a919a3cce26fff67c2bdcdaed0dc','2010-06-17 19:53:55','Entity: Unit\n	uniqueId: 360\n	name: micromolePerCentimeterCubed\n	abbreviation: \n	description: micromole per cubic centimeter\n	scopes:\n		[ 0 ]:\n			uniqueId: 25\n			name: PIE-LTER\n	quantity:\n		uniqueId: 28\n		name: amountOfSubstanceConcentration\n\n'),(18,'Unit',282,'9fb9a919a3cce26fff67c2bdcdaed0dc','2010-06-17 19:55:59','Entity: Unit\n	uniqueId: 282\n	name: micromolePerLiter\n	abbreviation: µM/L\n	description: M/L = micromoles per liter of solution\n	scopes:\n		[ 0 ]:\n			uniqueId: 4\n			name: PAL-LTER\n		[ 1 ]:\n			uniqueId: 25\n			name: PIE-LTER\n	quantity:\n		uniqueId: 28\n		name: amountOfSubstanceConcentration\n\n'),(19,'Unit',361,'9fb9a919a3cce26fff67c2bdcdaed0dc','2010-06-17 19:59:12','Entity: Unit\n	uniqueId: 361\n	name: micromolePerMeterSquaredPerSecond\n	abbreviation: \n	description: micromole per meter squared per second\n	scopes:\n		[ 0 ]:\n			uniqueId: 25\n			name: PIE-LTER\n	quantity:\n		uniqueId: 41\n		name: arealMassDensityRate\n\n'),(20,'Unit',362,'9fb9a919a3cce26fff67c2bdcdaed0dc','2010-06-17 20:00:43','Entity: Unit\n	uniqueId: 362\n	name: millimolePerMeterSquaredPerDay\n	abbreviation: \n	description: millimole per meter squared per day\n	scopes:\n		[ 0 ]:\n			uniqueId: 25\n			name: PIE-LTER\n	quantity:\n		uniqueId: 41\n		name: arealMassDensityRate\n\n'),(21,'Unit',294,'9fb9a919a3cce26fff67c2bdcdaed0dc','2010-06-17 20:03:06','Entity: Unit\n	uniqueId: 294\n	name: millisiemenPerCentimeter\n	abbreviation: mS/cm\n	description: millisiemen per centimeter, electrolytic conductivity of a solution\n	scopes:\n		[ 0 ]:\n			uniqueId: 5\n			name: CCE-LTER\n		[ 1 ]:\n			uniqueId: 25\n			name: PIE-LTER\n	quantity:\n		uniqueId: 21\n		name: conductance\n\n'),(22,'Unit',363,'9fb9a919a3cce26fff67c2bdcdaed0dc','2010-06-17 20:04:45','Entity: Unit\n	uniqueId: 363\n	name: molePerMeterSquaredPerDay\n	abbreviation: \n	description: moles of substance per meter squared per day\n	scopes:\n		[ 0 ]:\n			uniqueId: 25\n			name: PIE-LTER\n	quantity:\n		uniqueId: 41\n		name: arealMassDensityRate\n\n'),(23,'Unit',364,'9fb9a919a3cce26fff67c2bdcdaed0dc','2010-06-17 20:05:52','Entity: Unit\n	uniqueId: 364\n	name: nephelometricturbidityunit\n	abbreviation: \n	description: (NTU) ratio of the amount of light transmitted straight through a water sample with the amount scattered at an angle of 90 degrees to one side\n	scopes:\n		[ 0 ]:\n			uniqueId: 25\n			name: PIE-LTER\n	quantity:\n		uniqueId: 45\n		name: dimensionless\n\n'),(24,'Unit',365,'9fb9a919a3cce26fff67c2bdcdaed0dc','2010-06-17 20:07:58','Entity: Unit\n	uniqueId: 365\n	name: numberPerOneTenthofMeterSquared\n	abbreviation: \n	description: number per one tenth of a square meter\n	scopes:\n		[ 0 ]:\n			uniqueId: 25\n			name: PIE-LTER\n	quantity:\n		uniqueId: 30\n		name: arealDensity\n\n'),(25,'Unit',366,'9fb9a919a3cce26fff67c2bdcdaed0dc','2010-06-17 20:09:10','Entity: Unit\n	uniqueId: 366\n	name: partperthousand\n	abbreviation: \n	description: ratio of two quantities as parts per thousand (1:1000)\n	scopes:\n		[ 0 ]:\n			uniqueId: 25\n			name: PIE-LTER\n	quantity:\n		uniqueId: 45\n		name: dimensionless\n\n'),(26,'Unit',273,'9fb9a919a3cce26fff67c2bdcdaed0dc','2010-06-17 20:09:55','Entity: Unit\n	uniqueId: 273\n	name: percent\n	abbreviation: %\n	description: ratio of two quantities as percent composition (1:100)\n	scopes:\n		[ 0 ]:\n			uniqueId: 13\n			name: FCE-LTER\n		[ 1 ]:\n			uniqueId: 4\n			name: PAL-LTER\n		[ 2 ]:\n			uniqueId: 25\n			name: PIE-LTER\n	quantity:\n		uniqueId: 45\n		name: dimensionless\n\n'),(27,'Unit',430,'d8ce349b63064e69c16118818bf3185a','2010-06-18 18:37:31',NULL),(28,'Unit',430,'d8ce349b63064e69c16118818bf3185a','2010-06-18 19:10:27','Entity: Unit\n	uniqueId: 430\n	name: micromolePerLiter\n	abbreviation: \n	description: micro mole per liter\n	scopes:\n	quantity:\n		uniqueId: 28\n		name: amountOfSubstanceConcentration\n\n'),(29,'Unit',334,'29accce71b4eb40616e9e0cdd2b0790e','2010-08-03 22:28:53','Entity: Unit\n	uniqueId: 334\n	name: milligramsCarbonPerSquareMeterPerDay\n	abbreviation: mgC/m²/day\n	description: Milligrams per square meter per day\n	deprecatedTo:\n		uniqueId: 291\n		name: milligramPerMeterSquaredPerDay\n		deprecatedDueTo: \n	scopes:\n		[ 0 ]:\n			uniqueId: 5\n			name: CCE-LTER\n	quantity:\n		uniqueId: 5\n		name: arealMassDensity\n\n'),(30,'Unit',431,'05f0c51863f56536198b5531321862c6','2010-10-05 21:23:57',NULL),(31,'Unit',431,'05f0c51863f56536198b5531321862c6','2010-10-05 21:25:20','Entity: Unit\n	uniqueId: 431\n	name: newtonPerMeter\n	abbreviation: N/m\n	description: measurement of force per area (surface tension)\n	scopes:\n		[ 0 ]:\n			uniqueId: 30\n			name: LTER-ADDED\n	quantity:\n		uniqueId: 56\n		name: irradiation\n	timestamp: 2010-10-05 15:23:57\n\n'),(32,'Unit',432,'05f0c51863f56536198b5531321862c6','2010-10-05 21:28:37',NULL),(33,'Unit',431,'05f0c51863f56536198b5531321862c6','2010-10-05 21:29:21','Entity: Unit\n	uniqueId: 431\n	name: newtonPerMeter\n	abbreviation: N/m\n	description: measurement of force per area (surface tension)\n	scopes:\n		[ 0 ]:\n			uniqueId: 30\n			name: LTER-ADDED\n	quantity:\n		uniqueId: 66\n		name: surfaceTension\n	timestamp: 2010-10-05 15:25:20\n\n'),(34,'Unit',430,'d8ce349b63064e69c16118818bf3185a','2010-10-05 22:14:44','Entity: Unit\n	uniqueId: 430\n	name: micromolePerLiter\n	abbreviation: \n	description: micro mole per liter\n	scopes:\n		[ 0 ]:\n			uniqueId: 26\n			name: SBC-LTER\n	quantity:\n		uniqueId: 28\n		name: amountOfSubstanceConcentration\n	timestamp: 2010-06-18 13:10:27\n\n'),(35,'Unit',430,'d8ce349b63064e69c16118818bf3185a','2010-10-05 22:16:02','Entity: Unit\n	uniqueId: 430\n	name: micromolePerLiter\n	abbreviation: umol l-1\n	description: used for concentration of either dissolved or particulate constituents\n	scopes:\n		[ 0 ]:\n			uniqueId: 26\n			name: SBC-LTER\n	quantity:\n		uniqueId: 28\n		name: amountOfSubstanceConcentration\n	timestamp: 2010-10-05 16:14:44\n\n'),(36,'Unit',433,'05f0c51863f56536198b5531321862c6','2010-10-05 22:18:09',NULL),(40,'Unit',457,'d8ce349b63064e69c16118818bf3185a','2010-10-06 16:16:18','Entity: Unit\n	uniqueId: 457\n	name: millimolePerMeterSquaredPerHour\n	abbreviation: mmol m-2 h-1\n	description: areal production or respiration rates \n	scopes:\n	timestamp: 2010-10-06 09:48:28\n\n'),(39,'Unit',457,'d8ce349b63064e69c16118818bf3185a','2010-10-06 15:48:28',NULL),(41,'Unit',457,'d8ce349b63064e69c16118818bf3185a','2010-10-06 16:19:36','Entity: Unit\n	uniqueId: 457\n	name: millimolePerMeterSquaredPerHour\n	abbreviation: mmol m-2 h-1\n	description: areal production or respiration rates \n	scopes:\n	timestamp: 2010-10-06 10:16:18\n\n'),(42,'Unit',457,'d8ce349b63064e69c16118818bf3185a','2010-10-06 16:59:38','Entity: Unit\n	uniqueId: 457\n	name: millimolePerMeterSquaredPerHour\n	abbreviation: mmol m-2 h-1\n	description: areal production or respiration rates \n	scopes:\n	timestamp: 2010-10-06 10:19:36\n\n'),(43,'Unit',458,'05f0c51863f56536198b5531321862c6','2010-10-06 21:54:37',NULL),(44,'Unit',276,'05f0c51863f56536198b5531321862c6','2010-10-06 22:32:34','Entity: Unit\n	uniqueId: 276\n	name: milliliterPerLiter\n	abbreviation: ml/L\n	description: milliters of solution per total volume\n	scopes:\n		[ 0 ]:\n			uniqueId: 13\n			name: FCE-LTER\n		[ 1 ]:\n			uniqueId: 22\n			name: MCR-LTER\n		[ 2 ]:\n			uniqueId: 4\n			name: PAL-LTER\n	quantity:\n		uniqueId: 11\n		name: volumePerVolume\n	timestamp: \n\n'),(45,'Unit',490,'05f0c51863f56536198b5531321862c6','2010-10-06 22:33:24',NULL),(46,'Unit',475,'d8ce349b63064e69c16118818bf3185a','2010-10-06 23:15:52','Entity: Unit\n	uniqueId: 475\n	name: microeinsteinPerCentimeterSquaredPerSecond\n	abbreviation: \n	description: PAR Scalar irradiance unit. 1Ein = energy of 1 mole photons\n	parentSI:\n		uniqueId: 23\n		name: joule\n		siMultiplier: 0\n		siConstant: 0\n	scopes:\n		[ 0 ]:\n			uniqueId: 26\n			name: SBC-LTER\n	quantity:\n		uniqueId: 29\n		name: energy\n	timestamp: \n\n'),(47,'Unit',475,'d8ce349b63064e69c16118818bf3185a','2010-10-06 23:16:53','Entity: Unit\n	uniqueId: 475\n	name: microeinsteinPerCentimeterSquaredPerSecond\n	abbreviation: \n	description: PAR Scalar irradiance unit, for wavelenths between 400-700nm. 1Ein = energy of 1 mole photons\n	parentSI:\n		uniqueId: 23\n		name: joule\n		siMultiplier: 0\n		siConstant: 0\n	scopes:\n		[ 0 ]:\n			uniqueId: 26\n			name: SBC-LTER\n	quantity:\n		uniqueId: 29\n		name: energy\n	timestamp: 2010-10-06 17:15:52\n\n'),(48,'Unit',461,'d8ce349b63064e69c16118818bf3185a','2010-10-06 23:21:13','Entity: Unit\n	uniqueId: 461\n	name: microwattCentimeterPerSquaredPerNanometer\n	abbreviation: \n	description: irradance unit\n	parentSI:\n		uniqueId: 23\n		name: joule\n		siMultiplier: 0\n		siConstant: 0\n	scopes:\n		[ 0 ]:\n			uniqueId: 26\n			name: SBC-LTER\n	quantity:\n		uniqueId: 14\n		name: power\n	timestamp: \n\n'),(49,'Unit',430,'d8ce349b63064e69c16118818bf3185a','2010-10-06 23:24:31','Entity: Unit\n	uniqueId: 430\n	name: micromolePerLiter\n	abbreviation: µmol l-1\n	description: used for concentration of either dissolved or particulate constituents\n	scopes:\n		[ 0 ]:\n			uniqueId: 26\n			name: SBC-LTER\n	quantity:\n		uniqueId: 28\n		name: amountOfSubstanceConcentration\n	timestamp: 2010-10-05 16:16:02\n\n'),(50,'Unit',36,'05f0c51863f56536198b5531321862c6','2010-10-07 20:45:33','Entity: Unit\n	uniqueId: 36\n	name: kilogramsPerHectare\n	abbreviation: \n	description: kilograms per hectare\n	parentSI:\n		uniqueId: 18\n		name: kilogramsPerSquareMeter\n		siMultiplier: 0.0001\n		siConstant: \n	deprecatedTo:\n		uniqueId: 211\n		name: kilogramPerHectare\n		deprecatedDueTo: \n	scopes:\n		[ 0 ]:\n			uniqueId: 1\n			name: EML-2.0.1\n		[ 1 ]:\n			uniqueId: 2\n			name: EML-2.1.0\n	quantity:\n		uniqueId: 5\n		name: arealMassDensity\n	timestamp: \n\n'),(51,'Unit',211,'05f0c51863f56536198b5531321862c6','2010-10-07 20:45:45','Entity: Unit\n	uniqueId: 211\n	name: kilogramPerHectare\n	abbreviation: \n	description: kilograms per hectare\n	parentSI:\n		uniqueId: 18\n		name: kilogramsPerSquareMeter\n		siMultiplier: 0.0001\n		siConstant: \n	scopes:\n		[ 0 ]:\n			uniqueId: 3\n			name: EML-LTER\n	quantity:\n		uniqueId: 5\n		name: arealMassDensity\n	timestamp: \n\n'),(52,'Unit',68,'05f0c51863f56536198b5531321862c6','2010-10-07 20:47:17','Entity: Unit\n	uniqueId: 68\n	name: squareKilometers\n	abbreviation: \n	description: square kilometers\n	parentSI:\n		uniqueId: 10\n		name: squareMeter\n		siMultiplier: 1e+06\n		siConstant: \n	deprecatedTo:\n		uniqueId: 222\n		name: kilometerSquared\n		deprecatedDueTo: \n	scopes:\n		[ 0 ]:\n			uniqueId: 1\n			name: EML-2.0.1\n		[ 1 ]:\n			uniqueId: 2\n			name: EML-2.1.0\n	quantity:\n		uniqueId: 32\n		name: area\n	timestamp: \n\n'),(53,'Unit',69,'05f0c51863f56536198b5531321862c6','2010-10-07 20:47:42','Entity: Unit\n	uniqueId: 69\n	name: squareMillimeters\n	abbreviation: \n	description: square millmeters\n	parentSI:\n		uniqueId: 10\n		name: squareMeter\n		siMultiplier: 1e-06\n		siConstant: \n	deprecatedTo:\n		uniqueId: 223\n		name: millimeterSquared\n		deprecatedDueTo: \n	scopes:\n		[ 0 ]:\n			uniqueId: 1\n			name: EML-2.0.1\n		[ 1 ]:\n			uniqueId: 2\n			name: EML-2.1.0\n	quantity:\n		uniqueId: 32\n		name: area\n	timestamp: \n\n'),(54,'Unit',578,'05f0c51863f56536198b5531321862c6','2010-10-08 21:52:04',NULL),(55,'Unit',579,'05f0c51863f56536198b5531321862c6','2010-10-08 21:54:23',NULL),(56,'Unit',580,'05f0c51863f56536198b5531321862c6','2010-10-08 21:56:06',NULL),(57,'Unit',581,'05f0c51863f56536198b5531321862c6','2010-10-08 21:57:24',NULL),(58,'Unit',582,'05f0c51863f56536198b5531321862c6','2010-10-08 21:58:49',NULL),(59,'Unit',583,'05f0c51863f56536198b5531321862c6','2010-10-08 21:59:35',NULL),(60,'Unit',584,'05f0c51863f56536198b5531321862c6','2010-10-08 22:00:29',NULL),(61,'Unit',949,'05f0c51863f56536198b5531321862c6','2011-01-04 00:11:35',NULL),(62,'Unit',950,'05f0c51863f56536198b5531321862c6','2011-01-04 00:13:29',NULL),(63,'Unit',951,'05f0c51863f56536198b5531321862c6','2011-01-04 00:18:35',NULL),(64,'Unit',952,'05f0c51863f56536198b5531321862c6','2011-01-04 00:21:36',NULL),(65,'Unit',953,'05f0c51863f56536198b5531321862c6','2011-01-04 00:24:46',NULL),(66,'Unit',954,'05f0c51863f56536198b5531321862c6','2011-01-04 00:25:33',NULL),(67,'Unit',955,'05f0c51863f56536198b5531321862c6','2011-01-04 00:31:28',NULL),(68,'Unit',956,'05f0c51863f56536198b5531321862c6','2011-01-04 00:34:36',NULL),(69,'Unit',957,'05f0c51863f56536198b5531321862c6','2011-01-04 00:35:21',NULL),(70,'Unit',1021,'05f0c51863f56536198b5531321862c6','2011-01-04 19:20:49',NULL),(71,'Unit',266,'05f0c51863f56536198b5531321862c6','2011-01-04 19:21:53','Entity: Unit\n	uniqueId: 266\n	name: milligramPerLiter\n	abbreviation: mg/l\n	description: milligrams / liter\n	parentSI:\n		uniqueId: 19\n		name: kilogramPerCubicMeter\n		siMultiplier: 0.001\n		siConstant: \n	scopes:\n		[ 0 ]:\n			uniqueId: 3\n			name: EML-LTER\n		[ 1 ]:\n			uniqueId: 24\n			name: NTL-LTER\n	quantity:\n		uniqueId: 27\n		name: massDensity\n	timestamp: \n\n'),(72,'Unit',262,'05f0c51863f56536198b5531321862c6','2011-01-04 19:22:16','Entity: Unit\n	uniqueId: 262\n	name: microgramPerLiter\n	abbreviation: ?g/l\n	description: micrograms / liter\n	parentSI:\n		uniqueId: 19\n		name: kilogramPerCubicMeter\n		siMultiplier: 0.000001\n		siConstant: \n	scopes:\n		[ 0 ]:\n			uniqueId: 7\n			name: ARC-LTER\n		[ 1 ]:\n			uniqueId: 3\n			name: EML-LTER\n		[ 2 ]:\n			uniqueId: 24\n			name: NTL-LTER\n		[ 3 ]:\n			uniqueId: 25\n			name: PIE-LTER\n	quantity:\n		uniqueId: 27\n		name: massDensity\n	timestamp: \n\n'),(73,'Unit',795,'05f0c51863f56536198b5531321862c6','2011-01-04 19:23:02','Entity: Unit\n	uniqueId: 795\n	name: microsiemens/cm\n	abbreviation: \n	description: \n	scopes:\n		[ 0 ]:\n			uniqueId: 21\n			name: MCM-LTER\n	timestamp: \n\n'),(74,'Unit',203,'05f0c51863f56536198b5531321862c6','2011-01-04 19:23:49','Entity: Unit\n	uniqueId: 203\n	name: kilogramPerMeterCubed\n	abbreviation: \n	description: kilogram per cubic meter\n	scopes:\n		[ 0 ]:\n			uniqueId: 3\n			name: EML-LTER\n	quantity:\n		uniqueId: 27\n		name: massDensity\n	timestamp: \n\n'),(75,'Unit',1022,'05f0c51863f56536198b5531321862c6','2011-01-04 19:26:11',NULL),(76,'Unit',1022,'05f0c51863f56536198b5531321862c6','2011-01-04 19:26:30','Entity: Unit\n	uniqueId: 1022\n	name: millimeterPerHour\n	abbreviation: mm/h\n	description: \n	parentSI:\n		uniqueId: 240\n		name: meterPerSecond\n		siMultiplier: 0.000000277778\n		siConstant: \n	scopes:\n	quantity:\n		uniqueId: 38\n		name: speed\n	timestamp: 2011-01-04 12:26:11\n\n'),(77,'Unit',273,'05f0c51863f56536198b5531321862c6','2011-01-04 19:27:11','Entity: Unit\n	uniqueId: 273\n	name: percent\n	abbreviation: %\n	description: ratio of two quantities as percent composition (1:100)\n	parentSI:\n		uniqueId: 307\n		name: numberPerNumber\n		siMultiplier: 100\n		siConstant: \n	scopes:\n		[ 0 ]:\n			uniqueId: 11\n			name: CAP-LTER\n		[ 1 ]:\n			uniqueId: 13\n			name: FCE-LTER\n		[ 2 ]:\n			uniqueId: 14\n			name: GCE-LTER\n		[ 3 ]:\n			uniqueId: 16\n			name: HBR-LTER\n		[ 4 ]:\n			uniqueId: 21\n			name: MCM-LTER\n		[ 5 ]:\n			uniqueId: 24\n			name: NTL-LTER\n		[ 6 ]:\n			uniqueId: 23\n			name: NWT-LTER\n		[ 7 ]:\n			uniqueId: 4\n			name: PAL-LTER\n		[ 8 ]:\n			uniqueId: 25\n			name: PIE-LTER\n	quantity:\n		uniqueId: 45\n		name: dimensionless\n	timestamp: 2010-06-17 14:09:55\n\n'),(78,'Unit',273,'05f0c51863f56536198b5531321862c6','2011-01-04 19:27:19','Entity: Unit\n	uniqueId: 273\n	name: percent\n	abbreviation: %\n	description: ratio of two quantities as percent composition (1:100)\n	parentSI:\n		uniqueId: 307\n		name: numberPerNumber\n		siMultiplier: 100\n		siConstant: \n	scopes:\n		[ 0 ]:\n			uniqueId: 11\n			name: CAP-LTER\n		[ 1 ]:\n			uniqueId: 13\n			name: FCE-LTER\n		[ 2 ]:\n			uniqueId: 14\n			name: GCE-LTER\n		[ 3 ]:\n			uniqueId: 16\n			name: HBR-LTER\n		[ 4 ]:\n			uniqueId: 21\n			name: MCM-LTER\n		[ 5 ]:\n			uniqueId: 24\n			name: NTL-LTER\n		[ 6 ]:\n			uniqueId: 23\n			name: NWT-LTER\n		[ 7 ]:\n			uniqueId: 4\n			name: PAL-LTER\n		[ 8 ]:\n			uniqueId: 25\n			name: PIE-LTER\n	quantity:\n		uniqueId: 45\n		name: dimensionless\n	timestamp: 2011-01-04 12:27:11\n\n'),(79,'Unit',1023,'05f0c51863f56536198b5531321862c6','2011-01-04 19:28:30',NULL),(80,'Unit',203,'05f0c51863f56536198b5531321862c6','2011-01-04 19:29:09','Entity: Unit\n	uniqueId: 203\n	name: kilogramPerMeterCubed\n	abbreviation: \n	description: kilogram per cubic meter\n	scopes:\n		[ 0 ]:\n			uniqueId: 3\n			name: EML-LTER\n		[ 1 ]:\n			uniqueId: 19\n			name: KNZ-LTER\n	quantity:\n		uniqueId: 27\n		name: massDensity\n	timestamp: 2011-01-04 12:23:49\n\n'),(81,'Unit',262,'05f0c51863f56536198b5531321862c6','2011-01-04 19:29:33','Entity: Unit\n	uniqueId: 262\n	name: microgramPerLiter\n	abbreviation: ?g/l\n	description: micrograms / liter\n	parentSI:\n		uniqueId: 19\n		name: kilogramPerCubicMeter\n		siMultiplier: 0.000001\n		siConstant: \n	scopes:\n		[ 0 ]:\n			uniqueId: 7\n			name: ARC-LTER\n		[ 1 ]:\n			uniqueId: 3\n			name: EML-LTER\n		[ 2 ]:\n			uniqueId: 19\n			name: KNZ-LTER\n		[ 3 ]:\n			uniqueId: 24\n			name: NTL-LTER\n		[ 4 ]:\n			uniqueId: 25\n			name: PIE-LTER\n	quantity:\n		uniqueId: 27\n		name: massDensity\n	timestamp: 2011-01-04 12:22:16\n\n'),(82,'Unit',262,'05f0c51863f56536198b5531321862c6','2011-01-04 19:29:53','Entity: Unit\n	uniqueId: 262\n	name: microgramPerLiter\n	abbreviation: µg/l\n	description: micrograms / liter\n	parentSI:\n		uniqueId: 19\n		name: kilogramPerCubicMeter\n		siMultiplier: 0.000001\n		siConstant: \n	scopes:\n		[ 0 ]:\n			uniqueId: 7\n			name: ARC-LTER\n		[ 1 ]:\n			uniqueId: 3\n			name: EML-LTER\n		[ 2 ]:\n			uniqueId: 19\n			name: KNZ-LTER\n		[ 3 ]:\n			uniqueId: 24\n			name: NTL-LTER\n		[ 4 ]:\n			uniqueId: 25\n			name: PIE-LTER\n	quantity:\n		uniqueId: 27\n		name: massDensity\n	timestamp: 2011-01-04 12:29:33\n\n'),(83,'Unit',266,'05f0c51863f56536198b5531321862c6','2011-01-04 19:30:06','Entity: Unit\n	uniqueId: 266\n	name: milligramPerLiter\n	abbreviation: mg/l\n	description: milligrams / liter\n	parentSI:\n		uniqueId: 19\n		name: kilogramPerCubicMeter\n		siMultiplier: 0.001\n		siConstant: \n	scopes:\n		[ 0 ]:\n			uniqueId: 3\n			name: EML-LTER\n		[ 1 ]:\n			uniqueId: 19\n			name: KNZ-LTER\n		[ 2 ]:\n			uniqueId: 24\n			name: NTL-LTER\n	quantity:\n		uniqueId: 27\n		name: massDensity\n	timestamp: 2011-01-04 12:21:53\n\n'),(84,'Unit',365,'05f0c51863f56536198b5531321862c6','2011-01-04 19:31:17','Entity: Unit\n	uniqueId: 365\n	name: numberPerOneTenthofMeterSquared\n	abbreviation: number/0.1m2\n	description: number per one tenth of a square meter\n	parentSI:\n		uniqueId: 107\n		name: numberPerMeterSquared\n		siMultiplier: 0.1\n		siConstant: \n	scopes:\n		[ 0 ]:\n			uniqueId: 25\n			name: PIE-LTER\n	quantity:\n		uniqueId: 30\n		name: arealDensity\n	timestamp: 2010-06-17 14:07:58\n\n'),(85,'Unit',356,'05f0c51863f56536198b5531321862c6','2011-01-04 19:31:58','Entity: Unit\n	uniqueId: 356\n	name: gramPerOneTenthofMeterSquared\n	abbreviation: g/0.01m2\n	description: grams of substance per one tenth of a square meter, 31.6 cm x 31.6 cm quadrat\n	parentSI:\n		uniqueId: 202\n		name: kilogramPerMeterSquared\n		siMultiplier: 0.01\n		siConstant: \n	scopes:\n		[ 0 ]:\n			uniqueId: 25\n			name: PIE-LTER\n	quantity:\n		uniqueId: 5\n		name: arealMassDensity\n	timestamp: 2010-06-17 13:10:00\n\n'),(86,'Unit',1024,'05f0c51863f56536198b5531321862c6','2011-01-04 19:33:26',NULL),(87,'Unit',616,'05f0c51863f56536198b5531321862c6','2011-01-04 19:33:58','Entity: Unit\n	uniqueId: 616\n	name: day\n	abbreviation: day\n	description: day (86400 seconds)\n	parentSI:\n		uniqueId: 52\n		name: second\n		siMultiplier: 86400\n		siConstant: 0\n	scopes:\n		[ 0 ]:\n			uniqueId: 14\n			name: GCE-LTER\n	quantity:\n		uniqueId: 31\n		name: time\n	timestamp: \n\n'),(88,'Unit',1025,'05f0c51863f56536198b5531321862c6','2011-01-04 19:35:13',NULL),(89,'Unit',336,'05f0c51863f56536198b5531321862c6','2011-01-04 19:35:47','Entity: Unit\n	uniqueId: 336\n	name: poundsPerAcre\n	abbreviation: \n	description: \n	parentSI:\n		uniqueId: 36\n		name: kilogramsPerHectare\n		siMultiplier: 1.14\n		siConstant: \n	scopes:\n		[ 0 ]:\n			uniqueId: 18\n			name: KBS-LTER\n	quantity:\n		uniqueId: 5\n		name: arealMassDensity\n	timestamp: \n\n'),(90,'Unit',630,'05f0c51863f56536198b5531321862c6','2011-01-04 19:36:18','Entity: Unit\n	uniqueId: 630\n	name: partsPerMillion\n	abbreviation: ppm\n	description: ratio of two quantities as parts per million (1:1000000)\n	scopes:\n		[ 0 ]:\n			uniqueId: 14\n			name: GCE-LTER\n		[ 1 ]:\n			uniqueId: 15\n			name: HFR-LTER\n		[ 2 ]:\n			uniqueId: 23\n			name: NWT-LTER\n	quantity:\n		uniqueId: 45\n		name: dimensionless\n	timestamp: \n\n'),(91,'Unit',710,'05f0c51863f56536198b5531321862c6','2011-01-04 19:36:52','Entity: Unit\n	uniqueId: 710\n	name: partsPerBillion\n	abbreviation: ppb\n	description: parts per billion\n	scopes:\n		[ 0 ]:\n			uniqueId: 15\n			name: HFR-LTER\n		[ 1 ]:\n			uniqueId: 23\n			name: NWT-LTER\n	quantity:\n		uniqueId: 45\n		name: dimensionless\n	timestamp: \n\n'),(92,'Unit',1026,'05f0c51863f56536198b5531321862c6','2011-01-04 19:38:28',NULL),(93,'Unit',1027,'05f0c51863f56536198b5531321862c6','2011-01-04 19:38:52',NULL),(94,'Unit',1028,'05f0c51863f56536198b5531321862c6','2011-02-02 19:04:20',NULL),(95,'Unit',1028,'05f0c51863f56536198b5531321862c6','2011-02-02 19:05:37','Entity: Unit\n	uniqueId: 1028\n	name: milligramsPerMeterCubedPerHalfDay\n	abbreviation: mg/m³/.5day\n	description: volumetric primary production rate\n	scopes:\n		[ 0 ]:\n			uniqueId: 5\n			name: CCE-LTER\n	quantity:\n		uniqueId: 16\n		name: volumetricMassDensityRate\n	timestamp: 2011-02-02 12:04:20\n\n'),(96,'Unit',1028,'05f0c51863f56536198b5531321862c6','2011-02-02 19:06:29','Entity: Unit\n	uniqueId: 1028\n	name: milligramPerMeterCubedPerHalfDay\n	abbreviation: mg/m³/.5day\n	description: volumetric primary production rate\n	scopes:\n		[ 0 ]:\n			uniqueId: 5\n			name: CCE-LTER\n	quantity:\n		uniqueId: 16\n		name: volumetricMassDensityRate\n	timestamp: 2011-02-02 12:05:37\n\n'),(97,'Unit',1029,'05f0c51863f56536198b5531321862c6','2011-02-02 19:07:41',NULL),(98,'Unit',1028,'20bcbf4766037e74d6c47ebb0f84b810','2011-02-04 00:21:04','Entity: Unit\n	uniqueId: 1028\n	name: milligramPerMeterCubedPerHalfDay\n	abbreviation: mg/m³/.5day\n	description: volumetric primary production rate\n	scopes:\n		[ 0 ]:\n			uniqueId: 5\n			name: CCE-LTER\n	quantity:\n		uniqueId: 16\n		name: volumetricMassDensityRate\n	timestamp: 2011-02-02 12:06:29\n\n'),(99,'Unit',1029,'20bcbf4766037e74d6c47ebb0f84b810','2011-02-04 00:21:16','Entity: Unit\n	uniqueId: 1029\n	name: milligramPerMeterSquaredPerHalfDay\n	abbreviation: mg/m²/.5day\n	description: volumetric primary production rate\n	scopes:\n		[ 0 ]:\n			uniqueId: 5\n			name: CCE-LTER\n	quantity:\n		uniqueId: 41\n		name: arealMassDensityRate\n	timestamp: 2011-02-02 12:07:41\n\n'),(100,'Unit',340,'84c7a43b6f03e26c7732e65222e96c5a','2011-02-09 17:56:02','Entity: Unit\n	uniqueId: 340\n	name: gramsPerHectograms\n	abbreviation: \n	description: \n	parentSI:\n		uniqueId: 94\n		name: gramsPerGram\n		siMultiplier: 0.01\n		siConstant: \n	scopes:\n		[ 0 ]:\n			uniqueId: 18\n			name: KBS-LTER\n	quantity:\n		uniqueId: 9\n		name: massPerMass\n	timestamp: \n\n'),(101,'Unit',337,'84c7a43b6f03e26c7732e65222e96c5a','2011-02-09 18:06:40','Entity: Unit\n	uniqueId: 337\n	name: tonnesPerAcre\n	abbreviation: \n	description: \n	parentSI:\n		uniqueId: 36\n		name: kilogramsPerHectare\n		siMultiplier: 1000\n		siConstant: \n	scopes:\n		[ 0 ]:\n			uniqueId: 18\n			name: KBS-LTER\n	quantity:\n		uniqueId: 5\n		name: arealMassDensity\n	timestamp: \n\n'),(102,'Unit',336,'84c7a43b6f03e26c7732e65222e96c5a','2011-02-09 18:06:57','Entity: Unit\n	uniqueId: 336\n	name: poundsPerAcre\n	abbreviation: \n	description: \n	parentSI:\n		uniqueId: 36\n		name: kilogramsPerHectare\n		siMultiplier: 1.14\n		siConstant: \n	scopes:\n		[ 0 ]:\n			uniqueId: 18\n			name: KBS-LTER\n		[ 1 ]:\n			uniqueId: 19\n			name: KNZ-LTER\n	quantity:\n		uniqueId: 5\n		name: arealMassDensity\n	timestamp: 2011-01-04 12:35:47\n\n'),(103,'Unit',245,'20bcbf4766037e74d6c47ebb0f84b810','2011-02-18 16:56:11','Entity: Unit\n	uniqueId: 245\n	name: gramPerMeterSquaredPerYear\n	abbreviation: \n	description: grams Per Meter Squared Per Year\n	parentSI:\n		uniqueId: 12\n		name: kilogramsPerMeterSquaredPerSecond\n		siMultiplier: 0.0000000000317098\n		siConstant: \n	scopes:\n		[ 0 ]:\n			uniqueId: 3\n			name: EML-LTER\n	quantity:\n		uniqueId: 41\n		name: arealMassDensityRate\n	timestamp: \n\n'),(104,'Unit',218,'20bcbf4766037e74d6c47ebb0f84b810','2011-02-18 16:56:39','Entity: Unit\n	uniqueId: 218\n	name: kilogramPerMeterSquaredPerYear\n	abbreviation: \n	description: kilograms Per Meter Squared Per Year\n	parentSI:\n		uniqueId: 12\n		name: kilogramsPerMeterSquaredPerSecond\n		siMultiplier: 317\n		siConstant: \n	scopes:\n		[ 0 ]:\n			uniqueId: 3\n			name: EML-LTER\n	quantity:\n		uniqueId: 41\n		name: arealMassDensityRate\n	timestamp: \n\n'),(105,'Unit',500,'1990caa52a45c6fac9a678bf36c164e2','2011-05-13 13:40:10','Entity: Unit\n	uniqueId: 500\n	name: degrees latitude or longitude\n	abbreviation: degrees lat-lon\n	description: degrees; latitude (parallel) or longitude (meridian)\n	scopes:\n		[ 0 ]:\n			uniqueId: 6\n			name: AND-LTER\n		[ 1 ]:\n			uniqueId: 9\n			name: BNZ-LTER\n	quantity:\n		uniqueId: 70\n		name: latitudeLongitude\n	timestamp: \n\n'),(106,'Unit',155,'47347b29c88d259d5b47df51a1af223b','2011-07-20 17:15:55','Entity: Unit\n	uniqueId: 155\n	name: numberPerMilliliter\n	abbreviation: \n	description: number of entities per milliliter\n	parentSI:\n		uniqueId: 34\n		name: numberPerMeterCubed\n		siMultiplier: 0.000001\n		siConstant: \n	scopes:\n		[ 0 ]:\n			uniqueId: 1\n			name: EML-2.0.1\n		[ 1 ]:\n			uniqueId: 2\n			name: EML-2.1.0\n		[ 2 ]:\n			uniqueId: 3\n			name: EML-LTER\n		[ 3 ]:\n			uniqueId: 22\n			name: MCR-LTER\n		[ 4 ]:\n			uniqueId: 24\n			name: NTL-LTER\n	quantity:\n		uniqueId: 52\n		name: volumetricDensity\n	timestamp: \n\n'),(107,'Unit',1232,'fce1671c404e7f750cc3b036d1da7bf7','2011-09-01 21:41:39',NULL),(108,'Unit',1232,'fce1671c404e7f750cc3b036d1da7bf7','2011-09-01 21:42:06','Entity: Unit\n	uniqueId: 1232\n	name: dekajoulePerKilogram\n	abbreviation: daJ/kg\n	description: unit of gravity potential\n	parentSI:\n		uniqueId: 951\n		name: joulePerKilogram\n		siMultiplier: 0.1\n		siConstant: \n	scopes:\n	quantity:\n		uniqueId: 22\n		name: specificEnergy\n	timestamp: 2011-09-01 15:41:39\n\n'),(109,'Unit',571,'84c7a43b6f03e26c7732e65222e96c5a','2012-10-03 16:21:16','Entity: Unit\n	uniqueId: 571\n	name: megaJoulesPerSquareMeter\n	abbreviation: MJ/M^2\n	description: A measure of solar radiation energy per unit area\n	scopes:\n		[ 0 ]:\n			uniqueId: 11\n			name: CAP-LTER\n		[ 1 ]:\n			uniqueId: 16\n			name: HBR-LTER\n		[ 2 ]:\n			uniqueId: 23\n			name: NWT-LTER\n	timestamp: \n\n'),(110,'Unit',351,'84c7a43b6f03e26c7732e65222e96c5a','2012-10-03 16:41:26','Entity: Unit\n	uniqueId: 351\n	name: nanogramsPerGramPerDay\n	abbreviation: \n	description: \n	scopes:\n		[ 0 ]:\n			uniqueId: 18\n			name: KBS-LTER\n	quantity:\n		uniqueId: 59\n		name: massPerMassFlux\n	timestamp: \n\n'),(111,'Unit',351,'84c7a43b6f03e26c7732e65222e96c5a','2012-10-03 16:41:47','Entity: Unit\n	uniqueId: 351\n	name: nanogramsPerGramPerDay\n	abbreviation: \n	description: \n	parentSI:\n		uniqueId: 352\n		name: microgramsPerGramPerDay\n		siMultiplier: 0.001\n		siConstant: \n	scopes:\n		[ 0 ]:\n			uniqueId: 18\n			name: KBS-LTER\n	quantity:\n		uniqueId: 59\n		name: massPerMassFlux\n	timestamp: 2012-10-03 10:41:26\n\n'),(112,'Unit',25,'9303841f49321b5a80f6fc9d08280994','2012-10-03 18:08:16','Entity: Unit\n	uniqueId: 25\n	name: acre\n	abbreviation: a\n	description: 1 acre = 4046.8564 square meters or 1 hectare = 2.4710 acres\n	parentSI:\n		uniqueId: 10\n		name: squareMeter\n		siMultiplier: 4046.86\n		siConstant: \n	scopes:\n		[ 0 ]:\n			uniqueId: 9\n			name: BNZ-LTER\n		[ 1 ]:\n			uniqueId: 1\n			name: EML-2.0.1\n		[ 2 ]:\n			uniqueId: 2\n			name: EML-2.1.0\n		[ 3 ]:\n			uniqueId: 3\n			name: EML-LTER\n	quantity:\n		uniqueId: 32\n		name: area\n	timestamp: \n\n'),(113,'Unit',1233,'9303841f49321b5a80f6fc9d08280994','2012-10-03 18:14:21',NULL),(114,'Unit',130,'9303841f49321b5a80f6fc9d08280994','2012-10-03 18:17:11','Entity: Unit\n	uniqueId: 130\n	name: atmosphere\n	abbreviation: atm\n	description: 1 atmosphere = 101325 pascals \n	parentSI:\n		uniqueId: 104\n		name: pascal\n		siMultiplier: 101325\n		siConstant: \n	scopes:\n		[ 0 ]:\n			uniqueId: 6\n			name: AND-LTER\n		[ 1 ]:\n			uniqueId: 1\n			name: EML-2.0.1\n		[ 2 ]:\n			uniqueId: 2\n			name: EML-2.1.0\n		[ 3 ]:\n			uniqueId: 3\n			name: EML-LTER\n	quantity:\n		uniqueId: 2\n		name: pressure\n	timestamp: \n\n'),(115,'Unit',540,'9303841f49321b5a80f6fc9d08280994','2012-10-03 18:18:13','Entity: Unit\n	uniqueId: 540\n	name: bar\n	abbreviation: bar\n	description: 1 bar = 100000 pascals; =0.9869 atmospheres; =0.1 megapascal (MPa);  =100 kilopascals (kPa)\n	parentSI:\n		uniqueId: 104\n		name: pascal\n		siMultiplier: 100000\n		siConstant: \n	scopes:\n		[ 0 ]:\n			uniqueId: 6\n			name: AND-LTER\n	quantity:\n		uniqueId: 2\n		name: pressure\n	timestamp: \n\n'),(116,'Unit',65,'9303841f49321b5a80f6fc9d08280994','2012-10-03 18:19:12','Entity: Unit\n	uniqueId: 65\n	name: becquerel\n	abbreviation: Bq\n	description: becquerel\n	scopes:\n		[ 0 ]:\n			uniqueId: 1\n			name: EML-2.0.1\n		[ 1 ]:\n			uniqueId: 2\n			name: EML-2.1.0\n		[ 2 ]:\n			uniqueId: 3\n			name: EML-LTER\n	quantity:\n		uniqueId: 12\n		name: radionucleotideActivity\n	timestamp: \n\n'),(117,'Unit',66,'9303841f49321b5a80f6fc9d08280994','2012-10-03 18:20:09','Entity: Unit\n	uniqueId: 66\n	name: britishThermalUnit\n	abbreviation: btu\n	description: 1 btu = 1055.0559 J\n	parentSI:\n		uniqueId: 23\n		name: joule\n		siMultiplier: 1055.06\n		siConstant: \n	scopes:\n		[ 0 ]:\n			uniqueId: 1\n			name: EML-2.0.1\n		[ 1 ]:\n			uniqueId: 2\n			name: EML-2.1.0\n		[ 2 ]:\n			uniqueId: 3\n			name: EML-LTER\n	quantity:\n		uniqueId: 29\n		name: energy\n	timestamp: \n\n'),(118,'Unit',174,'9303841f49321b5a80f6fc9d08280994','2012-10-03 18:20:41','Entity: Unit\n	uniqueId: 174\n	name: bushel\n	abbreviation: b\n	description: 1 bushel = 35.23907 liters\n	parentSI:\n		uniqueId: 133\n		name: liter\n		siMultiplier: 0.035239\n		siConstant: \n	scopes:\n		[ 0 ]:\n			uniqueId: 1\n			name: EML-2.0.1\n		[ 1 ]:\n			uniqueId: 2\n			name: EML-2.1.0\n		[ 2 ]:\n			uniqueId: 3\n			name: EML-LTER\n	quantity:\n		uniqueId: 42\n		name: volume\n	timestamp: \n\n'),(119,'Unit',76,'9303841f49321b5a80f6fc9d08280994','2012-10-03 18:21:09','Entity: Unit\n	uniqueId: 76\n	name: bushelsPerAcre\n	abbreviation: \n	description: bushels per acre -- 1 bushel = 35.23907 liters/1 acre = 4046.8564 squareMeters\n	parentSI:\n		uniqueId: 40\n		name: litersPerSquareMeter\n		siMultiplier: 0.0087\n		siConstant: \n	deprecatedTo:\n		uniqueId: 227\n		name: bushelPerAcre\n		deprecatedDueTo: \n	scopes:\n		[ 0 ]:\n			uniqueId: 1\n			name: EML-2.0.1\n		[ 1 ]:\n			uniqueId: 2\n			name: EML-2.1.0\n	quantity:\n		uniqueId: 44\n		name: volumetricArea\n	timestamp: \n\n'),(120,'Unit',76,'9303841f49321b5a80f6fc9d08280994','2012-10-03 18:21:21','Entity: Unit\n	uniqueId: 76\n	name: bushelsPerAcre\n	abbreviation: \n	description: bushels per acre -- 1 bushel = 35.23907 liters/1 acre = 4046.8564 squareMeters\n	parentSI:\n		uniqueId: 40\n		name: litersPerSquareMeter\n		siMultiplier: 0.0087\n		siConstant: \n	deprecatedTo:\n		uniqueId: 227\n		name: bushelPerAcre\n		deprecatedDueTo: \n	scopes:\n		[ 0 ]:\n			uniqueId: 1\n			name: EML-2.0.1\n		[ 1 ]:\n			uniqueId: 2\n			name: EML-2.1.0\n		[ 2 ]:\n			uniqueId: 28\n			name: SGS-LTER\n	quantity:\n		uniqueId: 44\n		name: volumetricArea\n	timestamp: 2012-10-03 12:21:09\n\n'),(121,'Unit',117,'9303841f49321b5a80f6fc9d08280994','2012-10-03 18:21:52','Entity: Unit\n	uniqueId: 117\n	name: calorie\n	abbreviation: cal\n	description: 1 cal = 4.1868 J\n	parentSI:\n		uniqueId: 23\n		name: joule\n		siMultiplier: 4.1868\n		siConstant: \n	scopes:\n		[ 0 ]:\n			uniqueId: 1\n			name: EML-2.0.1\n		[ 1 ]:\n			uniqueId: 2\n			name: EML-2.1.0\n		[ 2 ]:\n			uniqueId: 3\n			name: EML-LTER\n	quantity:\n		uniqueId: 29\n		name: energy\n	timestamp: \n\n'),(122,'Unit',117,'9303841f49321b5a80f6fc9d08280994','2012-10-03 18:22:12','Entity: Unit\n	uniqueId: 117\n	name: calorie\n	abbreviation: cal\n	description: 1 cal = 4.1868 J\n	parentSI:\n		uniqueId: 23\n		name: joule\n		siMultiplier: 4.1868\n		siConstant: \n	scopes:\n		[ 0 ]:\n			uniqueId: 1\n			name: EML-2.0.1\n		[ 1 ]:\n			uniqueId: 2\n			name: EML-2.1.0\n		[ 2 ]:\n			uniqueId: 3\n			name: EML-LTER\n		[ 3 ]:\n			uniqueId: 28\n			name: SGS-LTER\n	quantity:\n		uniqueId: 29\n		name: energy\n	timestamp: 2012-10-03 12:21:52\n\n'),(123,'Unit',148,'9303841f49321b5a80f6fc9d08280994','2012-10-03 18:27:52','Entity: Unit\n	uniqueId: 148\n	name: celsius\n	abbreviation: C\n	description: A common unit of temperature\n	parentSI:\n		uniqueId: 57\n		name: kelvin\n		siMultiplier: 1\n		siConstant: 273.18\n	scopes:\n		[ 0 ]:\n			uniqueId: 6\n			name: AND-LTER\n		[ 1 ]:\n			uniqueId: 9\n			name: BNZ-LTER\n		[ 2 ]:\n			uniqueId: 1\n			name: EML-2.0.1\n		[ 3 ]:\n			uniqueId: 2\n			name: EML-2.1.0\n		[ 4 ]:\n			uniqueId: 3\n			name: EML-LTER\n		[ 5 ]:\n			uniqueId: 20\n			name: LUQ-LTER\n	quantity:\n		uniqueId: 18\n		name: temperature\n	timestamp: \n\n'),(124,'Unit',147,'9303841f49321b5a80f6fc9d08280994','2012-10-03 18:28:17','Entity: Unit\n	uniqueId: 147\n	name: centigram\n	abbreviation: cg\n	description: 0.00001 kg\n	parentSI:\n		uniqueId: 44\n		name: kilogram\n		siMultiplier: 0.00001\n		siConstant: \n	scopes:\n		[ 0 ]:\n			uniqueId: 1\n			name: EML-2.0.1\n		[ 1 ]:\n			uniqueId: 2\n			name: EML-2.1.0\n		[ 2 ]:\n			uniqueId: 3\n			name: EML-LTER\n	quantity:\n		uniqueId: 13\n		name: mass\n	timestamp: \n\n'),(125,'Unit',169,'9303841f49321b5a80f6fc9d08280994','2012-10-03 18:30:26','Entity: Unit\n	uniqueId: 169\n	name: centimeter\n	abbreviation: cm\n	description: .01 meters\n	parentSI:\n		uniqueId: 79\n		name: meter\n		siMultiplier: 0.01\n		siConstant: \n	scopes:\n		[ 0 ]:\n			uniqueId: 6\n			name: AND-LTER\n		[ 1 ]:\n			uniqueId: 9\n			name: BNZ-LTER\n		[ 2 ]:\n			uniqueId: 10\n			name: CDR-LTER\n		[ 3 ]:\n			uniqueId: 1\n			name: EML-2.0.1\n		[ 4 ]:\n			uniqueId: 2\n			name: EML-2.1.0\n		[ 5 ]:\n			uniqueId: 3\n			name: EML-LTER\n		[ 6 ]:\n			uniqueId: 20\n			name: LUQ-LTER\n	quantity:\n		uniqueId: 48\n		name: length\n	timestamp: \n\n'),(126,'Unit',169,'9303841f49321b5a80f6fc9d08280994','2012-10-03 18:37:10','Entity: Unit\n	uniqueId: 169\n	name: centimeter\n	abbreviation: cm\n	description: .01 meters\n	parentSI:\n		uniqueId: 79\n		name: meter\n		siMultiplier: 0.01\n		siConstant: \n	scopes:\n		[ 0 ]:\n			uniqueId: 6\n			name: AND-LTER\n		[ 1 ]:\n			uniqueId: 9\n			name: BNZ-LTER\n		[ 2 ]:\n			uniqueId: 10\n			name: CDR-LTER\n		[ 3 ]:\n			uniqueId: 1\n			name: EML-2.0.1\n		[ 4 ]:\n			uniqueId: 2\n			name: EML-2.1.0\n		[ 5 ]:\n			uniqueId: 3\n			name: EML-LTER\n		[ 6 ]:\n			uniqueId: 20\n			name: LUQ-LTER\n		[ 7 ]:\n			uniqueId: 28\n			name: SGS-LTER\n	quantity:\n		uniqueId: 48\n		name: length\n	timestamp: 2012-10-03 12:30:26\n\n'),(127,'Unit',172,'9303841f49321b5a80f6fc9d08280994','2012-10-03 18:37:37','Entity: Unit\n	uniqueId: 172\n	name: centimeterPerYear\n	abbreviation: cm/year\n	description: centimeter Per Year\n	parentSI:\n		uniqueId: 113\n		name: metersPerSecond\n		siMultiplier: 0.000000000317098\n		siConstant: \n	scopes:\n		[ 0 ]:\n			uniqueId: 1\n			name: EML-2.0.1\n		[ 1 ]:\n			uniqueId: 2\n			name: EML-2.1.0\n		[ 2 ]:\n			uniqueId: 3\n			name: EML-LTER\n	quantity:\n		uniqueId: 38\n		name: speed\n	timestamp: \n\n'),(128,'Unit',181,'9303841f49321b5a80f6fc9d08280994','2012-10-03 18:38:03','Entity: Unit\n	uniqueId: 181\n	name: centimetersPerSecond\n	abbreviation: cm/s\n	description: centimeters per second\n	parentSI:\n		uniqueId: 113\n		name: metersPerSecond\n		siMultiplier: 0.01\n		siConstant: \n	deprecatedTo:\n		uniqueId: 258\n		name: centimeterPerSecond\n		deprecatedDueTo: \n	scopes:\n		[ 0 ]:\n			uniqueId: 1\n			name: EML-2.0.1\n		[ 1 ]:\n			uniqueId: 2\n			name: EML-2.1.0\n		[ 2 ]:\n			uniqueId: 20\n			name: LUQ-LTER\n	quantity:\n		uniqueId: 38\n		name: speed\n	timestamp: \n\n'),(129,'Unit',27,'9303841f49321b5a80f6fc9d08280994','2012-10-03 18:38:26','Entity: Unit\n	uniqueId: 27\n	name: cubicCentimetersPerCubicCentimeters\n	abbreviation: \n	description: cubic centimeters per cubic centimeter\n	deprecatedTo:\n		uniqueId: 207\n		name: centimeterCubedPerCentimeterCubed\n		deprecatedDueTo: \n	scopes:\n		[ 0 ]:\n			uniqueId: 1\n			name: EML-2.0.1\n		[ 1 ]:\n			uniqueId: 2\n			name: EML-2.1.0\n	quantity:\n		uniqueId: 11\n		name: volumePerVolume\n	timestamp: \n\n'),(130,'Unit',141,'9303841f49321b5a80f6fc9d08280994','2012-10-03 18:38:48','Entity: Unit\n	uniqueId: 141\n	name: cubicInch\n	abbreviation: in³\n	description: cubic inch\n	parentSI:\n		uniqueId: 133\n		name: liter\n		siMultiplier: 0.0000163871\n		siConstant: \n	deprecatedTo:\n		uniqueId: 247\n		name: inchCubed\n		deprecatedDueTo: \n	scopes:\n		[ 0 ]:\n			uniqueId: 1\n			name: EML-2.0.1\n		[ 1 ]:\n			uniqueId: 2\n			name: EML-2.1.0\n	quantity:\n		uniqueId: 42\n		name: volume\n	timestamp: \n\n'),(131,'Unit',20,'9303841f49321b5a80f6fc9d08280994','2012-10-03 18:39:34','Entity: Unit\n	uniqueId: 20\n	name: cubicMeter\n	abbreviation: m³\n	description: cubic meter\n	deprecatedTo:\n		uniqueId: 204\n		name: meterCubed\n		deprecatedDueTo: \n	scopes:\n		[ 0 ]:\n			uniqueId: 6\n			name: AND-LTER\n		[ 1 ]:\n			uniqueId: 1\n			name: EML-2.0.1\n		[ 2 ]:\n			uniqueId: 2\n			name: EML-2.1.0\n		[ 3 ]:\n			uniqueId: 20\n			name: LUQ-LTER\n	quantity:\n		uniqueId: 42\n		name: volume\n	timestamp: \n\n'),(132,'Unit',145,'9303841f49321b5a80f6fc9d08280994','2012-10-03 18:39:53','Entity: Unit\n	uniqueId: 145\n	name: decigram\n	abbreviation: dg\n	description: 0.0001 kg\n	parentSI:\n		uniqueId: 44\n		name: kilogram\n		siMultiplier: 0.0001\n		siConstant: \n	scopes:\n		[ 0 ]:\n			uniqueId: 1\n			name: EML-2.0.1\n		[ 1 ]:\n			uniqueId: 2\n			name: EML-2.1.0\n		[ 2 ]:\n			uniqueId: 3\n			name: EML-LTER\n	quantity:\n		uniqueId: 13\n		name: mass\n	timestamp: \n\n'),(133,'Unit',149,'9303841f49321b5a80f6fc9d08280994','2012-10-03 18:40:12','Entity: Unit\n	uniqueId: 149\n	name: decimeter\n	abbreviation: dm\n	description: .1 meters\n	parentSI:\n		uniqueId: 79\n		name: meter\n		siMultiplier: 0.1\n		siConstant: \n	scopes:\n		[ 0 ]:\n			uniqueId: 6\n			name: AND-LTER\n		[ 1 ]:\n			uniqueId: 1\n			name: EML-2.0.1\n		[ 2 ]:\n			uniqueId: 2\n			name: EML-2.1.0\n		[ 3 ]:\n			uniqueId: 3\n			name: EML-LTER\n	quantity:\n		uniqueId: 48\n		name: length\n	timestamp: \n\n'),(134,'Unit',498,'9303841f49321b5a80f6fc9d08280994','2012-10-03 18:40:58','Entity: Unit\n	uniqueId: 498\n	name: degree\n	abbreviation: º\n	description: 360 degrees comprise a unit circle; degrees used for angle and slope\n	parentSI:\n		uniqueId: 21\n		name: radian\n		siMultiplier: 0.0174533\n		siConstant: \n	scopes:\n		[ 0 ]:\n			uniqueId: 6\n			name: AND-LTER\n		[ 1 ]:\n			uniqueId: 9\n			name: BNZ-LTER\n		[ 2 ]:\n			uniqueId: 20\n			name: LUQ-LTER\n	quantity:\n		uniqueId: 46\n		name: angle\n	timestamp: \n\n'),(135,'Unit',86,'9303841f49321b5a80f6fc9d08280994','2012-10-03 18:41:19','Entity: Unit\n	uniqueId: 86\n	name: dekagram\n	abbreviation: dag\n	description: .01 kg\n	parentSI:\n		uniqueId: 44\n		name: kilogram\n		siMultiplier: 0.01\n		siConstant: \n	scopes:\n		[ 0 ]:\n			uniqueId: 1\n			name: EML-2.0.1\n		[ 1 ]:\n			uniqueId: 2\n			name: EML-2.1.0\n		[ 2 ]:\n			uniqueId: 3\n			name: EML-LTER\n	quantity:\n		uniqueId: 13\n		name: mass\n	timestamp: \n\n'),(136,'Unit',140,'9303841f49321b5a80f6fc9d08280994','2012-10-03 18:41:40','Entity: Unit\n	uniqueId: 140\n	name: dekameter\n	abbreviation: dam\n	description: 10 meters\n	parentSI:\n		uniqueId: 79\n		name: meter\n		siMultiplier: 10\n		siConstant: \n	scopes:\n		[ 0 ]:\n			uniqueId: 1\n			name: EML-2.0.1\n		[ 1 ]:\n			uniqueId: 2\n			name: EML-2.1.0\n		[ 2 ]:\n			uniqueId: 3\n			name: EML-LTER\n	quantity:\n		uniqueId: 48\n		name: length\n	timestamp: \n\n'),(137,'Unit',119,'9303841f49321b5a80f6fc9d08280994','2012-10-03 18:41:59','Entity: Unit\n	uniqueId: 119\n	name: dimensionless\n	abbreviation: \n	description: a designation asserting the absence of an associated unit\n	scopes:\n		[ 0 ]:\n			uniqueId: 10\n			name: CDR-LTER\n		[ 1 ]:\n			uniqueId: 1\n			name: EML-2.0.1\n		[ 2 ]:\n			uniqueId: 2\n			name: EML-2.1.0\n		[ 3 ]:\n			uniqueId: 3\n			name: EML-LTER\n		[ 4 ]:\n			uniqueId: 20\n			name: LUQ-LTER\n	quantity:\n		uniqueId: 45\n		name: dimensionless\n	timestamp: \n\n'),(138,'Unit',74,'9303841f49321b5a80f6fc9d08280994','2012-10-03 18:42:26','Entity: Unit\n	uniqueId: 74\n	name: fahrenheit\n	abbreviation: F\n	description: An obsolescent unit of temperature still used in popular meteorology\n	parentSI:\n		uniqueId: 57\n		name: kelvin\n		siMultiplier: 0.556\n		siConstant: 255.402\n	deprecatedTo:\n		uniqueId: 225\n		name: fahrenheitDegree\n		deprecatedDueTo: \n	scopes:\n		[ 0 ]:\n			uniqueId: 6\n			name: AND-LTER\n		[ 1 ]:\n			uniqueId: 9\n			name: BNZ-LTER\n		[ 2 ]:\n			uniqueId: 1\n			name: EML-2.0.1\n		[ 3 ]:\n			uniqueId: 2\n			name: EML-2.1.0\n		[ 4 ]:\n			uniqueId: 20\n			name: LUQ-LTER\n	quantity:\n		uniqueId: 18\n		name: temperature\n	timestamp: \n\n'),(139,'Unit',95,'9303841f49321b5a80f6fc9d08280994','2012-10-03 19:09:27','Entity: Unit\n	uniqueId: 95\n	name: farad\n	abbreviation: F\n	description: farad\n	scopes:\n		[ 0 ]:\n			uniqueId: 1\n			name: EML-2.0.1\n		[ 1 ]:\n			uniqueId: 2\n			name: EML-2.1.0\n		[ 2 ]:\n			uniqueId: 3\n			name: EML-LTER\n	quantity:\n		uniqueId: 17\n		name: capacitance\n	timestamp: \n\n'),(140,'Unit',95,'9303841f49321b5a80f6fc9d08280994','2012-10-03 19:11:05','Entity: Unit\n	uniqueId: 95\n	name: farad\n	abbreviation: F\n	description: farad\n	scopes:\n		[ 0 ]:\n			uniqueId: 1\n			name: EML-2.0.1\n		[ 1 ]:\n			uniqueId: 2\n			name: EML-2.1.0\n		[ 2 ]:\n			uniqueId: 3\n			name: EML-LTER\n		[ 3 ]:\n			uniqueId: 28\n			name: SGS-LTER\n	quantity:\n		uniqueId: 17\n		name: capacitance\n	timestamp: 2012-10-03 13:09:27\n\n'),(141,'Unit',129,'9303841f49321b5a80f6fc9d08280994','2012-10-03 19:11:30','Entity: Unit\n	uniqueId: 129\n	name: foot\n	abbreviation: ft\n	description: 12 inches\n	parentSI:\n		uniqueId: 79\n		name: meter\n		siMultiplier: 0.3048\n		siConstant: \n	scopes:\n		[ 0 ]:\n			uniqueId: 6\n			name: AND-LTER\n		[ 1 ]:\n			uniqueId: 1\n			name: EML-2.0.1\n		[ 2 ]:\n			uniqueId: 2\n			name: EML-2.1.0\n		[ 3 ]:\n			uniqueId: 3\n			name: EML-LTER\n		[ 4 ]:\n			uniqueId: 3\n			name: EML-LTER\n		[ 5 ]:\n			uniqueId: 20\n			name: LUQ-LTER\n	quantity:\n		uniqueId: 48\n		name: length\n	timestamp: \n\n'),(142,'Unit',125,'9303841f49321b5a80f6fc9d08280994','2012-10-03 19:11:54','Entity: Unit\n	uniqueId: 125\n	name: footPound\n	abbreviation: \n	description: 1 ft-lbs = 1.355818 J\n	parentSI:\n		uniqueId: 23\n		name: joule\n		siMultiplier: 1.35582\n		siConstant: \n	scopes:\n		[ 0 ]:\n			uniqueId: 1\n			name: EML-2.0.1\n		[ 1 ]:\n			uniqueId: 2\n			name: EML-2.1.0\n		[ 2 ]:\n			uniqueId: 3\n			name: EML-LTER\n	quantity:\n		uniqueId: 29\n		name: energy\n	timestamp: \n\n'),(143,'Unit',183,'9303841f49321b5a80f6fc9d08280994','2012-10-03 19:12:16','Entity: Unit\n	uniqueId: 183\n	name: gallon\n	abbreviation: gal\n	description: US liquid gallon\n	parentSI:\n		uniqueId: 133\n		name: liter\n		siMultiplier: 3.78541\n		siConstant: \n	scopes:\n		[ 0 ]:\n			uniqueId: 1\n			name: EML-2.0.1\n		[ 1 ]:\n			uniqueId: 2\n			name: EML-2.1.0\n		[ 2 ]:\n			uniqueId: 3\n			name: EML-LTER\n	quantity:\n		uniqueId: 42\n		name: volume\n	timestamp: \n\n'),(144,'Unit',59,'9303841f49321b5a80f6fc9d08280994','2012-10-03 19:12:49','Entity: Unit\n	uniqueId: 59\n	name: grad\n	abbreviation: grad\n	description: grad\n	parentSI:\n		uniqueId: 21\n		name: radian\n		siMultiplier: 0.015707\n		siConstant: \n	scopes:\n		[ 0 ]:\n			uniqueId: 1\n			name: EML-2.0.1\n		[ 1 ]:\n			uniqueId: 2\n			name: EML-2.1.0\n		[ 2 ]:\n			uniqueId: 3\n			name: EML-LTER\n	quantity:\n		uniqueId: 46\n		name: angle\n	timestamp: \n\n'),(145,'Unit',64,'9303841f49321b5a80f6fc9d08280994','2012-10-03 19:13:51','Entity: Unit\n	uniqueId: 64\n	name: gram\n	abbreviation: g\n	description: 0.001 kg\n	parentSI:\n		uniqueId: 44\n		name: kilogram\n		siMultiplier: 0.001\n		siConstant: \n	scopes:\n		[ 0 ]:\n			uniqueId: 6\n			name: AND-LTER\n		[ 1 ]:\n			uniqueId: 9\n			name: BNZ-LTER\n		[ 2 ]:\n			uniqueId: 10\n			name: CDR-LTER\n		[ 3 ]:\n			uniqueId: 1\n			name: EML-2.0.1\n		[ 4 ]:\n			uniqueId: 2\n			name: EML-2.1.0\n		[ 5 ]:\n			uniqueId: 3\n			name: EML-LTER\n		[ 6 ]:\n			uniqueId: 20\n			name: LUQ-LTER\n	quantity:\n		uniqueId: 13\n		name: mass\n	timestamp: \n\n'),(146,'Unit',1234,'9303841f49321b5a80f6fc9d08280994','2012-10-03 19:15:03',NULL),(147,'Unit',81,'9303841f49321b5a80f6fc9d08280994','2012-10-03 19:15:47','Entity: Unit\n	uniqueId: 81\n	name: gramsPerCentimeterSquaredPerSecond\n	abbreviation: \n	description: grams Per Centimeter Squared Per Second\n	parentSI:\n		uniqueId: 12\n		name: kilogramsPerMeterSquaredPerSecond\n		siMultiplier: 0.1\n		siConstant: \n	deprecatedTo:\n		uniqueId: 231\n		name: gramPerCentimeterSquaredPerSecond\n		deprecatedDueTo: \n	scopes:\n		[ 0 ]:\n			uniqueId: 1\n			name: EML-2.0.1\n		[ 1 ]:\n			uniqueId: 2\n			name: EML-2.1.0\n	quantity:\n		uniqueId: 41\n		name: arealMassDensityRate\n	timestamp: \n\n'),(148,'Unit',189,'9303841f49321b5a80f6fc9d08280994','2012-10-03 19:16:24','Entity: Unit\n	uniqueId: 189\n	name: gramsPerCubicCentimeter\n	abbreviation: g/cm³\n	description: grams per cubic centimeter\n	parentSI:\n		uniqueId: 19\n		name: kilogramPerCubicMeter\n		siMultiplier: 1000\n		siConstant: \n	deprecatedTo:\n		uniqueId: 263\n		name: gramPerCentimeterCubed\n		deprecatedDueTo: \n	scopes:\n		[ 0 ]:\n			uniqueId: 6\n			name: AND-LTER\n		[ 1 ]:\n			uniqueId: 9\n			name: BNZ-LTER\n		[ 2 ]:\n			uniqueId: 10\n			name: CDR-LTER\n		[ 3 ]:\n			uniqueId: 1\n			name: EML-2.0.1\n		[ 4 ]:\n			uniqueId: 2\n			name: EML-2.1.0\n	quantity:\n		uniqueId: 27\n		name: massDensity\n	timestamp: \n\n'),(149,'Unit',94,'9303841f49321b5a80f6fc9d08280994','2012-10-03 19:16:54','Entity: Unit\n	uniqueId: 94\n	name: gramsPerGram\n	abbreviation: \n	description: grams per gram\n	deprecatedTo:\n		uniqueId: 236\n		name: gramPerGram\n		deprecatedDueTo: \n	scopes:\n		[ 0 ]:\n			uniqueId: 1\n			name: EML-2.0.1\n		[ 1 ]:\n			uniqueId: 2\n			name: EML-2.1.0\n	quantity:\n		uniqueId: 9\n		name: massPerMass\n	timestamp: \n\n'),(150,'Unit',16,'9303841f49321b5a80f6fc9d08280994','2012-10-03 19:17:16','Entity: Unit\n	uniqueId: 16\n	name: gramsPerHectarePerDay\n	abbreviation: \n	description: grams Per Hectare Squared Per Day\n	parentSI:\n		uniqueId: 12\n		name: kilogramsPerMeterSquaredPerSecond\n		siMultiplier: 0.0000000000011574\n		siConstant: \n	deprecatedTo:\n		uniqueId: 201\n		name: gramPerHectarePerDay\n		deprecatedDueTo: \n	scopes:\n		[ 0 ]:\n			uniqueId: 1\n			name: EML-2.0.1\n		[ 1 ]:\n			uniqueId: 2\n			name: EML-2.1.0\n	quantity:\n		uniqueId: 41\n		name: arealMassDensityRate\n	timestamp: \n\n'),(151,'Unit',137,'9303841f49321b5a80f6fc9d08280994','2012-10-03 19:17:41','Entity: Unit\n	uniqueId: 137\n	name: gramsPerMeterSquaredPerYear\n	abbreviation: \n	description: grams Per Meter Squared Per Year\n	parentSI:\n		uniqueId: 12\n		name: kilogramsPerMeterSquaredPerSecond\n		siMultiplier: 0.0000000000317098\n		siConstant: \n	deprecatedTo:\n		uniqueId: 245\n		name: gramPerMeterSquaredPerYear\n		deprecatedDueTo: \n	scopes:\n		[ 0 ]:\n			uniqueId: 10\n			name: CDR-LTER\n		[ 1 ]:\n			uniqueId: 1\n			name: EML-2.0.1\n		[ 2 ]:\n			uniqueId: 2\n			name: EML-2.1.0\n		[ 3 ]:\n			uniqueId: 20\n			name: LUQ-LTER\n	quantity:\n		uniqueId: 41\n		name: arealMassDensityRate\n	timestamp: \n\n'),(152,'Unit',134,'9303841f49321b5a80f6fc9d08280994','2012-10-03 19:18:11','Entity: Unit\n	uniqueId: 134\n	name: gramsPerSquareMeter\n	abbreviation: g/m²\n	description: grams per square meter\n	parentSI:\n		uniqueId: 18\n		name: kilogramsPerSquareMeter\n		siMultiplier: 0.001\n		siConstant: \n	deprecatedTo:\n		uniqueId: 244\n		name: gramPerMeterSquared\n		deprecatedDueTo: \n	scopes:\n		[ 0 ]:\n			uniqueId: 6\n			name: AND-LTER\n		[ 1 ]:\n			uniqueId: 9\n			name: BNZ-LTER\n		[ 2 ]:\n			uniqueId: 10\n			name: CDR-LTER\n		[ 3 ]:\n			uniqueId: 1\n			name: EML-2.0.1\n		[ 4 ]:\n			uniqueId: 2\n			name: EML-2.1.0\n		[ 5 ]:\n			uniqueId: 20\n			name: LUQ-LTER\n	quantity:\n		uniqueId: 5\n		name: arealMassDensity\n	timestamp: \n\n'),(153,'Unit',105,'9303841f49321b5a80f6fc9d08280994','2012-10-03 19:18:30','Entity: Unit\n	uniqueId: 105\n	name: gramsPerYear\n	abbreviation: g/yr\n	description: grams Per Year\n	parentSI:\n		uniqueId: 56\n		name: kilogramsPerSecond\n		siMultiplier: 0.0000000000317\n		siConstant: \n	deprecatedTo:\n		uniqueId: 237\n		name: gramPerYear\n		deprecatedDueTo: \n	scopes:\n		[ 0 ]:\n			uniqueId: 1\n			name: EML-2.0.1\n		[ 1 ]:\n			uniqueId: 2\n			name: EML-2.1.0\n	quantity:\n		uniqueId: 19\n		name: massFlux\n	timestamp: \n\n'),(154,'Unit',33,'9303841f49321b5a80f6fc9d08280994','2012-10-03 19:19:20','Entity: Unit\n	uniqueId: 33\n	name: hectare\n	abbreviation: ha\n	description: 1 hectare is 10^4 square meters\n	parentSI:\n		uniqueId: 10\n		name: squareMeter\n		siMultiplier: 10000\n		siConstant: \n	scopes:\n		[ 0 ]:\n			uniqueId: 6\n			name: AND-LTER\n		[ 1 ]:\n			uniqueId: 9\n			name: BNZ-LTER\n		[ 2 ]:\n			uniqueId: 1\n			name: EML-2.0.1\n		[ 3 ]:\n			uniqueId: 2\n			name: EML-2.1.0\n		[ 4 ]:\n			uniqueId: 3\n			name: EML-LTER\n		[ 5 ]:\n			uniqueId: 20\n			name: LUQ-LTER\n	quantity:\n		uniqueId: 32\n		name: area\n	timestamp: \n\n'),(155,'Unit',33,'9303841f49321b5a80f6fc9d08280994','2012-10-03 19:19:27','Entity: Unit\n	uniqueId: 33\n	name: hectare\n	abbreviation: ha\n	description: 1 hectare is 10^4 square meters\n	parentSI:\n		uniqueId: 10\n		name: squareMeter\n		siMultiplier: 10000\n		siConstant: \n	scopes:\n		[ 0 ]:\n			uniqueId: 6\n			name: AND-LTER\n		[ 1 ]:\n			uniqueId: 9\n			name: BNZ-LTER\n		[ 2 ]:\n			uniqueId: 1\n			name: EML-2.0.1\n		[ 3 ]:\n			uniqueId: 2\n			name: EML-2.1.0\n		[ 4 ]:\n			uniqueId: 3\n			name: EML-LTER\n		[ 5 ]:\n			uniqueId: 20\n			name: LUQ-LTER\n		[ 6 ]:\n			uniqueId: 28\n			name: SGS-LTER\n	quantity:\n		uniqueId: 32\n		name: area\n	timestamp: 2012-10-03 13:19:20\n\n'),(156,'Unit',163,'9303841f49321b5a80f6fc9d08280994','2012-10-03 19:19:48','Entity: Unit\n	uniqueId: 163\n	name: hectogram\n	abbreviation: hg\n	description: .1 kg\n	parentSI:\n		uniqueId: 44\n		name: kilogram\n		siMultiplier: 0.1\n		siConstant: \n	scopes:\n		[ 0 ]:\n			uniqueId: 1\n			name: EML-2.0.1\n		[ 1 ]:\n			uniqueId: 2\n			name: EML-2.1.0\n		[ 2 ]:\n			uniqueId: 3\n			name: EML-LTER\n	quantity:\n		uniqueId: 13\n		name: mass\n	timestamp: \n\n'),(157,'Unit',92,'9303841f49321b5a80f6fc9d08280994','2012-10-03 19:20:08','Entity: Unit\n	uniqueId: 92\n	name: hectometer\n	abbreviation: hm\n	description: 100 meters\n	parentSI:\n		uniqueId: 79\n		name: meter\n		siMultiplier: 100\n		siConstant: \n	scopes:\n		[ 0 ]:\n			uniqueId: 1\n			name: EML-2.0.1\n		[ 1 ]:\n			uniqueId: 2\n			name: EML-2.1.0\n		[ 2 ]:\n			uniqueId: 3\n			name: EML-LTER\n	quantity:\n		uniqueId: 48\n		name: length\n	timestamp: \n\n'),(158,'Unit',29,'9303841f49321b5a80f6fc9d08280994','2012-10-03 19:20:26','Entity: Unit\n	uniqueId: 29\n	name: henry\n	abbreviation: H\n	description: henry\n	scopes:\n		[ 0 ]:\n			uniqueId: 1\n			name: EML-2.0.1\n		[ 1 ]:\n			uniqueId: 2\n			name: EML-2.1.0\n		[ 2 ]:\n			uniqueId: 3\n			name: EML-LTER\n	quantity:\n		uniqueId: 40\n		name: inductance\n	timestamp: \n\n'),(159,'Unit',7,'9303841f49321b5a80f6fc9d08280994','2012-10-03 19:20:44','Entity: Unit\n	uniqueId: 7\n	name: hertz\n	abbreviation: Hz\n	description: hertz\n	scopes:\n		[ 0 ]:\n			uniqueId: 1\n			name: EML-2.0.1\n		[ 1 ]:\n			uniqueId: 2\n			name: EML-2.1.0\n		[ 2 ]:\n			uniqueId: 3\n			name: EML-LTER\n	quantity:\n		uniqueId: 10\n		name: frequency\n	timestamp: \n\n'),(160,'Unit',164,'9303841f49321b5a80f6fc9d08280994','2012-10-03 19:21:09','Entity: Unit\n	uniqueId: 164\n	name: hour\n	abbreviation: hr\n	description: 3600 seconds\n	parentSI:\n		uniqueId: 52\n		name: second\n		siMultiplier: 3600\n		siConstant: \n	scopes:\n		[ 0 ]:\n			uniqueId: 1\n			name: EML-2.0.1\n		[ 1 ]:\n			uniqueId: 2\n			name: EML-2.1.0\n		[ 2 ]:\n			uniqueId: 3\n			name: EML-LTER\n		[ 3 ]:\n			uniqueId: 20\n			name: LUQ-LTER\n	quantity:\n		uniqueId: 31\n		name: time\n	timestamp: \n\n'),(161,'Unit',156,'9303841f49321b5a80f6fc9d08280994','2012-10-03 19:21:27','Entity: Unit\n	uniqueId: 156\n	name: inch\n	abbreviation: in\n	description: An imperial measure of length\n	parentSI:\n		uniqueId: 79\n		name: meter\n		siMultiplier: 0.0254\n		siConstant: \n	scopes:\n		[ 0 ]:\n			uniqueId: 6\n			name: AND-LTER\n		[ 1 ]:\n			uniqueId: 9\n			name: BNZ-LTER\n		[ 2 ]:\n			uniqueId: 1\n			name: EML-2.0.1\n		[ 3 ]:\n			uniqueId: 2\n			name: EML-2.1.0\n		[ 4 ]:\n			uniqueId: 3\n			name: EML-LTER\n	quantity:\n		uniqueId: 48\n		name: length\n	timestamp: \n\n'),(162,'Unit',23,'9303841f49321b5a80f6fc9d08280994','2012-10-03 19:21:46','Entity: Unit\n	uniqueId: 23\n	name: joule\n	abbreviation: J\n	description: joule = N*m\n	scopes:\n		[ 0 ]:\n			uniqueId: 1\n			name: EML-2.0.1\n		[ 1 ]:\n			uniqueId: 2\n			name: EML-2.1.0\n		[ 2 ]:\n			uniqueId: 3\n			name: EML-LTER\n	quantity:\n		uniqueId: 29\n		name: energy\n	timestamp: \n\n'),(163,'Unit',103,'9303841f49321b5a80f6fc9d08280994','2012-10-03 19:22:08','Entity: Unit\n	uniqueId: 103\n	name: katal\n	abbreviation: kat\n	description: katal\n	scopes:\n		[ 0 ]:\n			uniqueId: 1\n			name: EML-2.0.1\n		[ 1 ]:\n			uniqueId: 2\n			name: EML-2.1.0\n		[ 2 ]:\n			uniqueId: 3\n			name: EML-LTER\n	quantity:\n		uniqueId: 20\n		name: catalyticActivity\n	timestamp: \n\n'),(164,'Unit',44,'9303841f49321b5a80f6fc9d08280994','2012-10-03 19:22:32','Entity: Unit\n	uniqueId: 44\n	name: kilogram\n	abbreviation: kg\n	description: SI unit of mass\n	scopes:\n		[ 0 ]:\n			uniqueId: 6\n			name: AND-LTER\n		[ 1 ]:\n			uniqueId: 9\n			name: BNZ-LTER\n		[ 2 ]:\n			uniqueId: 1\n			name: EML-2.0.1\n		[ 3 ]:\n			uniqueId: 2\n			name: EML-2.1.0\n		[ 4 ]:\n			uniqueId: 3\n			name: EML-LTER\n	quantity:\n		uniqueId: 13\n		name: mass\n	timestamp: \n\n'),(165,'Unit',19,'9303841f49321b5a80f6fc9d08280994','2012-10-03 19:22:51','Entity: Unit\n	uniqueId: 19\n	name: kilogramPerCubicMeter\n	abbreviation: \n	description: kilogram per cubic meter\n	deprecatedTo:\n		uniqueId: 203\n		name: kilogramPerMeterCubed\n		deprecatedDueTo: \n	scopes:\n		[ 0 ]:\n			uniqueId: 1\n			name: EML-2.0.1\n		[ 1 ]:\n			uniqueId: 2\n			name: EML-2.1.0\n	quantity:\n		uniqueId: 27\n		name: massDensity\n	timestamp: \n\n'),(166,'Unit',36,'9303841f49321b5a80f6fc9d08280994','2012-10-03 19:23:11','Entity: Unit\n	uniqueId: 36\n	name: kilogramsPerHectare\n	abbreviation: kg/ha\n	description: kilograms per hectare\n	parentSI:\n		uniqueId: 18\n		name: kilogramsPerSquareMeter\n		siMultiplier: 0.0001\n		siConstant: \n	deprecatedTo:\n		uniqueId: 211\n		name: kilogramPerHectare\n		deprecatedDueTo: \n	scopes:\n		[ 0 ]:\n			uniqueId: 6\n			name: AND-LTER\n		[ 1 ]:\n			uniqueId: 1\n			name: EML-2.0.1\n		[ 2 ]:\n			uniqueId: 2\n			name: EML-2.1.0\n		[ 3 ]:\n			uniqueId: 16\n			name: HBR-LTER\n	quantity:\n		uniqueId: 5\n		name: arealMassDensity\n	timestamp: 2010-10-07 14:45:33\n\n'),(167,'Unit',85,'9303841f49321b5a80f6fc9d08280994','2012-10-03 19:23:45','Entity: Unit\n	uniqueId: 85\n	name: kilogramsPerHectarePerYear\n	abbreviation: \n	description: kilograms Per Hectare Per Year\n	parentSI:\n		uniqueId: 12\n		name: kilogramsPerMeterSquaredPerSecond\n		siMultiplier: 0.000317\n		siConstant: \n	deprecatedTo:\n		uniqueId: 234\n		name: kilogramPerHectarePerYear\n		deprecatedDueTo: \n	scopes:\n		[ 0 ]:\n			uniqueId: 1\n			name: EML-2.0.1\n		[ 1 ]:\n			uniqueId: 2\n			name: EML-2.1.0\n	quantity:\n		uniqueId: 41\n		name: arealMassDensityRate\n	timestamp: \n\n'),(168,'Unit',12,'9303841f49321b5a80f6fc9d08280994','2012-10-03 19:24:12','Entity: Unit\n	uniqueId: 12\n	name: kilogramsPerMeterSquaredPerSecond\n	abbreviation: \n	description: kilograms per meter sqared per second\n	deprecatedTo:\n		uniqueId: 199\n		name: kilogramPerMeterSquaredPerSecond\n		deprecatedDueTo: \n	scopes:\n		[ 0 ]:\n			uniqueId: 1\n			name: EML-2.0.1\n		[ 1 ]:\n			uniqueId: 2\n			name: EML-2.1.0\n	quantity:\n		uniqueId: 41\n		name: arealMassDensityRate\n	timestamp: \n\n'),(169,'Unit',43,'9303841f49321b5a80f6fc9d08280994','2012-10-03 19:24:39','Entity: Unit\n	uniqueId: 43\n	name: kilogramsPerMeterSquaredPerYear\n	abbreviation: \n	description: kilograms Per Meter Squared Per Year\n	parentSI:\n		uniqueId: 12\n		name: kilogramsPerMeterSquaredPerSecond\n		siMultiplier: 317\n		siConstant: \n	deprecatedTo:\n		uniqueId: 218\n		name: kilogramPerMeterSquaredPerYear\n		deprecatedDueTo: \n	scopes:\n		[ 0 ]:\n			uniqueId: 1\n			name: EML-2.0.1\n		[ 1 ]:\n			uniqueId: 2\n			name: EML-2.1.0\n	quantity:\n		uniqueId: 41\n		name: arealMassDensityRate\n	timestamp: \n\n'),(170,'Unit',56,'9303841f49321b5a80f6fc9d08280994','2012-10-03 19:25:07','Entity: Unit\n	uniqueId: 56\n	name: kilogramsPerSecond\n	abbreviation: kg/s\n	description: kilograms per second\n	deprecatedTo:\n		uniqueId: 221\n		name: kilogramPerSecond\n		deprecatedDueTo: \n	scopes:\n		[ 0 ]:\n			uniqueId: 1\n			name: EML-2.0.1\n		[ 1 ]:\n			uniqueId: 2\n			name: EML-2.1.0\n	quantity:\n		uniqueId: 19\n		name: massFlux\n	timestamp: \n\n'),(171,'Unit',18,'9303841f49321b5a80f6fc9d08280994','2012-10-03 19:25:28','Entity: Unit\n	uniqueId: 18\n	name: kilogramsPerSquareMeter\n	abbreviation: kg/m²\n	description: kilograms per square meter\n	deprecatedTo:\n		uniqueId: 202\n		name: kilogramPerMeterSquared\n		deprecatedDueTo: \n	scopes:\n		[ 0 ]:\n			uniqueId: 6\n			name: AND-LTER\n		[ 1 ]:\n			uniqueId: 9\n			name: BNZ-LTER\n		[ 2 ]:\n			uniqueId: 1\n			name: EML-2.0.1\n		[ 3 ]:\n			uniqueId: 2\n			name: EML-2.1.0\n	quantity:\n		uniqueId: 5\n		name: arealMassDensity\n	timestamp: \n\n'),(172,'Unit',99,'9303841f49321b5a80f6fc9d08280994','2012-10-03 19:25:46','Entity: Unit\n	uniqueId: 99\n	name: kilohertz\n	abbreviation: KHz\n	description: kilohertz\n	parentSI:\n		uniqueId: 7\n		name: hertz\n		siMultiplier: 1000\n		siConstant: \n	scopes:\n		[ 0 ]:\n			uniqueId: 1\n			name: EML-2.0.1\n		[ 1 ]:\n			uniqueId: 2\n			name: EML-2.1.0\n		[ 2 ]:\n			uniqueId: 3\n			name: EML-LTER\n	quantity:\n		uniqueId: 10\n		name: frequency\n	timestamp: \n\n'),(173,'Unit',35,'9303841f49321b5a80f6fc9d08280994','2012-10-03 19:26:04','Entity: Unit\n	uniqueId: 35\n	name: kiloliter\n	abbreviation: kL\n	description: 1 cubic meter\n	parentSI:\n		uniqueId: 20\n		name: cubicMeter\n		siMultiplier: 1\n		siConstant: \n	scopes:\n		[ 0 ]:\n			uniqueId: 1\n			name: EML-2.0.1\n		[ 1 ]:\n			uniqueId: 2\n			name: EML-2.1.0\n		[ 2 ]:\n			uniqueId: 3\n			name: EML-LTER\n	quantity:\n		uniqueId: 42\n		name: volume\n	timestamp: \n\n'),(174,'Unit',178,'9303841f49321b5a80f6fc9d08280994','2012-10-03 19:26:24','Entity: Unit\n	uniqueId: 178\n	name: kilometer\n	abbreviation: km\n	description: 1000 meters\n	parentSI:\n		uniqueId: 79\n		name: meter\n		siMultiplier: 1000\n		siConstant: \n	scopes:\n		[ 0 ]:\n			uniqueId: 1\n			name: EML-2.0.1\n		[ 1 ]:\n			uniqueId: 2\n			name: EML-2.1.0\n		[ 2 ]:\n			uniqueId: 3\n			name: EML-LTER\n	quantity:\n		uniqueId: 48\n		name: length\n	timestamp: \n\n'),(175,'Unit',180,'9303841f49321b5a80f6fc9d08280994','2012-10-03 19:26:42','Entity: Unit\n	uniqueId: 180\n	name: kilopascal\n	abbreviation: kPa\n	description: kilopascal\n	parentSI:\n		uniqueId: 104\n		name: pascal\n		siMultiplier: 1000\n		siConstant: \n	scopes:\n		[ 0 ]:\n			uniqueId: 9\n			name: BNZ-LTER\n		[ 1 ]:\n			uniqueId: 1\n			name: EML-2.0.1\n		[ 2 ]:\n			uniqueId: 2\n			name: EML-2.1.0\n		[ 3 ]:\n			uniqueId: 3\n			name: EML-LTER\n	quantity:\n		uniqueId: 2\n		name: pressure\n	timestamp: \n\n'),(176,'Unit',121,'9303841f49321b5a80f6fc9d08280994','2012-10-03 19:26:59','Entity: Unit\n	uniqueId: 121\n	name: kilovolt\n	abbreviation: kV\n	description: kilovolt\n	parentSI:\n		uniqueId: 11\n		name: volt\n		siMultiplier: 1000\n		siConstant: \n	scopes:\n		[ 0 ]:\n			uniqueId: 1\n			name: EML-2.0.1\n		[ 1 ]:\n			uniqueId: 2\n			name: EML-2.1.0\n		[ 2 ]:\n			uniqueId: 3\n			name: EML-LTER\n	quantity:\n		uniqueId: 3\n		name: potentialDifference\n	timestamp: \n\n'),(177,'Unit',17,'9303841f49321b5a80f6fc9d08280994','2012-10-03 19:27:16','Entity: Unit\n	uniqueId: 17\n	name: kilowatt\n	abbreviation: kW\n	description: kilowatt\n	parentSI:\n		uniqueId: 3\n		name: watt\n		siMultiplier: 1000\n		siConstant: \n	scopes:\n		[ 0 ]:\n			uniqueId: 1\n			name: EML-2.0.1\n		[ 1 ]:\n			uniqueId: 2\n			name: EML-2.1.0\n		[ 2 ]:\n			uniqueId: 3\n			name: EML-LTER\n	quantity:\n		uniqueId: 14\n		name: power\n	timestamp: \n\n'),(178,'Unit',133,'9303841f49321b5a80f6fc9d08280994','2012-10-03 19:27:32','Entity: Unit\n	uniqueId: 133\n	name: liter\n	abbreviation: L\n	description: 1000 cm^3\n	parentSI:\n		uniqueId: 20\n		name: cubicMeter\n		siMultiplier: 0.001\n		siConstant: \n	scopes:\n		[ 0 ]:\n			uniqueId: 6\n			name: AND-LTER\n		[ 1 ]:\n			uniqueId: 1\n			name: EML-2.0.1\n		[ 2 ]:\n			uniqueId: 2\n			name: EML-2.1.0\n		[ 3 ]:\n			uniqueId: 3\n			name: EML-LTER\n	quantity:\n		uniqueId: 42\n		name: volume\n	timestamp: \n\n'),(179,'Unit',40,'9303841f49321b5a80f6fc9d08280994','2012-10-03 19:27:51','Entity: Unit\n	uniqueId: 40\n	name: litersPerSquareMeter\n	abbreviation: l/m²\n	description: liters per square meter\n	deprecatedTo:\n		uniqueId: 215\n		name: literPerMeterSquared\n		deprecatedDueTo: \n	scopes:\n		[ 0 ]:\n			uniqueId: 6\n			name: AND-LTER\n		[ 1 ]:\n			uniqueId: 1\n			name: EML-2.0.1\n		[ 2 ]:\n			uniqueId: 2\n			name: EML-2.1.0\n	quantity:\n		uniqueId: 44\n		name: volumetricArea\n	timestamp: \n\n'),(180,'Unit',114,'9303841f49321b5a80f6fc9d08280994','2012-10-03 19:28:14','Entity: Unit\n	uniqueId: 114\n	name: lumen\n	abbreviation: lm\n	description: lumen\n	scopes:\n		[ 0 ]:\n			uniqueId: 1\n			name: EML-2.0.1\n		[ 1 ]:\n			uniqueId: 2\n			name: EML-2.1.0\n		[ 2 ]:\n			uniqueId: 3\n			name: EML-LTER\n	quantity:\n		uniqueId: 43\n		name: luminosity\n	timestamp: \n\n'),(181,'Unit',110,'9303841f49321b5a80f6fc9d08280994','2012-10-03 19:28:36','Entity: Unit\n	uniqueId: 110\n	name: lux\n	abbreviation: lx\n	description: lux\n	scopes:\n		[ 0 ]:\n			uniqueId: 1\n			name: EML-2.0.1\n		[ 1 ]:\n			uniqueId: 2\n			name: EML-2.1.0\n		[ 2 ]:\n			uniqueId: 3\n			name: EML-LTER\n		[ 3 ]:\n			uniqueId: 20\n			name: LUQ-LTER\n	quantity:\n		uniqueId: 4\n		name: illuminance\n	timestamp: \n\n'),(182,'Unit',139,'9303841f49321b5a80f6fc9d08280994','2012-10-03 19:34:40','Entity: Unit\n	uniqueId: 139\n	name: megagram\n	abbreviation: Mg\n	description: 1000 kg\n	parentSI:\n		uniqueId: 44\n		name: kilogram\n		siMultiplier: 1000\n		siConstant: \n	scopes:\n		[ 0 ]:\n			uniqueId: 1\n			name: EML-2.0.1\n		[ 1 ]:\n			uniqueId: 2\n			name: EML-2.1.0\n		[ 2 ]:\n			uniqueId: 3\n			name: EML-LTER\n	quantity:\n		uniqueId: 13\n		name: mass\n	timestamp: \n\n'),(183,'Unit',14,'9303841f49321b5a80f6fc9d08280994','2012-10-03 19:34:57','Entity: Unit\n	uniqueId: 14\n	name: megahertz\n	abbreviation: MHz\n	description: megahertz\n	parentSI:\n		uniqueId: 7\n		name: hertz\n		siMultiplier: 1000000\n		siConstant: \n	scopes:\n		[ 0 ]:\n			uniqueId: 1\n			name: EML-2.0.1\n		[ 1 ]:\n			uniqueId: 2\n			name: EML-2.1.0\n		[ 2 ]:\n			uniqueId: 3\n			name: EML-LTER\n	quantity:\n		uniqueId: 10\n		name: frequency\n	timestamp: \n\n'),(184,'Unit',144,'9303841f49321b5a80f6fc9d08280994','2012-10-03 19:35:13','Entity: Unit\n	uniqueId: 144\n	name: megapascal\n	abbreviation: MPa\n	description: megapascal\n	parentSI:\n		uniqueId: 104\n		name: pascal\n		siMultiplier: 1000000\n		siConstant: \n	scopes:\n		[ 0 ]:\n			uniqueId: 1\n			name: EML-2.0.1\n		[ 1 ]:\n			uniqueId: 2\n			name: EML-2.1.0\n		[ 2 ]:\n			uniqueId: 3\n			name: EML-LTER\n	quantity:\n		uniqueId: 2\n		name: pressure\n	timestamp: \n\n'),(185,'Unit',45,'9303841f49321b5a80f6fc9d08280994','2012-10-03 19:35:34','Entity: Unit\n	uniqueId: 45\n	name: megavolt\n	abbreviation: MV\n	description: megavolt\n	parentSI:\n		uniqueId: 11\n		name: volt\n		siMultiplier: 1000000\n		siConstant: \n	scopes:\n		[ 0 ]:\n			uniqueId: 1\n			name: EML-2.0.1\n		[ 1 ]:\n			uniqueId: 2\n			name: EML-2.1.0\n		[ 2 ]:\n			uniqueId: 3\n			name: EML-LTER\n	quantity:\n		uniqueId: 3\n		name: potentialDifference\n	timestamp: \n\n'),(186,'Unit',71,'9303841f49321b5a80f6fc9d08280994','2012-10-03 19:35:49','Entity: Unit\n	uniqueId: 71\n	name: megawatt\n	abbreviation: MW\n	description: megawatt\n	parentSI:\n		uniqueId: 3\n		name: watt\n		siMultiplier: 1000000\n		siConstant: \n	scopes:\n		[ 0 ]:\n			uniqueId: 1\n			name: EML-2.0.1\n		[ 1 ]:\n			uniqueId: 2\n			name: EML-2.1.0\n		[ 2 ]:\n			uniqueId: 3\n			name: EML-LTER\n	quantity:\n		uniqueId: 14\n		name: power\n	timestamp: \n\n'),(187,'Unit',79,'9303841f49321b5a80f6fc9d08280994','2012-10-03 19:36:06','Entity: Unit\n	uniqueId: 79\n	name: meter\n	abbreviation: m\n	description: SI unit of length\n	scopes:\n		[ 0 ]:\n			uniqueId: 6\n			name: AND-LTER\n		[ 1 ]:\n			uniqueId: 9\n			name: BNZ-LTER\n		[ 2 ]:\n			uniqueId: 10\n			name: CDR-LTER\n		[ 3 ]:\n			uniqueId: 1\n			name: EML-2.0.1\n		[ 4 ]:\n			uniqueId: 2\n			name: EML-2.1.0\n		[ 5 ]:\n			uniqueId: 3\n			name: EML-LTER\n		[ 6 ]:\n			uniqueId: 20\n			name: LUQ-LTER\n	quantity:\n		uniqueId: 48\n		name: length\n	timestamp: \n\n'),(188,'Unit',39,'9303841f49321b5a80f6fc9d08280994','2012-10-03 19:36:25','Entity: Unit\n	uniqueId: 39\n	name: metersPerGram\n	abbreviation: m/g\n	description: meters per gram\n	deprecatedTo:\n		uniqueId: 214\n		name: meterPerGram\n		deprecatedDueTo: \n	scopes:\n		[ 0 ]:\n			uniqueId: 1\n			name: EML-2.0.1\n		[ 1 ]:\n			uniqueId: 2\n			name: EML-2.1.0\n	quantity:\n		uniqueId: 23\n		name: massSpecificLength\n	timestamp: \n\n'),(189,'Unit',60,'9303841f49321b5a80f6fc9d08280994','2012-10-03 19:36:42','Entity: Unit\n	uniqueId: 60\n	name: microgram\n	abbreviation: ?g\n	description: 0.000000001 kg\n	parentSI:\n		uniqueId: 44\n		name: kilogram\n		siMultiplier: 0.000000001\n		siConstant: \n	scopes:\n		[ 0 ]:\n			uniqueId: 10\n			name: CDR-LTER\n		[ 1 ]:\n			uniqueId: 1\n			name: EML-2.0.1\n		[ 2 ]:\n			uniqueId: 2\n			name: EML-2.1.0\n		[ 3 ]:\n			uniqueId: 3\n			name: EML-LTER\n	quantity:\n		uniqueId: 13\n		name: mass\n	timestamp: \n\n'),(190,'Unit',150,'9303841f49321b5a80f6fc9d08280994','2012-10-03 19:37:02','Entity: Unit\n	uniqueId: 150\n	name: microgramsPerGram\n	abbreviation: \n	description: micrograms per gram\n	parentSI:\n		uniqueId: 94\n		name: gramsPerGram\n		siMultiplier: 0.000001\n		siConstant: \n	deprecatedTo:\n		uniqueId: 250\n		name: microgramPerGram\n		deprecatedDueTo: \n	scopes:\n		[ 0 ]:\n			uniqueId: 6\n			name: AND-LTER\n		[ 1 ]:\n			uniqueId: 10\n			name: CDR-LTER\n		[ 2 ]:\n			uniqueId: 1\n			name: EML-2.0.1\n		[ 3 ]:\n			uniqueId: 2\n			name: EML-2.1.0\n	quantity:\n		uniqueId: 9\n		name: massPerMass\n	timestamp: \n\n'),(191,'Unit',70,'9303841f49321b5a80f6fc9d08280994','2012-10-03 19:37:19','Entity: Unit\n	uniqueId: 70\n	name: microliter\n	abbreviation: ?l\n	description: 1/1000000 of a liter\n	parentSI:\n		uniqueId: 20\n		name: cubicMeter\n		siMultiplier: 0.000000001\n		siConstant: \n	scopes:\n		[ 0 ]:\n			uniqueId: 1\n			name: EML-2.0.1\n		[ 1 ]:\n			uniqueId: 2\n			name: EML-2.1.0\n		[ 2 ]:\n			uniqueId: 3\n			name: EML-LTER\n	quantity:\n		uniqueId: 42\n		name: volume\n	timestamp: \n\n'),(192,'Unit',115,'9303841f49321b5a80f6fc9d08280994','2012-10-03 19:37:36','Entity: Unit\n	uniqueId: 115\n	name: micrometer\n	abbreviation: ?m\n	description: .000001 meters\n	parentSI:\n		uniqueId: 79\n		name: meter\n		siMultiplier: 0.000001\n		siConstant: \n	scopes:\n		[ 0 ]:\n			uniqueId: 1\n			name: EML-2.0.1\n		[ 1 ]:\n			uniqueId: 2\n			name: EML-2.1.0\n		[ 2 ]:\n			uniqueId: 3\n			name: EML-LTER\n	quantity:\n		uniqueId: 48\n		name: length\n	timestamp: \n\n'),(193,'Unit',136,'9303841f49321b5a80f6fc9d08280994','2012-10-03 19:37:53','Entity: Unit\n	uniqueId: 136\n	name: micron\n	abbreviation: ?\n	description: .000001 meters\n	parentSI:\n		uniqueId: 79\n		name: meter\n		siMultiplier: 0.000001\n		siConstant: \n	scopes:\n		[ 0 ]:\n			uniqueId: 1\n			name: EML-2.0.1\n		[ 1 ]:\n			uniqueId: 2\n			name: EML-2.1.0\n		[ 2 ]:\n			uniqueId: 3\n			name: EML-LTER\n	quantity:\n		uniqueId: 48\n		name: length\n	timestamp: \n\n'),(194,'Unit',161,'9303841f49321b5a80f6fc9d08280994','2012-10-03 19:38:09','Entity: Unit\n	uniqueId: 161\n	name: mile\n	abbreviation: mile\n	description: 5280 ft or 1609.344 meters\n	parentSI:\n		uniqueId: 79\n		name: meter\n		siMultiplier: 1609.34\n		siConstant: \n	scopes:\n		[ 0 ]:\n			uniqueId: 1\n			name: EML-2.0.1\n		[ 1 ]:\n			uniqueId: 2\n			name: EML-2.1.0\n		[ 2 ]:\n			uniqueId: 3\n			name: EML-LTER\n	quantity:\n		uniqueId: 48\n		name: length\n	timestamp: \n\n'),(195,'Unit',179,'9303841f49321b5a80f6fc9d08280994','2012-10-03 19:38:25','Entity: Unit\n	uniqueId: 179\n	name: millibar\n	abbreviation: mbar\n	description: millibar\n	parentSI:\n		uniqueId: 104\n		name: pascal\n		siMultiplier: 100\n		siConstant: \n	scopes:\n		[ 0 ]:\n			uniqueId: 6\n			name: AND-LTER\n		[ 1 ]:\n			uniqueId: 1\n			name: EML-2.0.1\n		[ 2 ]:\n			uniqueId: 2\n			name: EML-2.1.0\n		[ 3 ]:\n			uniqueId: 3\n			name: EML-LTER\n	quantity:\n		uniqueId: 2\n		name: pressure\n	timestamp: \n\n'),(196,'Unit',90,'9303841f49321b5a80f6fc9d08280994','2012-10-03 19:38:41','Entity: Unit\n	uniqueId: 90\n	name: milligram\n	abbreviation: mg\n	description: 0.000001 kg\n	parentSI:\n		uniqueId: 44\n		name: kilogram\n		siMultiplier: 0.000001\n		siConstant: \n	scopes:\n		[ 0 ]:\n			uniqueId: 6\n			name: AND-LTER\n		[ 1 ]:\n			uniqueId: 9\n			name: BNZ-LTER\n		[ 2 ]:\n			uniqueId: 10\n			name: CDR-LTER\n		[ 3 ]:\n			uniqueId: 1\n			name: EML-2.0.1\n		[ 4 ]:\n			uniqueId: 2\n			name: EML-2.1.0\n		[ 5 ]:\n			uniqueId: 3\n			name: EML-LTER\n		[ 6 ]:\n			uniqueId: 20\n			name: LUQ-LTER\n	quantity:\n		uniqueId: 13\n		name: mass\n	timestamp: \n\n'),(197,'Unit',194,'9303841f49321b5a80f6fc9d08280994','2012-10-03 19:38:59','Entity: Unit\n	uniqueId: 194\n	name: milligramsPerCubicMeter\n	abbreviation: mg/m³\n	description: milligrams Per Cubic Meter\n	parentSI:\n		uniqueId: 19\n		name: kilogramPerCubicMeter\n		siMultiplier: 0.000001\n		siConstant: \n	deprecatedTo:\n		uniqueId: 267\n		name: milligramPerMeterCubed\n		deprecatedDueTo: \n	scopes:\n		[ 0 ]:\n			uniqueId: 1\n			name: EML-2.0.1\n		[ 1 ]:\n			uniqueId: 2\n			name: EML-2.1.0\n	quantity:\n		uniqueId: 27\n		name: massDensity\n	timestamp: \n\n'),(198,'Unit',38,'9303841f49321b5a80f6fc9d08280994','2012-10-03 19:39:16','Entity: Unit\n	uniqueId: 38\n	name: milligramsPerSquareMeter\n	abbreviation: mg/m²\n	description: milligrams Per Square Meter\n	parentSI:\n		uniqueId: 18\n		name: kilogramsPerSquareMeter\n		siMultiplier: 0.000001\n		siConstant: \n	deprecatedTo:\n		uniqueId: 213\n		name: milligramPerMeterSquared\n		deprecatedDueTo: \n	scopes:\n		[ 0 ]:\n			uniqueId: 1\n			name: EML-2.0.1\n		[ 1 ]:\n			uniqueId: 2\n			name: EML-2.1.0\n		[ 2 ]:\n			uniqueId: 20\n			name: LUQ-LTER\n	quantity:\n		uniqueId: 5\n		name: arealMassDensity\n	timestamp: \n\n'),(199,'Unit',55,'9303841f49321b5a80f6fc9d08280994','2012-10-03 19:39:33','Entity: Unit\n	uniqueId: 55\n	name: millihertz\n	abbreviation: mHz\n	description: millihertz\n	parentSI:\n		uniqueId: 7\n		name: hertz\n		siMultiplier: 0.000001\n		siConstant: \n	scopes:\n		[ 0 ]:\n			uniqueId: 1\n			name: EML-2.0.1\n		[ 1 ]:\n			uniqueId: 2\n			name: EML-2.1.0\n		[ 2 ]:\n			uniqueId: 3\n			name: EML-LTER\n	quantity:\n		uniqueId: 10\n		name: frequency\n	timestamp: \n\n'),(200,'Unit',128,'9303841f49321b5a80f6fc9d08280994','2012-10-03 19:39:49','Entity: Unit\n	uniqueId: 128\n	name: milliliter\n	abbreviation: ml\n	description: 1/1000 of a liter\n	parentSI:\n		uniqueId: 20\n		name: cubicMeter\n		siMultiplier: 0.000001\n		siConstant: \n	scopes:\n		[ 0 ]:\n			uniqueId: 6\n			name: AND-LTER\n		[ 1 ]:\n			uniqueId: 9\n			name: BNZ-LTER\n		[ 2 ]:\n			uniqueId: 1\n			name: EML-2.0.1\n		[ 3 ]:\n			uniqueId: 2\n			name: EML-2.1.0\n		[ 4 ]:\n			uniqueId: 3\n			name: EML-LTER\n		[ 5 ]:\n			uniqueId: 20\n			name: LUQ-LTER\n	quantity:\n		uniqueId: 42\n		name: volume\n	timestamp: \n\n'),(201,'Unit',182,'9303841f49321b5a80f6fc9d08280994','2012-10-03 19:40:07','Entity: Unit\n	uniqueId: 182\n	name: millimeter\n	abbreviation: mm\n	description: .001 meters\n	parentSI:\n		uniqueId: 79\n		name: meter\n		siMultiplier: 0.001\n		siConstant: \n	scopes:\n		[ 0 ]:\n			uniqueId: 6\n			name: AND-LTER\n		[ 1 ]:\n			uniqueId: 9\n			name: BNZ-LTER\n		[ 2 ]:\n			uniqueId: 10\n			name: CDR-LTER\n		[ 3 ]:\n			uniqueId: 1\n			name: EML-2.0.1\n		[ 4 ]:\n			uniqueId: 2\n			name: EML-2.1.0\n		[ 5 ]:\n			uniqueId: 3\n			name: EML-LTER\n		[ 6 ]:\n			uniqueId: 20\n			name: LUQ-LTER\n	quantity:\n		uniqueId: 48\n		name: length\n	timestamp: \n\n'),(202,'Unit',186,'9303841f49321b5a80f6fc9d08280994','2012-10-03 19:40:42','Entity: Unit\n	uniqueId: 186\n	name: millimetersPerSecond\n	abbreviation: mm/s\n	description: millimeters per second\n	parentSI:\n		uniqueId: 113\n		name: metersPerSecond\n		siMultiplier: 0.001\n		siConstant: \n	deprecatedTo:\n		uniqueId: 261\n		name: millimeterPerSecond\n		deprecatedDueTo: \n	scopes:\n		[ 0 ]:\n			uniqueId: 1\n			name: EML-2.0.1\n		[ 1 ]:\n			uniqueId: 2\n			name: EML-2.1.0\n	quantity:\n		uniqueId: 38\n		name: speed\n	timestamp: \n\n'),(203,'Unit',84,'9303841f49321b5a80f6fc9d08280994','2012-10-03 19:41:12','Entity: Unit\n	uniqueId: 84\n	name: millimolesPerGram\n	abbreviation: \n	description: millimoles per gram\n	parentSI:\n		uniqueId: 77\n		name: molesPerKilogram\n		siMultiplier: 1\n		siConstant: \n	deprecatedTo:\n		uniqueId: 233\n		name: millimolePerGram\n		deprecatedDueTo: \n	scopes:\n		[ 0 ]:\n			uniqueId: 1\n			name: EML-2.0.1\n		[ 1 ]:\n			uniqueId: 2\n			name: EML-2.1.0\n	quantity:\n		uniqueId: 26\n		name: amountOfSubstanceWeight\n	timestamp: \n\n'),(204,'Unit',13,'9303841f49321b5a80f6fc9d08280994','2012-10-03 19:41:30','Entity: Unit\n	uniqueId: 13\n	name: millivolt\n	abbreviation: mV\n	description: millivolt\n	parentSI:\n		uniqueId: 11\n		name: volt\n		siMultiplier: 0.001\n		siConstant: \n	scopes:\n		[ 0 ]:\n			uniqueId: 9\n			name: BNZ-LTER\n		[ 1 ]:\n			uniqueId: 1\n			name: EML-2.0.1\n		[ 2 ]:\n			uniqueId: 2\n			name: EML-2.1.0\n		[ 3 ]:\n			uniqueId: 3\n			name: EML-LTER\n	quantity:\n		uniqueId: 3\n		name: potentialDifference\n	timestamp: \n\n'),(205,'Unit',63,'9303841f49321b5a80f6fc9d08280994','2012-10-03 19:41:46','Entity: Unit\n	uniqueId: 63\n	name: milliwatt\n	abbreviation: mW\n	description: milliwatt\n	parentSI:\n		uniqueId: 3\n		name: watt\n		siMultiplier: 0.001\n		siConstant: \n	scopes:\n		[ 0 ]:\n			uniqueId: 1\n			name: EML-2.0.1\n		[ 1 ]:\n			uniqueId: 2\n			name: EML-2.1.0\n		[ 2 ]:\n			uniqueId: 3\n			name: EML-LTER\n	quantity:\n		uniqueId: 14\n		name: power\n	timestamp: \n\n'),(206,'Unit',58,'9303841f49321b5a80f6fc9d08280994','2012-10-03 19:42:03','Entity: Unit\n	uniqueId: 58\n	name: minute\n	abbreviation: min\n	description: 60 seconds\n	parentSI:\n		uniqueId: 52\n		name: second\n		siMultiplier: 60\n		siConstant: \n	scopes:\n		[ 0 ]:\n			uniqueId: 1\n			name: EML-2.0.1\n		[ 1 ]:\n			uniqueId: 2\n			name: EML-2.1.0\n		[ 2 ]:\n			uniqueId: 3\n			name: EML-LTER\n		[ 3 ]:\n			uniqueId: 20\n			name: LUQ-LTER\n	quantity:\n		uniqueId: 31\n		name: time\n	timestamp: \n\n'),(207,'Unit',143,'9303841f49321b5a80f6fc9d08280994','2012-10-03 19:42:22','Entity: Unit\n	uniqueId: 143\n	name: molesPerGram\n	abbreviation: \n	description: moles per gram\n	parentSI:\n		uniqueId: 77\n		name: molesPerKilogram\n		siMultiplier: 1000\n		siConstant: \n	deprecatedTo:\n		uniqueId: 249\n		name: molePerGram\n		deprecatedDueTo: \n	scopes:\n		[ 0 ]:\n			uniqueId: 1\n			name: EML-2.0.1\n		[ 1 ]:\n			uniqueId: 2\n			name: EML-2.1.0\n	quantity:\n		uniqueId: 26\n		name: amountOfSubstanceWeight\n	timestamp: \n\n'),(208,'Unit',77,'9303841f49321b5a80f6fc9d08280994','2012-10-03 19:42:39','Entity: Unit\n	uniqueId: 77\n	name: molesPerKilogram\n	abbreviation: \n	description: moles per kilogram\n	deprecatedTo:\n		uniqueId: 228\n		name: molePerKilogram\n		deprecatedDueTo: \n	scopes:\n		[ 0 ]:\n			uniqueId: 1\n			name: EML-2.0.1\n		[ 1 ]:\n			uniqueId: 2\n			name: EML-2.1.0\n	quantity:\n		uniqueId: 26\n		name: amountOfSubstanceWeight\n	timestamp: \n\n'),(209,'Unit',41,'9303841f49321b5a80f6fc9d08280994','2012-10-03 19:42:56','Entity: Unit\n	uniqueId: 41\n	name: molesPerKilogramPerSecond\n	abbreviation: \n	description: moles per kilogram per second\n	deprecatedTo:\n		uniqueId: 216\n		name: molePerKilogramPerSecond\n		deprecatedDueTo: \n	scopes:\n		[ 0 ]:\n			uniqueId: 1\n			name: EML-2.0.1\n		[ 1 ]:\n			uniqueId: 2\n			name: EML-2.1.0\n	quantity:\n		uniqueId: 1\n		name: amountOfSubstanceWeightFlux\n	timestamp: \n\n'),(210,'Unit',54,'9303841f49321b5a80f6fc9d08280994','2012-10-03 19:43:15','Entity: Unit\n	uniqueId: 54\n	name: nanogram\n	abbreviation: ng\n	description: 0.000000000001 kg\n	parentSI:\n		uniqueId: 44\n		name: kilogram\n		siMultiplier: 0.000000000001\n		siConstant: \n	scopes:\n		[ 0 ]:\n			uniqueId: 1\n			name: EML-2.0.1\n		[ 1 ]:\n			uniqueId: 2\n			name: EML-2.1.0\n		[ 2 ]:\n			uniqueId: 3\n			name: EML-LTER\n	quantity:\n		uniqueId: 13\n		name: mass\n	timestamp: \n\n'),(211,'Unit',83,'9303841f49321b5a80f6fc9d08280994','2012-10-03 19:43:34','Entity: Unit\n	uniqueId: 83\n	name: nanomolesPerGramPerSecond\n	abbreviation: \n	description: nanomoles Per Gram Per Second\n	parentSI:\n		uniqueId: 41\n		name: molesPerKilogramPerSecond\n		siMultiplier: 0.000001\n		siConstant: \n	deprecatedTo:\n		uniqueId: 232\n		name: nanomolePerGramPerSecond\n		deprecatedDueTo: \n	scopes:\n		[ 0 ]:\n			uniqueId: 1\n			name: EML-2.0.1\n		[ 1 ]:\n			uniqueId: 2\n			name: EML-2.1.0\n	quantity:\n		uniqueId: 1\n		name: amountOfSubstanceWeightFlux\n	timestamp: \n\n'),(212,'Unit',106,'9303841f49321b5a80f6fc9d08280994','2012-10-03 19:43:52','Entity: Unit\n	uniqueId: 106\n	name: newton\n	abbreviation: N\n	description: newton\n	scopes:\n		[ 0 ]:\n			uniqueId: 1\n			name: EML-2.0.1\n		[ 1 ]:\n			uniqueId: 2\n			name: EML-2.1.0\n		[ 2 ]:\n			uniqueId: 3\n			name: EML-LTER\n	quantity:\n		uniqueId: 47\n		name: force\n	timestamp: \n\n'),(213,'Unit',162,'9303841f49321b5a80f6fc9d08280994','2012-10-03 19:44:10','Entity: Unit\n	uniqueId: 162\n	name: nominalDay\n	abbreviation: \n	description: one day excluding leap seconds, 86400 seconds\n	parentSI:\n		uniqueId: 52\n		name: second\n		siMultiplier: 86400\n		siConstant: \n	scopes:\n		[ 0 ]:\n			uniqueId: 6\n			name: AND-LTER\n		[ 1 ]:\n			uniqueId: 1\n			name: EML-2.0.1\n		[ 2 ]:\n			uniqueId: 2\n			name: EML-2.1.0\n		[ 3 ]:\n			uniqueId: 3\n			name: EML-LTER\n	quantity:\n		uniqueId: 31\n		name: time\n	timestamp: \n\n'),(214,'Unit',89,'9303841f49321b5a80f6fc9d08280994','2012-10-03 19:44:32','Entity: Unit\n	uniqueId: 89\n	name: nominalHour\n	abbreviation: \n	description: one hour excluding leap seconds, 3600 seconds\n	parentSI:\n		uniqueId: 52\n		name: second\n		siMultiplier: 3600\n		siConstant: \n	scopes:\n		[ 0 ]:\n			uniqueId: 6\n			name: AND-LTER\n		[ 1 ]:\n			uniqueId: 1\n			name: EML-2.0.1\n		[ 2 ]:\n			uniqueId: 2\n			name: EML-2.1.0\n		[ 3 ]:\n			uniqueId: 3\n			name: EML-LTER\n	quantity:\n		uniqueId: 31\n		name: time\n	timestamp: \n\n'),(215,'Unit',102,'9303841f49321b5a80f6fc9d08280994','2012-10-03 19:44:52','Entity: Unit\n	uniqueId: 102\n	name: nominalLeapYear\n	abbreviation: \n	description: one 366 day year excluding leap seconds, 31622400 seconds\n	parentSI:\n		uniqueId: 52\n		name: second\n		siMultiplier: 31622400\n		siConstant: \n	scopes:\n		[ 0 ]:\n			uniqueId: 1\n			name: EML-2.0.1\n		[ 1 ]:\n			uniqueId: 2\n			name: EML-2.1.0\n		[ 2 ]:\n			uniqueId: 3\n			name: EML-LTER\n	quantity:\n		uniqueId: 31\n		name: time\n	timestamp: \n\n'),(216,'Unit',152,'9303841f49321b5a80f6fc9d08280994','2012-10-03 19:45:09','Entity: Unit\n	uniqueId: 152\n	name: nominalMinute\n	abbreviation: \n	description: one minute excluding leap seconds, 60 seconds\n	parentSI:\n		uniqueId: 52\n		name: second\n		siMultiplier: 60\n		siConstant: \n	scopes:\n		[ 0 ]:\n			uniqueId: 6\n			name: AND-LTER\n		[ 1 ]:\n			uniqueId: 1\n			name: EML-2.0.1\n		[ 2 ]:\n			uniqueId: 2\n			name: EML-2.1.0\n		[ 3 ]:\n			uniqueId: 3\n			name: EML-LTER\n	quantity:\n		uniqueId: 31\n		name: time\n	timestamp: \n\n'),(217,'Unit',934,'9303841f49321b5a80f6fc9d08280994','2012-10-03 19:45:33','Entity: Unit\n	uniqueId: 934\n	name: nominalMonth\n	abbreviation: \n	description: \n	scopes:\n		[ 0 ]:\n			uniqueId: 11\n			name: CAP-LTER\n	timestamp: \n\n'),(218,'Unit',157,'9303841f49321b5a80f6fc9d08280994','2012-10-03 19:45:52','Entity: Unit\n	uniqueId: 157\n	name: nominalWeek\n	abbreviation: \n	description: one day excluding leap seconds, 604800 seconds\n	parentSI:\n		uniqueId: 52\n		name: second\n		siMultiplier: 604800\n		siConstant: \n	scopes:\n		[ 0 ]:\n			uniqueId: 1\n			name: EML-2.0.1\n		[ 1 ]:\n			uniqueId: 2\n			name: EML-2.1.0\n		[ 2 ]:\n			uniqueId: 3\n			name: EML-LTER\n	quantity:\n		uniqueId: 31\n		name: time\n	timestamp: \n\n'),(219,'Unit',146,'9303841f49321b5a80f6fc9d08280994','2012-10-03 19:46:13','Entity: Unit\n	uniqueId: 146\n	name: nominalYear\n	abbreviation: \n	description: one year excluding leap seconds and leap days, 31536000 seconds\n	parentSI:\n		uniqueId: 52\n		name: second\n		siMultiplier: 31536000\n		siConstant: \n	scopes:\n		[ 0 ]:\n			uniqueId: 6\n			name: AND-LTER\n		[ 1 ]:\n			uniqueId: 1\n			name: EML-2.0.1\n		[ 2 ]:\n			uniqueId: 2\n			name: EML-2.1.0\n		[ 3 ]:\n			uniqueId: 3\n			name: EML-LTER\n		[ 4 ]:\n			uniqueId: 20\n			name: LUQ-LTER\n	quantity:\n		uniqueId: 31\n		name: time\n	timestamp: \n\n'),(220,'Unit',61,'9303841f49321b5a80f6fc9d08280994','2012-10-03 19:46:54','Entity: Unit\n	uniqueId: 61\n	name: number\n	abbreviation: \n	description: a number\n	scopes:\n		[ 0 ]:\n			uniqueId: 1\n			name: EML-2.0.1\n		[ 1 ]:\n			uniqueId: 2\n			name: EML-2.1.0\n		[ 2 ]:\n			uniqueId: 3\n			name: EML-LTER\n	quantity:\n		uniqueId: 45\n		name: dimensionless\n	timestamp: \n\n'),(221,'Unit',111,'9303841f49321b5a80f6fc9d08280994','2012-10-03 19:47:11','Entity: Unit\n	uniqueId: 111\n	name: numberPerGram\n	abbreviation: \n	description: number of entities per gram\n	scopes:\n		[ 0 ]:\n			uniqueId: 1\n			name: EML-2.0.1\n		[ 1 ]:\n			uniqueId: 2\n			name: EML-2.1.0\n		[ 2 ]:\n			uniqueId: 3\n			name: EML-LTER\n	quantity:\n		uniqueId: 54\n		name: massSpecificCount\n	timestamp: \n\n'),(222,'Unit',159,'9303841f49321b5a80f6fc9d08280994','2012-10-03 19:47:30','Entity: Unit\n	uniqueId: 159\n	name: numberPerKilometerSquared\n	abbreviation: \n	description: number per kilometer squared\n	parentSI:\n		uniqueId: 107\n		name: numberPerMeterSquared\n		siMultiplier: 0.000001\n		siConstant: \n	scopes:\n		[ 0 ]:\n			uniqueId: 1\n			name: EML-2.0.1\n		[ 1 ]:\n			uniqueId: 2\n			name: EML-2.1.0\n		[ 2 ]:\n			uniqueId: 3\n			name: EML-LTER\n	quantity:\n		uniqueId: 30\n		name: arealDensity\n	timestamp: \n\n'),(223,'Unit',34,'9303841f49321b5a80f6fc9d08280994','2012-10-03 19:47:47','Entity: Unit\n	uniqueId: 34\n	name: numberPerMeterCubed\n	abbreviation: \n	description: number per meter cubed\n	scopes:\n		[ 0 ]:\n			uniqueId: 1\n			name: EML-2.0.1\n		[ 1 ]:\n			uniqueId: 2\n			name: EML-2.1.0\n		[ 2 ]:\n			uniqueId: 3\n			name: EML-LTER\n	quantity:\n		uniqueId: 52\n		name: volumetricDensity\n	timestamp: \n\n'),(224,'Unit',107,'9303841f49321b5a80f6fc9d08280994','2012-10-03 19:48:04','Entity: Unit\n	uniqueId: 107\n	name: numberPerMeterSquared\n	abbreviation: \n	description: number per meter squared\n	scopes:\n		[ 0 ]:\n			uniqueId: 6\n			name: AND-LTER\n		[ 1 ]:\n			uniqueId: 1\n			name: EML-2.0.1\n		[ 2 ]:\n			uniqueId: 2\n			name: EML-2.1.0\n		[ 3 ]:\n			uniqueId: 3\n			name: EML-LTER\n		[ 4 ]:\n			uniqueId: 20\n			name: LUQ-LTER\n	quantity:\n		uniqueId: 30\n		name: arealDensity\n	timestamp: \n\n'),(225,'Unit',48,'9303841f49321b5a80f6fc9d08280994','2012-10-03 19:48:21','Entity: Unit\n	uniqueId: 48\n	name: ohm\n	abbreviation: ?\n	description: ohm\n	scopes:\n		[ 0 ]:\n			uniqueId: 1\n			name: EML-2.0.1\n		[ 1 ]:\n			uniqueId: 2\n			name: EML-2.1.0\n		[ 2 ]:\n			uniqueId: 3\n			name: EML-LTER\n	quantity:\n		uniqueId: 50\n		name: resistance\n	timestamp: \n\n'),(226,'Unit',2,'9303841f49321b5a80f6fc9d08280994','2012-10-03 19:48:37','Entity: Unit\n	uniqueId: 2\n	name: ohmMeter\n	abbreviation: ?m\n	description: ohm meters\n	scopes:\n		[ 0 ]:\n			uniqueId: 1\n			name: EML-2.0.1\n		[ 1 ]:\n			uniqueId: 2\n			name: EML-2.1.0\n		[ 2 ]:\n			uniqueId: 3\n			name: EML-LTER\n	quantity:\n		uniqueId: 35\n		name: resistivity\n	timestamp: \n\n'),(227,'Unit',104,'9303841f49321b5a80f6fc9d08280994','2012-10-03 19:48:53','Entity: Unit\n	uniqueId: 104\n	name: pascal\n	abbreviation: Pa\n	description: pascal\n	scopes:\n		[ 0 ]:\n			uniqueId: 1\n			name: EML-2.0.1\n		[ 1 ]:\n			uniqueId: 2\n			name: EML-2.1.0\n		[ 2 ]:\n			uniqueId: 3\n			name: EML-LTER\n	quantity:\n		uniqueId: 2\n		name: pressure\n	timestamp: \n\n'),(228,'Unit',190,'9303841f49321b5a80f6fc9d08280994','2012-10-03 19:49:12','Entity: Unit\n	uniqueId: 190\n	name: pint\n	abbreviation: pint\n	description: US liquid pint\n	parentSI:\n		uniqueId: 133\n		name: liter\n		siMultiplier: 0.473176\n		siConstant: \n	scopes:\n		[ 0 ]:\n			uniqueId: 1\n			name: EML-2.0.1\n		[ 1 ]:\n			uniqueId: 2\n			name: EML-2.1.0\n		[ 2 ]:\n			uniqueId: 3\n			name: EML-LTER\n	quantity:\n		uniqueId: 42\n		name: volume\n	timestamp: \n\n'),(229,'Unit',132,'9303841f49321b5a80f6fc9d08280994','2012-10-03 19:49:30','Entity: Unit\n	uniqueId: 132\n	name: pound\n	abbreviation: lbs\n	description: 1 pound in the Avoirdupois (commerce) scale\n	parentSI:\n		uniqueId: 44\n		name: kilogram\n		siMultiplier: 0.4536\n		siConstant: \n	scopes:\n		[ 0 ]:\n			uniqueId: 1\n			name: EML-2.0.1\n		[ 1 ]:\n			uniqueId: 2\n			name: EML-2.1.0\n		[ 2 ]:\n			uniqueId: 3\n			name: EML-LTER\n	quantity:\n		uniqueId: 13\n		name: mass\n	timestamp: \n\n'),(230,'Unit',168,'9303841f49321b5a80f6fc9d08280994','2012-10-03 19:49:46','Entity: Unit\n	uniqueId: 168\n	name: quart\n	abbreviation: qt\n	description: US liquid quart\n	parentSI:\n		uniqueId: 133\n		name: liter\n		siMultiplier: 0.946353\n		siConstant: \n	scopes:\n		[ 0 ]:\n			uniqueId: 1\n			name: EML-2.0.1\n		[ 1 ]:\n			uniqueId: 2\n			name: EML-2.1.0\n		[ 2 ]:\n			uniqueId: 3\n			name: EML-LTER\n	quantity:\n		uniqueId: 42\n		name: volume\n	timestamp: \n\n'),(231,'Unit',21,'9303841f49321b5a80f6fc9d08280994','2012-10-03 19:50:04','Entity: Unit\n	uniqueId: 21\n	name: radian\n	abbreviation: rad\n	description: 2 pi radians comprise a unit circle.\n	scopes:\n		[ 0 ]:\n			uniqueId: 1\n			name: EML-2.0.1\n		[ 1 ]:\n			uniqueId: 2\n			name: EML-2.1.0\n		[ 2 ]:\n			uniqueId: 3\n			name: EML-LTER\n	quantity:\n		uniqueId: 46\n		name: angle\n	timestamp: \n\n'),(232,'Unit',52,'9303841f49321b5a80f6fc9d08280994','2012-10-03 19:50:30','Entity: Unit\n	uniqueId: 52\n	name: second\n	abbreviation: sec\n	description: SI unit of time\n	scopes:\n		[ 0 ]:\n			uniqueId: 1\n			name: EML-2.0.1\n		[ 1 ]:\n			uniqueId: 2\n			name: EML-2.1.0\n		[ 2 ]:\n			uniqueId: 3\n			name: EML-LTER\n	quantity:\n		uniqueId: 31\n		name: time\n	timestamp: \n\n'),(233,'Unit',32,'9303841f49321b5a80f6fc9d08280994','2012-10-03 19:50:46','Entity: Unit\n	uniqueId: 32\n	name: siemen\n	abbreviation: S\n	description: siemen\n	deprecatedTo:\n		uniqueId: 210\n		name: siemens\n		deprecatedDueTo: \n	scopes:\n		[ 0 ]:\n			uniqueId: 1\n			name: EML-2.0.1\n		[ 1 ]:\n			uniqueId: 2\n			name: EML-2.1.0\n	quantity:\n		uniqueId: 21\n		name: conductance\n	timestamp: \n\n'),(234,'Unit',5,'9303841f49321b5a80f6fc9d08280994','2012-10-03 19:51:01','Entity: Unit\n	uniqueId: 5\n	name: sievert\n	abbreviation: Sv\n	description: sievert\n	scopes:\n		[ 0 ]:\n			uniqueId: 1\n			name: EML-2.0.1\n		[ 1 ]:\n			uniqueId: 2\n			name: EML-2.1.0\n		[ 2 ]:\n			uniqueId: 3\n			name: EML-LTER\n	quantity:\n		uniqueId: 15\n		name: doseEquivalent\n	timestamp: \n\n'),(235,'Unit',31,'9303841f49321b5a80f6fc9d08280994','2012-10-03 19:51:18','Entity: Unit\n	uniqueId: 31\n	name: squareCentimeters\n	abbreviation: \n	description: square centimeters\n	parentSI:\n		uniqueId: 10\n		name: squareMeter\n		siMultiplier: 0.0001\n		siConstant: \n	deprecatedTo:\n		uniqueId: 209\n		name: centimeterSquared\n		deprecatedDueTo: \n	scopes:\n		[ 0 ]:\n			uniqueId: 1\n			name: EML-2.0.1\n		[ 1 ]:\n			uniqueId: 2\n			name: EML-2.1.0\n	quantity:\n		uniqueId: 32\n		name: area\n	timestamp: \n\n'),(236,'Unit',31,'9303841f49321b5a80f6fc9d08280994','2012-10-03 19:51:31','Entity: Unit\n	uniqueId: 31\n	name: squareCentimeters\n	abbreviation: \n	description: square centimeters\n	parentSI:\n		uniqueId: 10\n		name: squareMeter\n		siMultiplier: 0.0001\n		siConstant: \n	deprecatedTo:\n		uniqueId: 209\n		name: centimeterSquared\n		deprecatedDueTo: \n	scopes:\n		[ 0 ]:\n			uniqueId: 1\n			name: EML-2.0.1\n		[ 1 ]:\n			uniqueId: 2\n			name: EML-2.1.0\n		[ 2 ]:\n			uniqueId: 28\n			name: SGS-LTER\n	quantity:\n		uniqueId: 32\n		name: area\n	timestamp: 2012-10-03 13:51:18\n\n'),(237,'Unit',68,'9303841f49321b5a80f6fc9d08280994','2012-10-03 19:51:51','Entity: Unit\n	uniqueId: 68\n	name: squareKilometers\n	abbreviation: km²\n	description: square kilometers\n	parentSI:\n		uniqueId: 10\n		name: squareMeter\n		siMultiplier: 1000000\n		siConstant: \n	deprecatedTo:\n		uniqueId: 222\n		name: kilometerSquared\n		deprecatedDueTo: \n	scopes:\n		[ 0 ]:\n			uniqueId: 6\n			name: AND-LTER\n		[ 1 ]:\n			uniqueId: 9\n			name: BNZ-LTER\n		[ 2 ]:\n			uniqueId: 1\n			name: EML-2.0.1\n		[ 3 ]:\n			uniqueId: 2\n			name: EML-2.1.0\n	quantity:\n		uniqueId: 32\n		name: area\n	timestamp: 2010-10-07 14:47:17\n\n'),(238,'Unit',10,'9303841f49321b5a80f6fc9d08280994','2012-10-03 19:52:14','Entity: Unit\n	uniqueId: 10\n	name: squareMeter\n	abbreviation: m²\n	description: square meters\n	deprecatedTo:\n		uniqueId: 198\n		name: meterSquared\n		deprecatedDueTo: \n	scopes:\n		[ 0 ]:\n			uniqueId: 6\n			name: AND-LTER\n		[ 1 ]:\n			uniqueId: 10\n			name: CDR-LTER\n		[ 2 ]:\n			uniqueId: 1\n			name: EML-2.0.1\n		[ 3 ]:\n			uniqueId: 2\n			name: EML-2.1.0\n		[ 4 ]:\n			uniqueId: 20\n			name: LUQ-LTER\n	quantity:\n		uniqueId: 32\n		name: area\n	timestamp: \n\n'),(239,'Unit',50,'9303841f49321b5a80f6fc9d08280994','2012-10-03 19:52:32','Entity: Unit\n	uniqueId: 50\n	name: squareMile\n	abbreviation: mile²\n	description: 1 mile squared\n	parentSI:\n		uniqueId: 10\n		name: squareMeter\n		siMultiplier: 2590000\n		siConstant: \n	deprecatedTo:\n		uniqueId: 220\n		name: mileSquared\n		deprecatedDueTo: \n	scopes:\n		[ 0 ]:\n			uniqueId: 1\n			name: EML-2.0.1\n		[ 1 ]:\n			uniqueId: 2\n			name: EML-2.1.0\n		[ 2 ]:\n			uniqueId: 20\n			name: LUQ-LTER\n	quantity:\n		uniqueId: 32\n		name: area\n	timestamp: \n\n'),(240,'Unit',69,'9303841f49321b5a80f6fc9d08280994','2012-10-03 19:52:49','Entity: Unit\n	uniqueId: 69\n	name: squareMillimeters\n	abbreviation: mm²\n	description: square millmeters\n	parentSI:\n		uniqueId: 10\n		name: squareMeter\n		siMultiplier: 0.000001\n		siConstant: \n	deprecatedTo:\n		uniqueId: 223\n		name: millimeterSquared\n		deprecatedDueTo: \n	scopes:\n		[ 0 ]:\n			uniqueId: 6\n			name: AND-LTER\n		[ 1 ]:\n			uniqueId: 1\n			name: EML-2.0.1\n		[ 2 ]:\n			uniqueId: 2\n			name: EML-2.1.0\n	quantity:\n		uniqueId: 32\n		name: area\n	timestamp: 2010-10-07 14:47:42\n\n'),(241,'Unit',138,'9303841f49321b5a80f6fc9d08280994','2012-10-03 19:53:06','Entity: Unit\n	uniqueId: 138\n	name: squareYard\n	abbreviation: yd²\n	description: 36 inches squared\n	parentSI:\n		uniqueId: 10\n		name: squareMeter\n		siMultiplier: 0.836131\n		siConstant: \n	deprecatedTo:\n		uniqueId: 246\n		name: yardSquared\n		deprecatedDueTo: \n	scopes:\n		[ 0 ]:\n			uniqueId: 1\n			name: EML-2.0.1\n		[ 1 ]:\n			uniqueId: 2\n			name: EML-2.1.0\n	quantity:\n		uniqueId: 32\n		name: area\n	timestamp: \n\n'),(242,'Unit',8,'9303841f49321b5a80f6fc9d08280994','2012-10-03 19:53:24','Entity: Unit\n	uniqueId: 8\n	name: tesla\n	abbreviation: T\n	description: tesla\n	scopes:\n		[ 0 ]:\n			uniqueId: 1\n			name: EML-2.0.1\n		[ 1 ]:\n			uniqueId: 2\n			name: EML-2.1.0\n		[ 2 ]:\n			uniqueId: 3\n			name: EML-LTER\n	quantity:\n		uniqueId: 36\n		name: magneticFluxDensity\n	timestamp: \n\n'),(243,'Unit',82,'9303841f49321b5a80f6fc9d08280994','2012-10-03 19:53:44','Entity: Unit\n	uniqueId: 82\n	name: ton\n	abbreviation: ton\n	description: standard US (short) ton = 2000 lbs\n	parentSI:\n		uniqueId: 44\n		name: kilogram\n		siMultiplier: 907.2\n		siConstant: \n	scopes:\n		[ 0 ]:\n			uniqueId: 1\n			name: EML-2.0.1\n		[ 1 ]:\n			uniqueId: 2\n			name: EML-2.1.0\n		[ 2 ]:\n			uniqueId: 3\n			name: EML-LTER\n	quantity:\n		uniqueId: 13\n		name: mass\n	timestamp: \n\n'),(244,'Unit',160,'9303841f49321b5a80f6fc9d08280994','2012-10-03 19:54:12','Entity: Unit\n	uniqueId: 160\n	name: tonne\n	abbreviation: T\n	description: metric ton or tonne\n	parentSI:\n		uniqueId: 44\n		name: kilogram\n		siMultiplier: 1000\n		siConstant: \n	scopes:\n		[ 0 ]:\n			uniqueId: 1\n			name: EML-2.0.1\n		[ 1 ]:\n			uniqueId: 2\n			name: EML-2.1.0\n		[ 2 ]:\n			uniqueId: 3\n			name: EML-LTER\n	quantity:\n		uniqueId: 13\n		name: mass\n	timestamp: \n\n'),(245,'Unit',101,'9303841f49321b5a80f6fc9d08280994','2012-10-03 19:54:33','Entity: Unit\n	uniqueId: 101\n	name: tonnePerHectare\n	abbreviation: \n	description: metric ton or tonne per hectare\n	parentSI:\n		uniqueId: 18\n		name: kilogramsPerSquareMeter\n		siMultiplier: 0.1\n		siConstant: \n	scopes:\n		[ 0 ]:\n			uniqueId: 1\n			name: EML-2.0.1\n		[ 1 ]:\n			uniqueId: 2\n			name: EML-2.1.0\n		[ 2 ]:\n			uniqueId: 3\n			name: EML-LTER\n	quantity:\n		uniqueId: 5\n		name: arealMassDensity\n	timestamp: \n\n'),(246,'Unit',165,'9303841f49321b5a80f6fc9d08280994','2012-10-03 19:54:52','Entity: Unit\n	uniqueId: 165\n	name: tonnesPerYear\n	abbreviation: \n	description: tonnes Per Year\n	parentSI:\n		uniqueId: 56\n		name: kilogramsPerSecond\n		siMultiplier: 0.0000317\n		siConstant: \n	deprecatedTo:\n		uniqueId: 254\n		name: tonnePerYear\n		deprecatedDueTo: \n	scopes:\n		[ 0 ]:\n			uniqueId: 1\n			name: EML-2.0.1\n		[ 1 ]:\n			uniqueId: 2\n			name: EML-2.1.0\n	quantity:\n		uniqueId: 19\n		name: massFlux\n	timestamp: \n\n'),(247,'Unit',11,'9303841f49321b5a80f6fc9d08280994','2012-10-03 19:55:16','Entity: Unit\n	uniqueId: 11\n	name: volt\n	abbreviation: V\n	description: volt\n	scopes:\n		[ 0 ]:\n			uniqueId: 9\n			name: BNZ-LTER\n		[ 1 ]:\n			uniqueId: 1\n			name: EML-2.0.1\n		[ 2 ]:\n			uniqueId: 2\n			name: EML-2.1.0\n		[ 3 ]:\n			uniqueId: 3\n			name: EML-LTER\n	quantity:\n		uniqueId: 3\n		name: potentialDifference\n	timestamp: \n\n'),(248,'Unit',3,'9303841f49321b5a80f6fc9d08280994','2012-10-03 19:55:34','Entity: Unit\n	uniqueId: 3\n	name: watt\n	abbreviation: W\n	description: watt = J/s\n	scopes:\n		[ 0 ]:\n			uniqueId: 1\n			name: EML-2.0.1\n		[ 1 ]:\n			uniqueId: 2\n			name: EML-2.1.0\n		[ 2 ]:\n			uniqueId: 3\n			name: EML-LTER\n	quantity:\n		uniqueId: 14\n		name: power\n	timestamp: \n\n'),(249,'Unit',49,'9303841f49321b5a80f6fc9d08280994','2012-10-03 19:55:52','Entity: Unit\n	uniqueId: 49\n	name: weber\n	abbreviation: Wb\n	description: weber\n	scopes:\n		[ 0 ]:\n			uniqueId: 1\n			name: EML-2.0.1\n		[ 1 ]:\n			uniqueId: 2\n			name: EML-2.1.0\n		[ 2 ]:\n			uniqueId: 3\n			name: EML-LTER\n	quantity:\n		uniqueId: 7\n		name: magneticFlux\n	timestamp: \n\n'),(250,'Unit',630,'9303841f49321b5a80f6fc9d08280994','2012-10-31 16:34:19','Entity: Unit\n	uniqueId: 630\n	name: partsPerMillion\n	abbreviation: ppm\n	description: ratio of two quantities as parts per million (1:1000000)\n	scopes:\n		[ 0 ]:\n			uniqueId: 9\n			name: BNZ-LTER\n		[ 1 ]:\n			uniqueId: 10\n			name: CDR-LTER\n		[ 2 ]:\n			uniqueId: 14\n			name: GCE-LTER\n		[ 3 ]:\n			uniqueId: 15\n			name: HFR-LTER\n		[ 4 ]:\n			uniqueId: 19\n			name: KNZ-LTER\n		[ 5 ]:\n			uniqueId: 23\n			name: NWT-LTER\n	quantity:\n		uniqueId: 45\n		name: dimensionless\n	timestamp: 2011-01-04 12:36:18\n\n'),(251,'Unit',1235,'9303841f49321b5a80f6fc9d08280994','2012-10-31 17:38:37',NULL),(252,'Unit',505,'9303841f49321b5a80f6fc9d08280994','2012-10-31 17:39:56','Entity: Unit\n	uniqueId: 505\n	name: langleys\n	abbreviation: langleys\n	description: 1 langley= 4.187 Joules per square centimeter; langley per day=0.4846 W per square meter; (W=1 Joule per sec)\n	scopes:\n		[ 0 ]:\n			uniqueId: 6\n			name: AND-LTER\n		[ 1 ]:\n			uniqueId: 23\n			name: NWT-LTER\n	quantity:\n		uniqueId: 72\n		name: powerDensity\n	timestamp: \n\n'),(253,'Unit',955,'9303841f49321b5a80f6fc9d08280994','2012-10-31 17:41:00','Entity: Unit\n	uniqueId: 955\n	name: molePerMeterSquaredPerSecond\n	abbreviation: mol/m²/s\n	description: SI unit of areal density rate\n	scopes:\n		[ 0 ]:\n			uniqueId: 15\n			name: HFR-LTER\n		[ 1 ]:\n			uniqueId: 30\n			name: LTER-ADDED\n	quantity:\n		uniqueId: 58\n		name: arealConcentrationFlux\n	timestamp: 2011-01-03 17:31:28\n\n'),(254,'Unit',273,'9303841f49321b5a80f6fc9d08280994','2012-10-31 17:42:00','Entity: Unit\n	uniqueId: 273\n	name: percent\n	abbreviation: %\n	description: ratio of two quantities as percent composition (1:100)\n	parentSI:\n		uniqueId: 307\n		name: numberPerNumber\n		siMultiplier: 100\n		siConstant: \n	scopes:\n		[ 0 ]:\n			uniqueId: 9\n			name: BNZ-LTER\n		[ 1 ]:\n			uniqueId: 11\n			name: CAP-LTER\n		[ 2 ]:\n			uniqueId: 10\n			name: CDR-LTER\n		[ 3 ]:\n			uniqueId: 13\n			name: FCE-LTER\n		[ 4 ]:\n			uniqueId: 14\n			name: GCE-LTER\n		[ 5 ]:\n			uniqueId: 16\n			name: HBR-LTER\n		[ 6 ]:\n			uniqueId: 19\n			name: KNZ-LTER\n		[ 7 ]:\n			uniqueId: 21\n			name: MCM-LTER\n		[ 8 ]:\n			uniqueId: 24\n			name: NTL-LTER\n		[ 9 ]:\n			uniqueId: 23\n			name: NWT-LTER\n		[ 10 ]:\n			uniqueId: 4\n			name: PAL-LTER\n		[ 11 ]:\n			uniqueId: 25\n			name: PIE-LTER\n	quantity:\n		uniqueId: 45\n		name: dimensionless\n	timestamp: 2011-01-04 12:27:19\n\n'),(255,'Unit',920,'9303841f49321b5a80f6fc9d08280994','2012-10-31 17:42:51','Entity: Unit\n	uniqueId: 920\n	name: megaJouleperSquareMeter\n	abbreviation: \n	description: \n	scopes:\n		[ 0 ]:\n			uniqueId: 11\n			name: CAP-LTER\n	timestamp: \n\n'),(256,'Unit',1236,'9303841f49321b5a80f6fc9d08280994','2012-10-31 17:44:04',NULL),(257,'Unit',1236,'9303841f49321b5a80f6fc9d08280994','2012-10-31 17:44:10','Entity: Unit\n	uniqueId: 1236\n	name: micromolePerMole\n	abbreviation: \n	description: \n	scopes:\n		[ 0 ]:\n			uniqueId: 28\n			name: SGS-LTER\n	timestamp: 2012-10-31 11:44:04\n\n'),(258,'Unit',677,'9303841f49321b5a80f6fc9d08280994','2012-10-31 17:44:56','Entity: Unit\n	uniqueId: 677\n	name: partPerMillion\n	abbreviation: ppm\n	description: ratio of two quantities as parts per million (1:1000000)\n	scopes:\n		[ 0 ]:\n			uniqueId: 7\n			name: ARC-LTER\n	quantity:\n		uniqueId: 45\n		name: dimensionless\n	timestamp: \n\n'),(259,'Unit',500,'9303841f49321b5a80f6fc9d08280994','2012-12-13 21:06:02','Entity: Unit\n	uniqueId: 500\n	name: degrees latitude or longitude\n	abbreviation: degrees lat-lon\n	description: degrees; latitude (parallel) or longitude (meridian)\n	scopes:\n		[ 0 ]:\n			uniqueId: 6\n			name: AND-LTER\n		[ 1 ]:\n			uniqueId: 9\n			name: BNZ-LTER\n		[ 2 ]:\n			uniqueId: 18\n			name: KBS-LTER\n	quantity:\n		uniqueId: 70\n		name: latitudeLongitude\n	timestamp: 2011-05-13 07:40:10\n\n'),(260,'Unit',209,'9303841f49321b5a80f6fc9d08280994','2012-12-18 19:41:42','Entity: Unit\n	uniqueId: 209\n	name: centimeterSquared\n	abbreviation: \n	description: square centimeters\n	parentSI:\n		uniqueId: 10\n		name: squareMeter\n		siMultiplier: 0.0001\n		siConstant: \n	scopes:\n		[ 0 ]:\n			uniqueId: 3\n			name: EML-LTER\n	quantity:\n		uniqueId: 32\n		name: area\n	timestamp: \n\n'),(261,'Unit',258,'9303841f49321b5a80f6fc9d08280994','2012-12-18 19:44:52','Entity: Unit\n	uniqueId: 258\n	name: centimeterPerSecond\n	abbreviation: cm/s\n	description: centimeters per second\n	parentSI:\n		uniqueId: 113\n		name: metersPerSecond\n		siMultiplier: 0.01\n		siConstant: \n	scopes:\n		[ 0 ]:\n			uniqueId: 3\n			name: EML-LTER\n	quantity:\n		uniqueId: 38\n		name: speed\n	timestamp: \n\n'),(262,'Unit',258,'9303841f49321b5a80f6fc9d08280994','2012-12-18 19:45:48','Entity: Unit\n	uniqueId: 258\n	name: centimeterPerSecond\n	abbreviation: cm/s\n	description: centimeters per second\n	parentSI:\n		uniqueId: 113\n		name: metersPerSecond\n		siMultiplier: 0.01\n		siConstant: \n	scopes:\n		[ 0 ]:\n			uniqueId: 3\n			name: EML-LTER\n		[ 1 ]:\n			uniqueId: 28\n			name: SGS-LTER\n	quantity:\n		uniqueId: 38\n		name: speed\n	timestamp: 2012-12-18 12:44:52\n\n'),(263,'Unit',240,'9303841f49321b5a80f6fc9d08280994','2012-12-20 18:13:56','Entity: Unit\n	uniqueId: 240\n	name: meterPerSecond\n	abbreviation: m/s\n	description: meters per second\n	scopes:\n		[ 0 ]:\n			uniqueId: 9\n			name: BNZ-LTER\n		[ 1 ]:\n			uniqueId: 3\n			name: EML-LTER\n	quantity:\n		uniqueId: 38\n		name: speed\n	timestamp: \n\n'),(264,'Unit',240,'9303841f49321b5a80f6fc9d08280994','2012-12-20 18:15:02','Entity: Unit\n	uniqueId: 240\n	name: meterPerSecond\n	abbreviation: m/s\n	description: meters per second\n	scopes:\n		[ 0 ]:\n			uniqueId: 9\n			name: BNZ-LTER\n		[ 1 ]:\n			uniqueId: 3\n			name: EML-LTER\n		[ 2 ]:\n			uniqueId: 28\n			name: SGS-LTER\n	quantity:\n		uniqueId: 38\n		name: speed\n	timestamp: 2012-12-20 11:13:56\n\n'),(265,'Unit',359,'9303841f49321b5a80f6fc9d08280994','2012-12-20 18:15:26','Entity: Unit\n	uniqueId: 359\n	name: megajoulePerMeterSquaredPerDay\n	abbreviation: MJ/m2/day\n	description: megajoules per square meter per day\n	parentSI:\n		uniqueId: 359\n		name: megajoulePerMeterSquaredPerDay\n		siMultiplier: 1\n		siConstant: \n	scopes:\n		[ 0 ]:\n			uniqueId: 15\n			name: HFR-LTER\n		[ 1 ]:\n			uniqueId: 25\n			name: PIE-LTER\n	quantity:\n		uniqueId: 60\n		name: arealEnergyDensityRate\n	timestamp: 2010-06-17 13:25:12\n\n'),(266,'Unit',543,'9303841f49321b5a80f6fc9d08280994','2012-12-20 18:18:35','Entity: Unit\n	uniqueId: 543\n	name: squareCentimeter\n	abbreviation: cm²\n	description: square centimeters\n	parentSI:\n		uniqueId: 10\n		name: squareMeter\n		siMultiplier: 0.0001\n		siConstant: \n	scopes:\n		[ 0 ]:\n			uniqueId: 6\n			name: AND-LTER\n		[ 1 ]:\n			uniqueId: 9\n			name: BNZ-LTER\n	quantity:\n		uniqueId: 32\n		name: area\n	timestamp: \n\n'),(267,'Unit',543,'9303841f49321b5a80f6fc9d08280994','2012-12-20 18:21:20','Entity: Unit\n	uniqueId: 543\n	name: squareCentimeter\n	abbreviation: cm²\n	description: square centimeters\n	parentSI:\n		uniqueId: 10\n		name: squareMeter\n		siMultiplier: 0.0001\n		siConstant: \n	scopes:\n		[ 0 ]:\n			uniqueId: 6\n			name: AND-LTER\n		[ 1 ]:\n			uniqueId: 9\n			name: BNZ-LTER\n		[ 2 ]:\n			uniqueId: 28\n			name: SGS-LTER\n	quantity:\n		uniqueId: 32\n		name: area\n	timestamp: 2012-12-20 11:18:35\n\n'),(268,'Unit',47,'9303841f49321b5a80f6fc9d08280994','2012-12-20 18:36:09','Entity: Unit\n	uniqueId: 47\n	name: coulomb\n	abbreviation: C\n	description: SI unit of charge\n	scopes:\n		[ 0 ]:\n			uniqueId: 1\n			name: EML-2.0.1\n		[ 1 ]:\n			uniqueId: 2\n			name: EML-2.1.0\n		[ 2 ]:\n			uniqueId: 3\n			name: EML-LTER\n	quantity:\n		uniqueId: 51\n		name: charge\n	timestamp: \n\n'),(269,'Unit',47,'9303841f49321b5a80f6fc9d08280994','2012-12-20 18:36:57','Entity: Unit\n	uniqueId: 47\n	name: coulomb\n	abbreviation: C\n	description: SI unit of charge\n	scopes:\n		[ 0 ]:\n			uniqueId: 1\n			name: EML-2.0.1\n		[ 1 ]:\n			uniqueId: 2\n			name: EML-2.1.0\n		[ 2 ]:\n			uniqueId: 3\n			name: EML-LTER\n		[ 3 ]:\n			uniqueId: 28\n			name: SGS-LTER\n	quantity:\n		uniqueId: 51\n		name: charge\n	timestamp: 2012-12-20 11:36:09\n\n'),(270,'Unit',24,'9303841f49321b5a80f6fc9d08280994','2012-12-20 18:37:13','Entity: Unit\n	uniqueId: 24\n	name: cubicMeterPerKilogram\n	abbreviation: m³/kg\n	description: cubic meters per kilogram\n	deprecatedTo:\n		uniqueId: 205\n		name: meterCubedPerKilogram\n		deprecatedDueTo: \n	scopes:\n		[ 0 ]:\n			uniqueId: 1\n			name: EML-2.0.1\n		[ 1 ]:\n			uniqueId: 2\n			name: EML-2.1.0\n	quantity:\n		uniqueId: 34\n		name: specificVolume\n	timestamp: \n\n'),(271,'Unit',24,'9303841f49321b5a80f6fc9d08280994','2012-12-20 18:37:23','Entity: Unit\n	uniqueId: 24\n	name: cubicMeterPerKilogram\n	abbreviation: m³/kg\n	description: cubic meters per kilogram\n	deprecatedTo:\n		uniqueId: 205\n		name: meterCubedPerKilogram\n		deprecatedDueTo: \n	scopes:\n		[ 0 ]:\n			uniqueId: 1\n			name: EML-2.0.1\n		[ 1 ]:\n			uniqueId: 2\n			name: EML-2.1.0\n	quantity:\n		uniqueId: 34\n		name: specificVolume\n	timestamp: 2012-12-20 11:37:13\n\n'),(272,'Unit',28,'9303841f49321b5a80f6fc9d08280994','2012-12-20 18:37:44','Entity: Unit\n	uniqueId: 28\n	name: cubicMetersPerSecond\n	abbreviation: m³/s\n	description: cubic meters per second\n	parentSI:\n		uniqueId: 15\n		name: litersPerSecond\n		siMultiplier: 1\n		siConstant: \n	deprecatedTo:\n		uniqueId: 208\n		name: meterCubedPerSecond\n		deprecatedDueTo: \n	scopes:\n		[ 0 ]:\n			uniqueId: 1\n			name: EML-2.0.1\n		[ 1 ]:\n			uniqueId: 2\n			name: EML-2.1.0\n		[ 2 ]:\n			uniqueId: 20\n			name: LUQ-LTER\n	quantity:\n		uniqueId: 8\n		name: volumetricRate\n	timestamp: \n\n'),(273,'Unit',116,'9303841f49321b5a80f6fc9d08280994','2012-12-20 18:38:15','Entity: Unit\n	uniqueId: 116\n	name: feetPerDay\n	abbreviation: ft/day\n	description: feet per day\n	parentSI:\n		uniqueId: 113\n		name: metersPerSecond\n		siMultiplier: 0.00000352778\n		siConstant: \n	deprecatedTo:\n		uniqueId: 241\n		name: footPerDay\n		deprecatedDueTo: \n	scopes:\n		[ 0 ]:\n			uniqueId: 1\n			name: EML-2.0.1\n		[ 1 ]:\n			uniqueId: 2\n			name: EML-2.1.0\n	quantity:\n		uniqueId: 38\n		name: speed\n	timestamp: \n\n'),(274,'Unit',154,'9303841f49321b5a80f6fc9d08280994','2012-12-20 18:38:33','Entity: Unit\n	uniqueId: 154\n	name: feetPerHour\n	abbreviation: ft/hr\n	description: feet per hour\n	parentSI:\n		uniqueId: 113\n		name: metersPerSecond\n		siMultiplier: 0.000084667\n		siConstant: \n	deprecatedTo:\n		uniqueId: 252\n		name: footPerHour\n		deprecatedDueTo: \n	scopes:\n		[ 0 ]:\n			uniqueId: 1\n			name: EML-2.0.1\n		[ 1 ]:\n			uniqueId: 2\n			name: EML-2.1.0\n	quantity:\n		uniqueId: 38\n		name: speed\n	timestamp: \n\n'),(275,'Unit',151,'9303841f49321b5a80f6fc9d08280994','2012-12-20 18:38:53','Entity: Unit\n	uniqueId: 151\n	name: feetPerSecond\n	abbreviation: ft/s\n	description: feet per second\n	parentSI:\n		uniqueId: 113\n		name: metersPerSecond\n		siMultiplier: 0.3048\n		siConstant: \n	deprecatedTo:\n		uniqueId: 251\n		name: footPerSecond\n		deprecatedDueTo: \n	scopes:\n		[ 0 ]:\n			uniqueId: 1\n			name: EML-2.0.1\n		[ 1 ]:\n			uniqueId: 2\n			name: EML-2.1.0\n	quantity:\n		uniqueId: 38\n		name: speed\n	timestamp: \n\n'),(276,'Unit',533,'9303841f49321b5a80f6fc9d08280994','2012-12-20 18:39:29','Entity: Unit\n	uniqueId: 533\n	name: number\n	abbreviation: number\n	description: dimensionless number, i.e., ratio, count\n	parentSI:\n		uniqueId: 119\n		name: dimensionless\n		siMultiplier: 1\n		siConstant: \n	scopes:\n		[ 0 ]:\n			uniqueId: 6\n			name: AND-LTER\n		[ 1 ]:\n			uniqueId: 20\n			name: LUQ-LTER\n	quantity:\n		uniqueId: 45\n		name: dimensionless\n	timestamp: \n\n'),(277,'Unit',46,'9303841f49321b5a80f6fc9d08280994','2012-12-21 18:30:17','Entity: Unit\n	uniqueId: 46\n	name: squareFoot\n	abbreviation: ft²\n	description: 12 inches squared\n	parentSI:\n		uniqueId: 10\n		name: squareMeter\n		siMultiplier: 0.092903\n		siConstant: \n	deprecatedTo:\n		uniqueId: 219\n		name: footSquared\n		deprecatedDueTo: \n	scopes:\n		[ 0 ]:\n			uniqueId: 1\n			name: EML-2.0.1\n		[ 1 ]:\n			uniqueId: 2\n			name: EML-2.1.0\n	quantity:\n		uniqueId: 32\n		name: area\n	timestamp: \n\n'),(278,'Unit',361,'9303841f49321b5a80f6fc9d08280994','2012-12-31 16:47:47','Entity: Unit\n	uniqueId: 361\n	name: micromolePerMeterSquaredPerSecond\n	abbreviation: umol/m2/second\n	description: micromole per meter squared per second\n	parentSI:\n		uniqueId: 363\n		name: molePerMeterSquaredPerDay\n		siMultiplier: 0.0864\n		siConstant: \n	scopes:\n		[ 0 ]:\n			uniqueId: 15\n			name: HFR-LTER\n		[ 1 ]:\n			uniqueId: 25\n			name: PIE-LTER\n	quantity:\n		uniqueId: 41\n		name: arealMassDensityRate\n	timestamp: 2010-06-17 13:59:12\n\n'),(279,'Unit',1151,'9303841f49321b5a80f6fc9d08280994','2012-12-31 16:51:10','Entity: Unit\n	uniqueId: 1151\n	name: mbars\n	abbreviation: \n	description: \n	scopes:\n		[ 0 ]:\n			uniqueId: 9\n			name: BNZ-LTER\n	timestamp: \n\n'),(280,'Unit',117,'9303841f49321b5a80f6fc9d08280994','2013-01-03 21:40:33','Entity: Unit\n	uniqueId: 117\n	name: calorie\n	abbreviation: cal\n	description: 1 cal = 4.1868 J\n	parentSI:\n		uniqueId: 23\n		name: joule\n		siMultiplier: 4.1868\n		siConstant: \n	scopes:\n		[ 0 ]:\n			uniqueId: 1\n			name: EML-2.0.1\n		[ 1 ]:\n			uniqueId: 2\n			name: EML-2.1.0\n		[ 2 ]:\n			uniqueId: 3\n			name: EML-LTER\n		[ 3 ]:\n			uniqueId: 28\n			name: SGS-LTER\n		[ 4 ]:\n			uniqueId: 28\n			name: SGS-LTER\n	quantity:\n		uniqueId: 29\n		name: energy\n	timestamp: 2012-10-03 12:22:12\n\n'),(281,'Unit',47,'9303841f49321b5a80f6fc9d08280994','2013-01-03 21:42:14','Entity: Unit\n	uniqueId: 47\n	name: coulomb\n	abbreviation: C\n	description: SI unit of charge\n	scopes:\n		[ 0 ]:\n			uniqueId: 1\n			name: EML-2.0.1\n		[ 1 ]:\n			uniqueId: 2\n			name: EML-2.1.0\n		[ 2 ]:\n			uniqueId: 3\n			name: EML-LTER\n		[ 3 ]:\n			uniqueId: 28\n			name: SGS-LTER\n		[ 4 ]:\n			uniqueId: 28\n			name: SGS-LTER\n	quantity:\n		uniqueId: 51\n		name: charge\n	timestamp: 2012-12-20 11:36:57\n\n'),(282,'Unit',61,'9303841f49321b5a80f6fc9d08280994','2013-01-03 21:46:53','Entity: Unit\n	uniqueId: 61\n	name: number\n	abbreviation: \n	description: a number\n	scopes:\n		[ 0 ]:\n			uniqueId: 1\n			name: EML-2.0.1\n		[ 1 ]:\n			uniqueId: 2\n			name: EML-2.1.0\n		[ 2 ]:\n			uniqueId: 3\n			name: EML-LTER\n		[ 3 ]:\n			uniqueId: 28\n			name: SGS-LTER\n	quantity:\n		uniqueId: 45\n		name: dimensionless\n	timestamp: 2012-10-03 13:46:54\n\n'),(283,'Unit',31,'9303841f49321b5a80f6fc9d08280994','2013-01-03 21:48:22','Entity: Unit\n	uniqueId: 31\n	name: squareCentimeters\n	abbreviation: \n	description: square centimeters\n	parentSI:\n		uniqueId: 10\n		name: squareMeter\n		siMultiplier: 0.0001\n		siConstant: \n	deprecatedTo:\n		uniqueId: 209\n		name: centimeterSquared\n		deprecatedDueTo: \n	scopes:\n		[ 0 ]:\n			uniqueId: 1\n			name: EML-2.0.1\n		[ 1 ]:\n			uniqueId: 2\n			name: EML-2.1.0\n		[ 2 ]:\n			uniqueId: 28\n			name: SGS-LTER\n		[ 3 ]:\n			uniqueId: 28\n			name: SGS-LTER\n	quantity:\n		uniqueId: 32\n		name: area\n	timestamp: 2012-10-03 13:51:31\n\n'),(284,'Unit',568,'649823d24ee84ca466c144b7655c6a03','2013-05-08 21:18:54','Entity: Unit\n	uniqueId: 568\n	name: gramsPerMeterSquarePerHour\n	abbreviation: g m-2 h-1\n	description: grams per square meter per hour (area flux)\n	scopes:\n		[ 0 ]:\n			uniqueId: 16\n			name: HBR-LTER\n	quantity:\n		uniqueId: 1\n		name: amountOfSubstanceWeightFlux\n	timestamp: \n\n'),(285,'Unit',1237,'5f2dc3dc74d52ae75ed76148bb269a51','2013-08-20 20:27:57',NULL),(286,'Unit',1238,'5f2dc3dc74d52ae75ed76148bb269a51','2013-08-20 20:30:13',NULL),(287,'Unit',1238,'5f2dc3dc74d52ae75ed76148bb269a51','2013-08-20 20:30:21','Entity: Unit\n	uniqueId: 1238\n	name: micromolePerGramPerSecond\n	abbreviation: \n	description: \n	scopes:\n	timestamp: 2013-08-20 14:30:13\n\n'),(288,'Unit',1238,'5f2dc3dc74d52ae75ed76148bb269a51','2013-08-20 20:30:28','Entity: Unit\n	uniqueId: 1238\n	name: micromolePerGramPerSecond\n	abbreviation: \n	description: \n	scopes:\n	timestamp: 2013-08-20 14:30:21\n\n'),(289,'Unit',1237,'5f2dc3dc74d52ae75ed76148bb269a51','2013-08-20 20:31:50','Entity: Unit\n	uniqueId: 1237\n	name: micromolesPerGramPerSecond\n	abbreviation: \n	description: \n	scopes:\n		[ 0 ]:\n			uniqueId: 28\n			name: SGS-LTER\n	timestamp: 2013-08-20 14:27:57\n\n'),(290,'Unit',1237,'5f2dc3dc74d52ae75ed76148bb269a51','2013-08-20 20:31:56','Entity: Unit\n	uniqueId: 1237\n	name: micromolePerGramPerSecond\n	abbreviation: \n	description: \n	scopes:\n		[ 0 ]:\n			uniqueId: 28\n			name: SGS-LTER\n	timestamp: 2013-08-20 14:31:50\n\n'),(291,'Unit',1239,'1a8cda974313ec8698cb4a0f1bd83399','2013-11-05 23:44:21',NULL),(292,'Unit',1239,'1a8cda974313ec8698cb4a0f1bd83399','2013-11-05 23:44:42','Entity: Unit\n	uniqueId: 1239\n	name: miles\n	abbreviation: mi\n	description: distance measured in miles\n	parentSI:\n		uniqueId: 161\n		name: mile\n		siMultiplier: \n		siConstant: \n	scopes:\n	quantity:\n		uniqueId: 48\n		name: length\n	timestamp: 2013-11-05 16:44:21\n\n'),(293,'Unit',1240,'fce1671c404e7f750cc3b036d1da7bf7','2014-03-17 23:06:21',NULL),(294,'Unit',1240,'fce1671c404e7f750cc3b036d1da7bf7','2014-03-17 23:13:01','Entity: Unit\n	uniqueId: 1240\n	name: enzymeActivityPerGram\n	abbreviation: U/g\n	description: Enzyme activity, in U (enzyme unit) per gram\n	parentSI:\n		uniqueId: 103\n		name: katal\n		siMultiplier: 1.667e-8\n		siConstant: \n	scopes:\n	quantity:\n		uniqueId: 20\n		name: catalyticActivity\n	timestamp: 2014-03-17 17:06:21\n\n'),(295,'Unit',1240,'fce1671c404e7f750cc3b036d1da7bf7','2014-03-17 23:16:32','Entity: Unit\n	uniqueId: 1240\n	name: enzymeActivityPerGram\n	abbreviation: U/g\n	description: Enzyme activity, in U (enzyme unit) per gram\n	parentSI:\n		uniqueId: 103\n		name: katal\n		siMultiplier: 0.0000001.667\n		siConstant: \n	scopes:\n	quantity:\n		uniqueId: 20\n		name: catalyticActivity\n	timestamp: 2014-03-17 17:13:01\n\n'),(296,'Unit',1240,'fce1671c404e7f750cc3b036d1da7bf7','2014-03-17 23:17:11','Entity: Unit\n	uniqueId: 1240\n	name: enzymeActivityPerGram\n	abbreviation: U/g\n	description: Enzyme activity, in U (enzyme unit) per gram\n	parentSI:\n		uniqueId: 103\n		name: katal\n		siMultiplier: 0.0000001667\n		siConstant: \n	scopes:\n	quantity:\n		uniqueId: 20\n		name: catalyticActivity\n	timestamp: 2014-03-17 17:16:32\n\n'),(297,'Unit',595,'fce1671c404e7f750cc3b036d1da7bf7','2014-05-08 22:20:39','Entity: Unit\n	uniqueId: 595\n	name: decaysPerMinute\n	abbreviation: decay/min/L\n	description: \n	parentSI:\n		uniqueId: 581\n		name: becquerelPerLiter\n		siMultiplier: 0.0166667\n		siConstant: 0\n	scopes:\n		[ 0 ]:\n			uniqueId: 24\n			name: NTL-LTER\n	quantity:\n		uniqueId: 77\n		name: radionucleotideActivityDensity\n	timestamp: \n\n'),(298,'Unit',606,'fce1671c404e7f750cc3b036d1da7bf7','2014-05-08 22:20:46','Entity: Unit\n	uniqueId: 606\n	name: decaysPerMinutePerLiter\n	abbreviation: decay/min\n	description: \n	parentSI:\n		uniqueId: 65\n		name: becquerel\n		siMultiplier: 0.0166667\n		siConstant: 0\n	scopes:\n		[ 0 ]:\n			uniqueId: 24\n			name: NTL-LTER\n	quantity:\n		uniqueId: 12\n		name: radionucleotideActivity\n	timestamp: \n\n'),(299,'Unit',1241,'eba3c7c50dbcf192b084a17b71362227','2014-06-26 18:36:38',NULL),(300,'Unit',731,'fbe6c784909b9dd1ce0500f65ce31069','2014-09-30 15:20:11','Entity: Unit\n	uniqueId: 731\n	name: microgramsPerGramPerDay\n	abbreviation: µg/g/day\n	description: microgram per gram per day\n	parentSI:\n		uniqueId: 94\n		name: gramsPerGram\n		siMultiplier: \n		siConstant: \n	scopes:\n		[ 0 ]:\n			uniqueId: 23\n			name: NWT-LTER\n	timestamp: \n\n'),(301,'Unit',1242,'fbe6c784909b9dd1ce0500f65ce31069','2014-09-30 15:22:17',NULL),(302,'Unit',1243,'d767b839b2b2ed71147609fbb5eb90ed','2015-04-17 21:01:38',NULL),(303,'Unit',1244,'fce1671c404e7f750cc3b036d1da7bf7','2015-04-20 19:35:29',NULL),(304,'Unit',1244,'fce1671c404e7f750cc3b036d1da7bf7','2015-04-20 19:37:00','Entity: Unit\n	uniqueId: 1244\n	name: microMolesPerLiterPerDay\n	abbreviation: µM/L/d\n	description: micro moles of substance per liter per day\n	scopes:\n		[ 0 ]:\n			uniqueId: 4\n			name: PAL-LTER\n	quantity:\n		uniqueId: 1\n		name: amountOfSubstanceWeightFlux\n	timestamp: 2015-04-20 13:35:29\n\n'),(305,'Unit',1244,'fce1671c404e7f750cc3b036d1da7bf7','2015-04-20 19:37:29','Entity: Unit\n	uniqueId: 1244\n	name: micromolePerLiterPerDay\n	abbreviation: µM/L/d\n	description: micro moles of substance per liter per day\n	scopes:\n		[ 0 ]:\n			uniqueId: 4\n			name: PAL-LTER\n	quantity:\n		uniqueId: 1\n		name: amountOfSubstanceWeightFlux\n	timestamp: 2015-04-20 13:37:00\n\n'),(306,'Unit',1244,'fce1671c404e7f750cc3b036d1da7bf7','2015-04-20 19:39:08','Entity: Unit\n	uniqueId: 1244\n	name: micromolePerLiterPerDay\n	abbreviation: µmol/L/d\n	description: micro moles of substance per liter per day\n	scopes:\n		[ 0 ]:\n			uniqueId: 4\n			name: PAL-LTER\n	quantity:\n		uniqueId: 1\n		name: amountOfSubstanceWeightFlux\n	timestamp: 2015-04-20 13:37:29\n\n'),(307,'Unit',1245,'d767b839b2b2ed71147609fbb5eb90ed','2015-04-22 22:28:04',NULL),(308,'Unit',1246,'fce1671c404e7f750cc3b036d1da7bf7','2015-05-05 18:39:41',NULL),(309,'Unit',1246,'fce1671c404e7f750cc3b036d1da7bf7','2015-05-05 18:42:50','Entity: Unit\n	uniqueId: 1246\n	name: decaysPerMinutePerMeterSquaredPerDay\n	abbreviation: decay/min/m^2/day\n	description: Decays per minute per meter squared per day. Radionucleotide activity flux\n	scopes:\n		[ 0 ]:\n			uniqueId: 4\n			name: PAL-LTER\n	quantity:\n		uniqueId: 12\n		name: radionucleotideActivity\n	timestamp: 2015-05-05 12:39:41\n\n'),(310,'Unit',1247,'fce1671c404e7f750cc3b036d1da7bf7','2015-08-25 19:26:39',NULL),(311,'Unit',1248,'efdaeda48e39e98f74345c6adcf89927','2018-01-19 21:49:17',NULL),(312,'Unit',1249,'efdaeda48e39e98f74345c6adcf89927','2018-01-19 22:50:44',NULL),(313,'Unit',1250,'efdaeda48e39e98f74345c6adcf89927','2018-01-19 23:36:15',NULL),(314,'Unit',1251,'efdaeda48e39e98f74345c6adcf89927','2018-01-19 23:45:52',NULL),(315,'Unit',1252,'efdaeda48e39e98f74345c6adcf89927','2018-01-19 23:46:55',NULL),(316,'Unit',123,'cecad5c0730e823eebb1ae86d2cc5836','2018-02-22 17:59:26','Entity: Unit\n	uniqueId: 123\n	name: amperePerSquareMeter\n	abbreviation: A/m²\n	description: ampere per meter squared\n	deprecatedTo:\n		uniqueId: 242\n		name: amperePerMeterSquared\n		deprecatedDueTo: \n	scopes:\n		[ 0 ]:\n			uniqueId: 1\n			name: EML-2.0.1\n		[ 1 ]:\n			uniqueId: 2\n			name: EML-2.1.0\n	quantity:\n		uniqueId: 33\n		name: currentDensity\n	timestamp: \n\n'),(317,'Unit',123,'cecad5c0730e823eebb1ae86d2cc5836','2018-02-22 18:00:14','Entity: Unit\n	uniqueId: 123\n	name: amperePerSquareMeter\n	abbreviation: A/m²\n	description: ampere per meter squared\n	scopes:\n		[ 0 ]:\n			uniqueId: 1\n			name: EML-2.0.1\n		[ 1 ]:\n			uniqueId: 2\n			name: EML-2.1.0\n	quantity:\n		uniqueId: 33\n		name: currentDensity\n	timestamp: 2018-02-22 10:59:26\n\n'),(318,'Unit',123,'cecad5c0730e823eebb1ae86d2cc5836','2018-02-22 18:00:24','Entity: Unit\n	uniqueId: 123\n	name: amperePerSquareMeter\n	abbreviation: A/m²\n	description: ampere per meter squared\n	deprecatedTo:\n		uniqueId: 242\n		name: amperePerMeterSquared\n		deprecatedDueTo: \n	scopes:\n		[ 0 ]:\n			uniqueId: 1\n			name: EML-2.0.1\n		[ 1 ]:\n			uniqueId: 2\n			name: EML-2.1.0\n	quantity:\n		uniqueId: 33\n		name: currentDensity\n	timestamp: 2018-02-22 11:00:14\n\n'),(319,'Unit',602,'08fa3b3f27c5d65c859a67fd879b637b','2018-02-28 22:03:00','Entity: Unit\n	uniqueId: 602\n	name: nanamole\n	abbreviation: nmol\n	description: \n	parentSI:\n		uniqueId: 4\n		name: mole\n		siMultiplier: 0.000000001\n		siConstant: 0\n	scopes:\n		[ 0 ]:\n			uniqueId: 24\n			name: NTL-LTER\n	quantity:\n		uniqueId: 49\n		name: amount\n	timestamp: \n\n'),(320,'Unit',602,'08fa3b3f27c5d65c859a67fd879b637b','2018-02-28 22:03:27','Entity: Unit\n	uniqueId: 602\n	name: nanamole\n	abbreviation: nmol\n	description: \n	parentSI:\n		uniqueId: 4\n		name: mole\n		siMultiplier: 0.000000001\n		siConstant: 0\n	scopes:\n		[ 0 ]:\n			uniqueId: 24\n			name: NTL-LTER\n	quantity:\n		uniqueId: 49\n		name: amount\n	timestamp: 2018-02-28 15:03:00\n\n'),(321,'Unit',1253,'08fa3b3f27c5d65c859a67fd879b637b','2018-02-28 22:06:43',NULL),(322,'Unit',1252,'08fa3b3f27c5d65c859a67fd879b637b','2018-02-28 22:07:12','Entity: Unit\n	uniqueId: 1252\n	name: picoGramCarbon\n	abbreviation: pgC\n	description: Pico grams of carbon\n	scopes:\n	quantity:\n		uniqueId: 49\n		name: amount\n	timestamp: 2018-01-19 16:46:55\n\n'),(323,'Unit',430,'08fa3b3f27c5d65c859a67fd879b637b','2018-02-28 22:13:43','Entity: Unit\n	uniqueId: 430\n	name: micromolePerLiter\n	abbreviation: µmol l-1\n	description: used for concentration of either dissolved or particulate constituents. same magnitude as micromolar (when used for a dissolved constituent)\n	scopes:\n		[ 0 ]:\n			uniqueId: 26\n			name: SBC-LTER\n	quantity:\n		uniqueId: 28\n		name: amountOfSubstanceConcentration\n	timestamp: 2010-10-06 17:24:31\n\n'),(324,'Unit',476,'08fa3b3f27c5d65c859a67fd879b637b','2018-02-28 22:14:29','Entity: Unit\n	uniqueId: 476\n	name: micromolePerLiter\n	abbreviation: \n	description: concentration, same magnitude as micromolar (for a dissolved constituent)\n	parentSI:\n		uniqueId: 239\n		name: molePerMeterCubed\n		siMultiplier: 0.001\n		siConstant: 0\n	scopes:\n		[ 0 ]:\n			uniqueId: 26\n			name: SBC-LTER\n	quantity:\n		uniqueId: 28\n		name: amountOfSubstanceConcentration\n	timestamp: \n\n'),(325,'Unit',282,'08fa3b3f27c5d65c859a67fd879b637b','2018-02-28 22:15:04','Entity: Unit\n	uniqueId: 282\n	name: micromolePerLiter\n	abbreviation: µmol/L\n	description: micromoles per liter of solution\n	parentSI:\n		uniqueId: 188\n		name: molarity\n		siMultiplier: 0.000001\n		siConstant: \n	scopes:\n		[ 0 ]:\n			uniqueId: 15\n			name: HFR-LTER\n		[ 1 ]:\n			uniqueId: 4\n			name: PAL-LTER\n		[ 2 ]:\n			uniqueId: 25\n			name: PIE-LTER\n	quantity:\n		uniqueId: 28\n		name: amountOfSubstanceConcentration\n	timestamp: 2010-06-17 13:55:59\n\n'),(326,'Unit',282,'08fa3b3f27c5d65c859a67fd879b637b','2018-02-28 22:15:16','Entity: Unit\n	uniqueId: 282\n	name: micromolePerLiter\n	abbreviation: µmol/L\n	description: micromoles per liter of solution\n	parentSI:\n		uniqueId: 188\n		name: molarity\n		siMultiplier: 0.000001\n		siConstant: \n	deprecatedTo:\n		uniqueId: 430\n		name: micromolePerLiter_keep\n		deprecatedDueTo: \n	scopes:\n		[ 0 ]:\n			uniqueId: 15\n			name: HFR-LTER\n		[ 1 ]:\n			uniqueId: 4\n			name: PAL-LTER\n		[ 2 ]:\n			uniqueId: 25\n			name: PIE-LTER\n	quantity:\n		uniqueId: 28\n		name: amountOfSubstanceConcentration\n	timestamp: 2018-02-28 15:15:04\n\n'),(327,'Unit',283,'08fa3b3f27c5d65c859a67fd879b637b','2018-02-28 22:15:59','Entity: Unit\n	uniqueId: 283\n	name: micromolar\n	abbreviation: µM\n	description: M = micromolar=micromolesPerLiter=uM/L\n	scopes:\n		[ 0 ]:\n			uniqueId: 9\n			name: BNZ-LTER\n		[ 1 ]:\n			uniqueId: 4\n			name: PAL-LTER\n	quantity:\n		uniqueId: 28\n		name: amountOfSubstanceConcentration\n	timestamp: \n\n'),(328,'Unit',661,'08fa3b3f27c5d65c859a67fd879b637b','2018-02-28 22:16:35','Entity: Unit\n	uniqueId: 661\n	name: micromolePerLiter\n	abbreviation: µM\n	description: µM = µmoles per liter of solution\n	parentSI:\n		uniqueId: 188\n		name: molarity\n		siMultiplier: 0.000001\n		siConstant: \n	scopes:\n		[ 0 ]:\n			uniqueId: 7\n			name: ARC-LTER\n	quantity:\n		uniqueId: 28\n		name: amountOfSubstanceConcentration\n	timestamp: \n\n'),(329,'Unit',661,'08fa3b3f27c5d65c859a67fd879b637b','2018-02-28 22:16:43','Entity: Unit\n	uniqueId: 661\n	name: micromolePerLiter\n	abbreviation: µM\n	description: µM = µmoles per liter of solution\n	parentSI:\n		uniqueId: 188\n		name: molarity\n		siMultiplier: 0.000001\n		siConstant: \n	deprecatedTo:\n		uniqueId: 430\n		name: micromolePerLiter_keep\n		deprecatedDueTo: \n	scopes:\n		[ 0 ]:\n			uniqueId: 7\n			name: ARC-LTER\n	quantity:\n		uniqueId: 28\n		name: amountOfSubstanceConcentration\n	timestamp: 2018-02-28 15:16:35\n\n'),(330,'Unit',439,'08fa3b3f27c5d65c859a67fd879b637b','2018-02-28 22:17:46','Entity: Unit\n	uniqueId: 439\n	name: micromolesPerLiter\n	abbreviation: \n	description: concentration, same magnitude as micromolar (for a dissolved constituent)\n	parentSI:\n		uniqueId: 239\n		name: molePerMeterCubed\n		siMultiplier: 0.001\n		siConstant: 0\n	scopes:\n		[ 0 ]:\n			uniqueId: 22\n			name: MCR-LTER\n	quantity:\n		uniqueId: 28\n		name: amountOfSubstanceConcentration\n	timestamp: \n\n'),(331,'Unit',439,'08fa3b3f27c5d65c859a67fd879b637b','2018-02-28 22:17:54','Entity: Unit\n	uniqueId: 439\n	name: micromolesPerLiter\n	abbreviation: \n	description: concentration, same magnitude as micromolar (for a dissolved constituent)\n	parentSI:\n		uniqueId: 239\n		name: molePerMeterCubed\n		siMultiplier: 0.001\n		siConstant: 0\n	deprecatedTo:\n		uniqueId: 430\n		name: micromolePerLiter_keep\n		deprecatedDueTo: \n	scopes:\n		[ 0 ]:\n			uniqueId: 22\n			name: MCR-LTER\n	quantity:\n		uniqueId: 28\n		name: amountOfSubstanceConcentration\n	timestamp: 2018-02-28 15:17:46\n\n'),(332,'Unit',626,'08fa3b3f27c5d65c859a67fd879b637b','2018-02-28 22:18:50','Entity: Unit\n	uniqueId: 626\n	name: microMolesPerLiter\n	abbreviation: µM\n	description: µM = µmoles per liter of solution\n	parentSI:\n		uniqueId: 188\n		name: molarity\n		siMultiplier: 0.000001\n		siConstant: 0\n	scopes:\n		[ 0 ]:\n			uniqueId: 14\n			name: GCE-LTER\n	quantity:\n		uniqueId: 28\n		name: amountOfSubstanceConcentration\n	timestamp: \n\n'),(333,'Unit',430,'08fa3b3f27c5d65c859a67fd879b637b','2018-02-28 22:19:49','Entity: Unit\n	uniqueId: 430\n	name: micromolePerLiter_keep\n	abbreviation: µmol l-1\n	description: used for concentration of either dissolved or particulate constituents. same magnitude as micromolar (when used for a dissolved constituent)\n	scopes:\n		[ 0 ]:\n			uniqueId: 26\n			name: SBC-LTER\n	quantity:\n		uniqueId: 28\n		name: amountOfSubstanceConcentration\n	timestamp: 2018-02-28 15:13:43\n\n'),(334,'Unit',430,'08fa3b3f27c5d65c859a67fd879b637b','2018-02-28 22:19:55','Entity: Unit\n	uniqueId: 430\n	name: micromolePerLiter\n	abbreviation: µmol l-1\n	description: used for concentration of either dissolved or particulate constituents. same magnitude as micromolar (when used for a dissolved constituent)\n	scopes:\n		[ 0 ]:\n			uniqueId: 26\n			name: SBC-LTER\n	quantity:\n		uniqueId: 28\n		name: amountOfSubstanceConcentration\n	timestamp: 2018-02-28 15:19:49\n\n'),(335,'Unit',478,'08fa3b3f27c5d65c859a67fd879b637b','2018-02-28 22:20:59','Entity: Unit\n	uniqueId: 478\n	name: microequivalentPerLiter\n	abbreviation: \n	description: concentration of charge (on dissolved ions). A single multiplier to SI is not possible, since conversion includes valence of ion.\n	parentSI:\n		uniqueId: 239\n		name: molePerMeterCubed\n		siMultiplier: 0\n		siConstant: 0\n	scopes:\n		[ 0 ]:\n			uniqueId: 26\n			name: SBC-LTER\n	quantity:\n		uniqueId: 28\n		name: amountOfSubstanceConcentration\n	timestamp: \n\n'),(336,'Unit',308,'08fa3b3f27c5d65c859a67fd879b637b','2018-02-28 22:21:25','Entity: Unit\n	uniqueId: 308\n	name: microequivalentPerLiter\n	abbreviation: µEq/L\n	description: concentration of charge (on dissolved ions). A single multiplier to SI is not possible\n	parentSI:\n		uniqueId: 112\n		name: molePerCubicMeter\n		siMultiplier: \n		siConstant: \n	scopes:\n		[ 0 ]:\n			uniqueId: 7\n			name: ARC-LTER\n		[ 1 ]:\n			uniqueId: 4\n			name: PAL-LTER\n	quantity:\n		uniqueId: 28\n		name: amountOfSubstanceConcentration\n	timestamp: \n\n'),(337,'Unit',308,'08fa3b3f27c5d65c859a67fd879b637b','2018-02-28 22:22:21','Entity: Unit\n	uniqueId: 308\n	name: microequivalentPerLiter\n	abbreviation: µEq/L\n	description: concentration of charge (on dissolved ions). A single multiplier to SI is not possible\n	parentSI:\n		uniqueId: 112\n		name: molePerCubicMeter\n		siMultiplier: \n		siConstant: \n	scopes:\n		[ 0 ]:\n			uniqueId: 7\n			name: ARC-LTER\n		[ 1 ]:\n			uniqueId: 4\n			name: PAL-LTER\n	quantity:\n		uniqueId: 28\n		name: amountOfSubstanceConcentration\n	timestamp: 2018-02-28 15:21:25\n\n'),(338,'Unit',430,'08fa3b3f27c5d65c859a67fd879b637b','2018-02-28 22:24:21','Entity: Unit\n	uniqueId: 430\n	name: micromolePerLiter\n	abbreviation: µmol l-1\n	description: used for concentration of either dissolved or particulate constituents. same magnitude as micromolar (when used for a dissolved constituent)\n	scopes:\n		[ 0 ]:\n			uniqueId: 26\n			name: SBC-LTER\n	quantity:\n		uniqueId: 28\n		name: amountOfSubstanceConcentration\n	timestamp: 2018-02-28 15:19:55\n\n'),(339,'Unit',430,'08fa3b3f27c5d65c859a67fd879b637b','2018-02-28 22:25:39','Entity: Unit\n	uniqueId: 430\n	name: micromolePerLiter\n	abbreviation: µmol l-1\n	description: used for concentration of either dissolved or particulate constituents. same magnitude as micromolar (when used for a dissolved constituent)\n	scopes:\n		[ 0 ]:\n			uniqueId: 7\n			name: ARC-LTER\n		[ 1 ]:\n			uniqueId: 14\n			name: GCE-LTER\n		[ 2 ]:\n			uniqueId: 15\n			name: HFR-LTER\n		[ 3 ]:\n			uniqueId: 22\n			name: MCR-LTER\n		[ 4 ]:\n			uniqueId: 4\n			name: PAL-LTER\n		[ 5 ]:\n			uniqueId: 25\n			name: PIE-LTER\n		[ 6 ]:\n			uniqueId: 26\n			name: SBC-LTER\n	quantity:\n		uniqueId: 28\n		name: amountOfSubstanceConcentration\n	timestamp: 2018-02-28 15:24:21\n\n'),(340,'Unit',469,'08fa3b3f27c5d65c859a67fd879b637b','2018-02-28 22:26:38','Entity: Unit\n	uniqueId: 469\n	name: micromolePerKilogram\n	abbreviation: \n	description: concentration, used in oceanography\n	parentSI:\n		uniqueId: 4\n		name: mole\n		siMultiplier: 0.001\n		siConstant: 0\n	scopes:\n		[ 0 ]:\n			uniqueId: 26\n			name: SBC-LTER\n	quantity:\n		uniqueId: 28\n		name: amountOfSubstanceConcentration\n	timestamp: \n\n'),(341,'Unit',304,'08fa3b3f27c5d65c859a67fd879b637b','2018-02-28 22:27:03','Entity: Unit\n	uniqueId: 304\n	name: micromolePerKilogram\n	abbreviation: µmol/kg\n	description: µmol/kg = micro moles per kilogram of substance\n	scopes:\n		[ 0 ]:\n			uniqueId: 7\n			name: ARC-LTER\n		[ 1 ]:\n			uniqueId: 5\n			name: CCE-LTER\n		[ 2 ]:\n			uniqueId: 4\n			name: PAL-LTER\n	quantity:\n		uniqueId: 28\n		name: amountOfSubstanceConcentration\n	timestamp: \n\n'),(342,'Unit',438,'08fa3b3f27c5d65c859a67fd879b637b','2018-02-28 22:27:48','Entity: Unit\n	uniqueId: 438\n	name: micromolesPerKilogram\n	abbreviation: \n	description: concentration, used in oceanography\n	parentSI:\n		uniqueId: 4\n		name: mole\n		siMultiplier: 0.001\n		siConstant: 0\n	scopes:\n		[ 0 ]:\n			uniqueId: 22\n			name: MCR-LTER\n	quantity:\n		uniqueId: 28\n		name: amountOfSubstanceConcentration\n	timestamp: \n\n'),(343,'Unit',304,'08fa3b3f27c5d65c859a67fd879b637b','2018-02-28 22:28:25','Entity: Unit\n	uniqueId: 304\n	name: micromolePerKilogram\n	abbreviation: µmol/kg\n	description: µmol/kg = micro moles per kilogram of substance\n	scopes:\n		[ 0 ]:\n			uniqueId: 7\n			name: ARC-LTER\n		[ 1 ]:\n			uniqueId: 5\n			name: CCE-LTER\n		[ 2 ]:\n			uniqueId: 4\n			name: PAL-LTER\n		[ 3 ]:\n			uniqueId: 26\n			name: SBC-LTER\n	quantity:\n		uniqueId: 28\n		name: amountOfSubstanceConcentration\n	timestamp: 2018-02-28 15:27:03\n\n'),(344,'Unit',304,'08fa3b3f27c5d65c859a67fd879b637b','2018-02-28 22:28:38','Entity: Unit\n	uniqueId: 304\n	name: micromolePerKilogram\n	abbreviation: µmol/kg\n	description: µmol/kg = micro moles per kilogram of substance\n	scopes:\n		[ 0 ]:\n			uniqueId: 7\n			name: ARC-LTER\n		[ 1 ]:\n			uniqueId: 5\n			name: CCE-LTER\n		[ 2 ]:\n			uniqueId: 21\n			name: MCM-LTER\n		[ 3 ]:\n			uniqueId: 4\n			name: PAL-LTER\n		[ 4 ]:\n			uniqueId: 26\n			name: SBC-LTER\n	quantity:\n		uniqueId: 28\n		name: amountOfSubstanceConcentration\n	timestamp: 2018-02-28 15:28:25\n\n'),(345,'Unit',304,'08fa3b3f27c5d65c859a67fd879b637b','2018-02-28 22:28:51','Entity: Unit\n	uniqueId: 304\n	name: micromolePerKilogram\n	abbreviation: µmol/kg\n	description: µmol/kg = micro moles per kilogram of substance\n	scopes:\n		[ 0 ]:\n			uniqueId: 7\n			name: ARC-LTER\n		[ 1 ]:\n			uniqueId: 5\n			name: CCE-LTER\n		[ 2 ]:\n			uniqueId: 4\n			name: PAL-LTER\n		[ 3 ]:\n			uniqueId: 26\n			name: SBC-LTER\n	quantity:\n		uniqueId: 28\n		name: amountOfSubstanceConcentration\n	timestamp: 2018-02-28 15:28:38\n\n'),(346,'Unit',374,'08fa3b3f27c5d65c859a67fd879b637b','2018-02-28 22:29:53','Entity: Unit\n	uniqueId: 374\n	name: microMolesPerCubicCentimeter\n	abbreviation: µM/cc\n	description: µM = µmoles per liter of solution per cubic centimeter\n	scopes:\n		[ 0 ]:\n			uniqueId: 13\n			name: FCE-LTER\n	quantity:\n		uniqueId: 28\n		name: amountOfSubstanceConcentration\n	timestamp: \n\n'),(347,'Unit',360,'08fa3b3f27c5d65c859a67fd879b637b','2018-02-28 22:30:12','Entity: Unit\n	uniqueId: 360\n	name: micromolePerCentimeterCubed\n	abbreviation: umole/cm3\n	description: micromole per cubic centimeter\n	parentSI:\n		uniqueId: 112\n		name: molePerCubicMeter\n		siMultiplier: 0.1\n		siConstant: \n	scopes:\n		[ 0 ]:\n			uniqueId: 25\n			name: PIE-LTER\n	quantity:\n		uniqueId: 28\n		name: amountOfSubstanceConcentration\n	timestamp: 2010-06-17 13:53:55\n\n'),(348,'Unit',430,'08fa3b3f27c5d65c859a67fd879b637b','2018-02-28 22:31:11','Entity: Unit\n	uniqueId: 430\n	name: micromolePerLiter\n	abbreviation: µmol l-1\n	description: used for concentration of either dissolved or particulate constituents. same magnitude as micromolar (when used for a dissolved constituent)\n	scopes:\n		[ 0 ]:\n			uniqueId: 7\n			name: ARC-LTER\n		[ 1 ]:\n			uniqueId: 9\n			name: BNZ-LTER\n		[ 2 ]:\n			uniqueId: 14\n			name: GCE-LTER\n		[ 3 ]:\n			uniqueId: 15\n			name: HFR-LTER\n		[ 4 ]:\n			uniqueId: 22\n			name: MCR-LTER\n		[ 5 ]:\n			uniqueId: 4\n			name: PAL-LTER\n		[ 6 ]:\n			uniqueId: 25\n			name: PIE-LTER\n		[ 7 ]:\n			uniqueId: 26\n			name: SBC-LTER\n	quantity:\n		uniqueId: 28\n		name: amountOfSubstanceConcentration\n	timestamp: 2018-02-28 15:25:39\n\n'),(349,'Unit',188,'08fa3b3f27c5d65c859a67fd879b637b','2018-02-28 22:32:39','Entity: Unit\n	uniqueId: 188\n	name: molarity\n	abbreviation: M\n	description: molarity = moles/liter\n	parentSI:\n		uniqueId: 112\n		name: molePerCubicMeter\n		siMultiplier: 1000\n		siConstant: \n	scopes:\n		[ 0 ]:\n			uniqueId: 1\n			name: EML-2.0.1\n		[ 1 ]:\n			uniqueId: 2\n			name: EML-2.1.0\n		[ 2 ]:\n			uniqueId: 3\n			name: EML-LTER\n		[ 3 ]:\n			uniqueId: 20\n			name: LUQ-LTER\n	quantity:\n		uniqueId: 28\n		name: amountOfSubstanceConcentration\n	timestamp: \n\n'),(350,'Unit',584,'08fa3b3f27c5d65c859a67fd879b637b','2018-02-28 22:33:16','Entity: Unit\n	uniqueId: 584\n	name: molesPerLiter\n	abbreviation: mol/L\n	description: Unit of amount of substance concentration\n	scopes:\n		[ 0 ]:\n			uniqueId: 30\n			name: LTER-ADDED\n	quantity:\n		uniqueId: 28\n		name: amountOfSubstanceConcentration\n	timestamp: 2010-10-08 16:00:29\n\n'),(351,'Unit',608,'08fa3b3f27c5d65c859a67fd879b637b','2018-02-28 22:34:25','Entity: Unit\n	uniqueId: 608\n	name: nanomolesPerLiter\n	abbreviation: nmol/L\n	description: \n	parentSI:\n		uniqueId: 584\n		name: molesPerLiter\n		siMultiplier: 0.000000001\n		siConstant: 0\n	scopes:\n		[ 0 ]:\n			uniqueId: 24\n			name: NTL-LTER\n	quantity:\n		uniqueId: 28\n		name: amountOfSubstanceConcentration\n	timestamp: \n\n'),(352,'Unit',297,'08fa3b3f27c5d65c859a67fd879b637b','2018-02-28 22:35:00','Entity: Unit\n	uniqueId: 297\n	name: nanomolePerLiter\n	abbreviation: nM/L\n	description: nanomoles per liter of solution\n	scopes:\n		[ 0 ]:\n			uniqueId: 5\n			name: CCE-LTER\n	quantity:\n		uniqueId: 28\n		name: amountOfSubstanceConcentration\n	timestamp: \n\n'),(353,'Unit',633,'08fa3b3f27c5d65c859a67fd879b637b','2018-02-28 22:35:38','Entity: Unit\n	uniqueId: 633\n	name: picoMolesPerLiter\n	abbreviation: pM\n	description: picomoles per liter of solution\n	parentSI:\n		uniqueId: 188\n		name: molarity\n		siMultiplier: 0.000000000001\n		siConstant: 0\n	scopes:\n		[ 0 ]:\n			uniqueId: 14\n			name: GCE-LTER\n	quantity:\n		uniqueId: 28\n		name: amountOfSubstanceConcentration\n	timestamp: \n\n'),(354,'Unit',679,'08fa3b3f27c5d65c859a67fd879b637b','2018-02-28 22:36:15','Entity: Unit\n	uniqueId: 679\n	name: picomolePerLiter\n	abbreviation: pM\n	description: picomoles per liter of solution\n	parentSI:\n		uniqueId: 188\n		name: molarity\n		siMultiplier: 0.000000000001\n		siConstant: \n	scopes:\n		[ 0 ]:\n			uniqueId: 7\n			name: ARC-LTER\n	quantity:\n		uniqueId: 28\n		name: amountOfSubstanceConcentration\n	timestamp: \n\n'),(355,'Unit',430,'08fa3b3f27c5d65c859a67fd879b637b','2018-02-28 22:37:01','Entity: Unit\n	uniqueId: 430\n	name: micromolePerLiter_keep\n	abbreviation: µmol l-1\n	description: used for concentration of either dissolved or particulate constituents. same magnitude as micromolar (when used for a dissolved constituent)\n	scopes:\n		[ 0 ]:\n			uniqueId: 7\n			name: ARC-LTER\n		[ 1 ]:\n			uniqueId: 9\n			name: BNZ-LTER\n		[ 2 ]:\n			uniqueId: 14\n			name: GCE-LTER\n		[ 3 ]:\n			uniqueId: 15\n			name: HFR-LTER\n		[ 4 ]:\n			uniqueId: 22\n			name: MCR-LTER\n		[ 5 ]:\n			uniqueId: 4\n			name: PAL-LTER\n		[ 6 ]:\n			uniqueId: 25\n			name: PIE-LTER\n		[ 7 ]:\n			uniqueId: 26\n			name: SBC-LTER\n	quantity:\n		uniqueId: 28\n		name: amountOfSubstanceConcentration\n	timestamp: 2018-02-28 15:31:11\n\n'),(356,'Unit',584,'08fa3b3f27c5d65c859a67fd879b637b','2018-02-28 22:37:31','Entity: Unit\n	uniqueId: 584\n	name: molesPerLiter\n	abbreviation: mol/L\n	description: Unit of amount of substance concentration\n	scopes:\n		[ 0 ]:\n			uniqueId: 30\n			name: LTER-ADDED\n		[ 1 ]:\n			uniqueId: 20\n			name: LUQ-LTER\n	quantity:\n		uniqueId: 28\n		name: amountOfSubstanceConcentration\n	timestamp: 2018-02-28 15:33:16\n\n'),(357,'Unit',30,'08fa3b3f27c5d65c859a67fd879b637b','2018-02-28 22:39:44','Entity: Unit\n	uniqueId: 30\n	name: molality\n	abbreviation: m\n	description: molality = moles/kg\n	scopes:\n		[ 0 ]:\n			uniqueId: 1\n			name: EML-2.0.1\n		[ 1 ]:\n			uniqueId: 2\n			name: EML-2.1.0\n		[ 2 ]:\n			uniqueId: 3\n			name: EML-LTER\n	quantity:\n		uniqueId: 26\n		name: amountOfSubstanceWeight\n	timestamp: \n\n'),(358,'Unit',228,'08fa3b3f27c5d65c859a67fd879b637b','2018-02-28 22:40:13','Entity: Unit\n	uniqueId: 228\n	name: molePerKilogram\n	abbreviation: \n	description: moles per kilogram\n	scopes:\n		[ 0 ]:\n			uniqueId: 3\n			name: EML-LTER\n	quantity:\n		uniqueId: 26\n		name: amountOfSubstanceWeight\n	timestamp: \n\n'),(359,'Unit',100,'08fa3b3f27c5d65c859a67fd879b637b','2018-02-28 22:45:37','Entity: Unit\n	uniqueId: 100\n	name: are\n	abbreviation: a\n	description: 100 square meters\n	parentSI:\n		uniqueId: 10\n		name: squareMeter\n		siMultiplier: 100\n		siConstant: \n	scopes:\n		[ 0 ]:\n			uniqueId: 1\n			name: EML-2.0.1\n		[ 1 ]:\n			uniqueId: 2\n			name: EML-2.1.0\n		[ 2 ]:\n			uniqueId: 3\n			name: EML-LTER\n	quantity:\n		uniqueId: 32\n		name: area\n	timestamp: \n\n'),(360,'Unit',543,'08fa3b3f27c5d65c859a67fd879b637b','2018-02-28 22:47:28','Entity: Unit\n	uniqueId: 543\n	name: squareCentimeter\n	abbreviation: cm²\n	description: square centimeters\n	parentSI:\n		uniqueId: 10\n		name: squareMeter\n		siMultiplier: 0.0001\n		siConstant: \n	scopes:\n		[ 0 ]:\n			uniqueId: 6\n			name: AND-LTER\n		[ 1 ]:\n			uniqueId: 9\n			name: BNZ-LTER\n		[ 2 ]:\n			uniqueId: 28\n			name: SGS-LTER\n	quantity:\n		uniqueId: 32\n		name: area\n	timestamp: 2012-12-20 11:21:20\n\n'),(361,'Unit',209,'08fa3b3f27c5d65c859a67fd879b637b','2018-02-28 22:47:50','Entity: Unit\n	uniqueId: 209\n	name: centimeterSquared\n	abbreviation: \n	description: square centimeters\n	parentSI:\n		uniqueId: 10\n		name: squareMeter\n		siMultiplier: 0.0001\n		siConstant: \n	scopes:\n		[ 0 ]:\n			uniqueId: 3\n			name: EML-LTER\n		[ 1 ]:\n			uniqueId: 28\n			name: SGS-LTER\n	quantity:\n		uniqueId: 32\n		name: area\n	timestamp: 2012-12-18 12:41:42\n\n'),(362,'Unit',508,'08fa3b3f27c5d65c859a67fd879b637b','2018-02-28 22:54:23','Entity: Unit\n	uniqueId: 508\n	name: megagrams per hectare\n	abbreviation: Mg/ha\n	description: megagrams per hectare\n	parentSI:\n		uniqueId: 18\n		name: kilogramsPerSquareMeter\n		siMultiplier: 0\n		siConstant: \n	scopes:\n		[ 0 ]:\n			uniqueId: 6\n			name: AND-LTER\n	quantity:\n		uniqueId: 5\n		name: arealMassDensity\n	timestamp: \n\n'),(363,'Unit',969,'08fa3b3f27c5d65c859a67fd879b637b','2018-02-28 22:54:43','Entity: Unit\n	uniqueId: 969\n	name: megagramPerHectare\n	abbreviation: \n	description: \n	parentSI:\n		uniqueId: 202\n		name: kilogramPerMeterSquared\n		siMultiplier: 0.1\n		siConstant: 0.0\n	scopes:\n		[ 0 ]:\n			uniqueId: 15\n			name: HFR-LTER\n	quantity:\n		uniqueId: 5\n		name: arealMassDensity\n	timestamp: \n\n'),(364,'Unit',969,'08fa3b3f27c5d65c859a67fd879b637b','2018-02-28 22:55:15','Entity: Unit\n	uniqueId: 969\n	name: megagramPerHectare\n	abbreviation: \n	description: \n	parentSI:\n		uniqueId: 202\n		name: kilogramPerMeterSquared\n		siMultiplier: 0.1\n		siConstant: 0.0\n	scopes:\n		[ 0 ]:\n			uniqueId: 6\n			name: AND-LTER\n		[ 1 ]:\n			uniqueId: 15\n			name: HFR-LTER\n	quantity:\n		uniqueId: 5\n		name: arealMassDensity\n	timestamp: 2018-02-28 15:54:43\n\n'),(365,'Unit',620,'08fa3b3f27c5d65c859a67fd879b637b','2018-02-28 22:57:22','Entity: Unit\n	uniqueId: 620\n	name: gramsPerMeterSquaredPerHour\n	abbreviation: g/m^2/hr\n	description: grams per meter square per hour\n	parentSI:\n		uniqueId: 12\n		name: kilogramsPerMeterSquaredPerSecond\n		siMultiplier: 0.0000166667\n		siConstant: 0\n	scopes:\n		[ 0 ]:\n			uniqueId: 14\n			name: GCE-LTER\n	quantity:\n		uniqueId: 41\n		name: arealMassDensityRate\n	timestamp: \n\n'),(366,'Unit',620,'08fa3b3f27c5d65c859a67fd879b637b','2018-02-28 22:57:47','Entity: Unit\n	uniqueId: 620\n	name: gramPerMeterSquaredPerHour\n	abbreviation: g/m^2/hr\n	description: grams per meter square per hour\n	parentSI:\n		uniqueId: 12\n		name: kilogramsPerMeterSquaredPerSecond\n		siMultiplier: 0.0000166667\n		siConstant: 0\n	scopes:\n		[ 0 ]:\n			uniqueId: 14\n			name: GCE-LTER\n	quantity:\n		uniqueId: 41\n		name: arealMassDensityRate\n	timestamp: 2018-02-28 15:57:22\n\n'),(367,'Unit',620,'08fa3b3f27c5d65c859a67fd879b637b','2018-02-28 22:57:59','Entity: Unit\n	uniqueId: 620\n	name: gramsPerMeterSquaredPerHour\n	abbreviation: g/m^2/hr\n	description: grams per meter square per hour\n	parentSI:\n		uniqueId: 12\n		name: kilogramsPerMeterSquaredPerSecond\n		siMultiplier: 0.0000166667\n		siConstant: 0\n	scopes:\n		[ 0 ]:\n			uniqueId: 14\n			name: GCE-LTER\n	quantity:\n		uniqueId: 41\n		name: arealMassDensityRate\n	timestamp: 2018-02-28 15:57:47\n\n'),(368,'Unit',434,'08fa3b3f27c5d65c859a67fd879b637b','2018-02-28 22:58:38','Entity: Unit\n	uniqueId: 434\n	name: gramsPerMeterSquaredPerHour\n	abbreviation: g/m^2/h\n	description: grams per square meter per hour\n	parentSI:\n		uniqueId: 12\n		name: kilogramsPerMeterSquaredPerSecond\n		siMultiplier: 2.7\n		siConstant: 0\n	scopes:\n		[ 0 ]:\n			uniqueId: 22\n			name: MCR-LTER\n	quantity:\n		uniqueId: 41\n		name: arealMassDensityRate\n	timestamp: \n\n'),(369,'Unit',620,'08fa3b3f27c5d65c859a67fd879b637b','2018-02-28 22:59:37','Entity: Unit\n	uniqueId: 620\n	name: gramsPerMeterSquaredPerHour_keep\n	abbreviation: g/m^2/hr\n	description: grams per meter square per hour\n	parentSI:\n		uniqueId: 12\n		name: kilogramsPerMeterSquaredPerSecond\n		siMultiplier: 0.0000166667\n		siConstant: 0\n	scopes:\n		[ 0 ]:\n			uniqueId: 14\n			name: GCE-LTER\n	quantity:\n		uniqueId: 41\n		name: arealMassDensityRate\n	timestamp: 2018-02-28 15:57:59\n\n'),(370,'Unit',1254,'08fa3b3f27c5d65c859a67fd879b637b','2018-02-28 23:00:38',NULL),(371,'Unit',347,'08fa3b3f27c5d65c859a67fd879b637b','2018-02-28 23:00:39','Entity: Unit\n	uniqueId: 347\n	name: gramsPerSquareMeterPerDay\n	abbreviation: \n	description: \n	parentSI:\n		uniqueId: 12\n		name: kilogramsPerMeterSquaredPerSecond\n		siMultiplier: 86.4\n		siConstant: \n	scopes:\n		[ 0 ]:\n			uniqueId: 18\n			name: KBS-LTER\n	quantity:\n		uniqueId: 41\n		name: arealMassDensityRate\n	timestamp: \n\n'),(372,'Unit',1254,'08fa3b3f27c5d65c859a67fd879b637b','2018-02-28 23:01:17','Entity: Unit\n	uniqueId: 1254\n	name: gramsPerSquareMeterPerDay\n	abbreviation: \n	description: \n	parentSI:\n		uniqueId: 12\n		name: kilogramsPerMeterSquaredPerSecond\n		siMultiplier: 86.4\n		siConstant: \n	scopes:\n		[ 0 ]:\n			uniqueId: 18\n			name: KBS-LTER\n	quantity:\n		uniqueId: 41\n		name: arealMassDensityRate\n	timestamp: 2018-02-28 16:00:38\n\n'),(373,'Unit',1254,'08fa3b3f27c5d65c859a67fd879b637b','2018-02-28 23:02:27','Entity: Unit\n	uniqueId: 1254\n	name: gramPerMeterSquaredPerDay\n	abbreviation: \n	description: \n	parentSI:\n		uniqueId: 12\n		name: kilogramsPerMeterSquaredPerSecond\n		siMultiplier: 86.4\n		siConstant: \n	scopes:\n	quantity:\n		uniqueId: 41\n		name: arealMassDensityRate\n	timestamp: 2018-02-28 16:01:17\n\n'),(374,'Unit',1254,'08fa3b3f27c5d65c859a67fd879b637b','2018-02-28 23:02:58','Entity: Unit\n	uniqueId: 1254\n	name: gramPerMeterSquaredPerDay\n	abbreviation: \n	description: \n	parentSI:\n		uniqueId: 12\n		name: kilogramsPerMeterSquaredPerSecond\n		siMultiplier: 86.4\n		siConstant: \n	scopes:\n	quantity:\n		uniqueId: 41\n		name: arealMassDensityRate\n	timestamp: 2018-02-28 16:02:27\n\n'),(375,'Unit',503,'08fa3b3f27c5d65c859a67fd879b637b','2018-02-28 23:03:43','Entity: Unit\n	uniqueId: 503\n	name: grams per square meter per day\n	abbreviation: g/m2*day\n	description: grams per square meter per day\n	parentSI:\n		uniqueId: 12\n		name: kilogramsPerMeterSquaredPerSecond\n		siMultiplier: 0\n		siConstant: \n	scopes:\n		[ 0 ]:\n			uniqueId: 6\n			name: AND-LTER\n	quantity:\n		uniqueId: 41\n		name: arealMassDensityRate\n	timestamp: \n\n'),(376,'Unit',1254,'08fa3b3f27c5d65c859a67fd879b637b','2018-02-28 23:04:33','Entity: Unit\n	uniqueId: 1254\n	name: gramPerMeterSquaredPerDay\n	abbreviation: \n	description: \n	parentSI:\n		uniqueId: 12\n		name: kilogramsPerMeterSquaredPerSecond\n		siMultiplier: 86.4\n		siConstant: \n	scopes:\n		[ 0 ]:\n			uniqueId: 30\n			name: LTER-ADDED\n	quantity:\n		uniqueId: 41\n		name: arealMassDensityRate\n	timestamp: 2018-02-28 16:02:58\n\n'),(377,'Unit',285,'08fa3b3f27c5d65c859a67fd879b637b','2018-02-28 23:08:57','Entity: Unit\n	uniqueId: 285\n	name: milligramPerMeterSquaredPerDay\n	abbreviation: mg/m²/day\n	description: areal primary production rate\n	parentSI:\n		uniqueId: 12\n		name: kilogramsPerMeterSquaredPerSecond\n		siMultiplier: 86400000000\n		siConstant: \n	scopes:\n		[ 0 ]:\n			uniqueId: 15\n			name: HFR-LTER\n		[ 1 ]:\n			uniqueId: 4\n			name: PAL-LTER\n	quantity:\n		uniqueId: 41\n		name: arealMassDensityRate\n	timestamp: \n\n'),(378,'Unit',463,'08fa3b3f27c5d65c859a67fd879b637b','2018-02-28 23:09:42','Entity: Unit\n	uniqueId: 463\n	name: milligramPerMeterSquaredPerDay\n	abbreviation: mg*m-2*d-1\n	description: areal primary production rate, often in mg-Carbon for an integrated water column\n	parentSI:\n		uniqueId: 199\n		name: kilogramPerMeterSquaredPerSecond\n		siMultiplier: 86400000000\n		siConstant: 0\n	scopes:\n		[ 0 ]:\n			uniqueId: 26\n			name: SBC-LTER\n	quantity:\n		uniqueId: 41\n		name: arealMassDensityRate\n	timestamp: \n\n'),(379,'Unit',285,'08fa3b3f27c5d65c859a67fd879b637b','2018-02-28 23:10:03','Entity: Unit\n	uniqueId: 285\n	name: milligramPerMeterSquaredPerDay_keep\n	abbreviation: mg/m²/day\n	description: areal primary production rate\n	parentSI:\n		uniqueId: 12\n		name: kilogramsPerMeterSquaredPerSecond\n		siMultiplier: 86400000000\n		siConstant: \n	scopes:\n		[ 0 ]:\n			uniqueId: 15\n			name: HFR-LTER\n		[ 1 ]:\n			uniqueId: 4\n			name: PAL-LTER\n	quantity:\n		uniqueId: 41\n		name: arealMassDensityRate\n	timestamp: 2018-02-28 16:08:57\n\n'),(380,'Unit',592,'08fa3b3f27c5d65c859a67fd879b637b','2018-02-28 23:11:16','Entity: Unit\n	uniqueId: 592\n	name: milligramsPerSquareMeterPerHour\n	abbreviation: mg/m^2/hour\n	description: \n	parentSI:\n		uniqueId: 12\n		name: kilogramsPerMeterSquaredPerSecond\n		siMultiplier: 0.000000000277778\n		siConstant: 0\n	scopes:\n		[ 0 ]:\n			uniqueId: 24\n			name: NTL-LTER\n	quantity:\n		uniqueId: 41\n		name: arealMassDensityRate\n	timestamp: \n\n'),(381,'Unit',285,'08fa3b3f27c5d65c859a67fd879b637b','2018-02-28 23:11:34','Entity: Unit\n	uniqueId: 285\n	name: milligramPerMeterSquaredPerDay_keep\n	abbreviation: mg/m²/day\n	description: areal primary production rate\n	parentSI:\n		uniqueId: 12\n		name: kilogramsPerMeterSquaredPerSecond\n		siMultiplier: 86400000000\n		siConstant: \n	scopes:\n		[ 0 ]:\n			uniqueId: 15\n			name: HFR-LTER\n		[ 1 ]:\n			uniqueId: 4\n			name: PAL-LTER\n		[ 2 ]:\n			uniqueId: 26\n			name: SBC-LTER\n	quantity:\n		uniqueId: 41\n		name: arealMassDensityRate\n	timestamp: 2018-02-28 16:10:03\n\n'),(382,'Unit',984,'08fa3b3f27c5d65c859a67fd879b637b','2018-02-28 23:11:56','Entity: Unit\n	uniqueId: 984\n	name: milligramPerMeterSquaredPerHour\n	abbreviation: \n	description: \n	parentSI:\n		uniqueId: 199\n		name: kilogramPerMeterSquaredPerSecond\n		siMultiplier: 0.000000000277777778\n		siConstant: 0.0\n	scopes:\n		[ 0 ]:\n			uniqueId: 15\n			name: HFR-LTER\n	quantity:\n		uniqueId: 41\n		name: arealMassDensityRate\n	timestamp: \n\n'),(383,'Unit',950,'08fa3b3f27c5d65c859a67fd879b637b','2018-03-01 00:57:21','Entity: Unit\n	uniqueId: 950\n	name: einsteinPerSquareMeterPerSecond\n	abbreviation: E/m²/s\n	description: \n	scopes:\n		[ 0 ]:\n			uniqueId: 30\n			name: LTER-ADDED\n	quantity:\n		uniqueId: 4\n		name: illuminance\n	timestamp: 2011-01-03 17:13:29\n\n'),(384,'Unit',110,'08fa3b3f27c5d65c859a67fd879b637b','2018-03-01 00:58:37','Entity: Unit\n	uniqueId: 110\n	name: lux\n	abbreviation: lx\n	description: lux\n	scopes:\n		[ 0 ]:\n			uniqueId: 1\n			name: EML-2.0.1\n		[ 1 ]:\n			uniqueId: 2\n			name: EML-2.1.0\n		[ 2 ]:\n			uniqueId: 3\n			name: EML-LTER\n		[ 3 ]:\n			uniqueId: 20\n			name: LUQ-LTER\n		[ 4 ]:\n			uniqueId: 28\n			name: SGS-LTER\n	quantity:\n		uniqueId: 4\n		name: illuminance\n	timestamp: 2012-10-03 13:28:36\n\n'),(385,'Unit',136,'08fa3b3f27c5d65c859a67fd879b637b','2018-03-01 01:02:34','Entity: Unit\n	uniqueId: 136\n	name: micron\n	abbreviation: ?\n	description: .000001 meters\n	parentSI:\n		uniqueId: 79\n		name: meter\n		siMultiplier: 0.000001\n		siConstant: \n	scopes:\n		[ 0 ]:\n			uniqueId: 1\n			name: EML-2.0.1\n		[ 1 ]:\n			uniqueId: 2\n			name: EML-2.1.0\n		[ 2 ]:\n			uniqueId: 3\n			name: EML-LTER\n		[ 3 ]:\n			uniqueId: 28\n			name: SGS-LTER\n	quantity:\n		uniqueId: 48\n		name: length\n	timestamp: 2012-10-03 13:37:53\n\n'),(386,'Unit',1239,'08fa3b3f27c5d65c859a67fd879b637b','2018-03-01 01:03:06','Entity: Unit\n	uniqueId: 1239\n	name: miles\n	abbreviation: mi\n	description: distance measured in miles\n	parentSI:\n		uniqueId: 161\n		name: mile\n		siMultiplier: \n		siConstant: \n	scopes:\n	quantity:\n		uniqueId: 48\n		name: length\n	timestamp: 2013-11-05 16:44:42\n\n'),(387,'Unit',441,'08fa3b3f27c5d65c859a67fd879b637b','2018-03-01 01:04:15','Entity: Unit\n	uniqueId: 441\n	name: millimeters\n	abbreviation: \n	description: millimeter\n	parentSI:\n		uniqueId: 79\n		name: meter\n		siMultiplier: 0.001\n		siConstant: 0\n	scopes:\n		[ 0 ]:\n			uniqueId: 9\n			name: BNZ-LTER\n		[ 1 ]:\n			uniqueId: 22\n			name: MCR-LTER\n	quantity:\n		uniqueId: 48\n		name: length\n	timestamp: \n\n'),(388,'Unit',182,'08fa3b3f27c5d65c859a67fd879b637b','2018-03-01 01:04:40','Entity: Unit\n	uniqueId: 182\n	name: millimeter\n	abbreviation: mm\n	description: .001 meters\n	parentSI:\n		uniqueId: 79\n		name: meter\n		siMultiplier: 0.001\n		siConstant: \n	scopes:\n		[ 0 ]:\n			uniqueId: 6\n			name: AND-LTER\n		[ 1 ]:\n			uniqueId: 9\n			name: BNZ-LTER\n		[ 2 ]:\n			uniqueId: 10\n			name: CDR-LTER\n		[ 3 ]:\n			uniqueId: 1\n			name: EML-2.0.1\n		[ 4 ]:\n			uniqueId: 2\n			name: EML-2.1.0\n		[ 5 ]:\n			uniqueId: 3\n			name: EML-LTER\n		[ 6 ]:\n			uniqueId: 20\n			name: LUQ-LTER\n		[ 7 ]:\n			uniqueId: 28\n			name: SGS-LTER\n	quantity:\n		uniqueId: 48\n		name: length\n	timestamp: 2012-10-03 13:40:07\n\n'),(389,'Unit',114,'08fa3b3f27c5d65c859a67fd879b637b','2018-03-01 01:06:10','Entity: Unit\n	uniqueId: 114\n	name: lumen\n	abbreviation: lm\n	description: lumen\n	scopes:\n		[ 0 ]:\n			uniqueId: 1\n			name: EML-2.0.1\n		[ 1 ]:\n			uniqueId: 2\n			name: EML-2.1.0\n		[ 2 ]:\n			uniqueId: 3\n			name: EML-LTER\n		[ 3 ]:\n			uniqueId: 28\n			name: SGS-LTER\n	quantity:\n		uniqueId: 43\n		name: luminosity\n	timestamp: 2012-10-03 13:28:14\n\n'),(390,'Unit',49,'08fa3b3f27c5d65c859a67fd879b637b','2018-03-01 01:08:03','Entity: Unit\n	uniqueId: 49\n	name: weber\n	abbreviation: Wb\n	description: weber\n	scopes:\n		[ 0 ]:\n			uniqueId: 1\n			name: EML-2.0.1\n		[ 1 ]:\n			uniqueId: 2\n			name: EML-2.1.0\n		[ 2 ]:\n			uniqueId: 3\n			name: EML-LTER\n		[ 3 ]:\n			uniqueId: 28\n			name: SGS-LTER\n	quantity:\n		uniqueId: 7\n		name: magneticFlux\n	timestamp: 2012-10-03 13:55:52\n\n'),(391,'Unit',49,'08fa3b3f27c5d65c859a67fd879b637b','2018-03-01 01:08:39','Entity: Unit\n	uniqueId: 49\n	name: weber\n	abbreviation: Wb\n	description: weber In physics, the weber /?ve?b?r/[1] (symbol: Wb) is the SI unit of magnetic flux. A flux density of one Wb/m2 (one weber per square metre) is one tesla.\n	scopes:\n		[ 0 ]:\n			uniqueId: 1\n			name: EML-2.0.1\n		[ 1 ]:\n			uniqueId: 2\n			name: EML-2.1.0\n		[ 2 ]:\n			uniqueId: 3\n			name: EML-LTER\n		[ 3 ]:\n			uniqueId: 28\n			name: SGS-LTER\n	quantity:\n		uniqueId: 7\n		name: magneticFlux\n	timestamp: 2018-02-28 18:08:03\n\n'),(392,'Unit',437,'08fa3b3f27c5d65c859a67fd879b637b','2018-03-01 01:09:40','Entity: Unit\n	uniqueId: 437\n	name: micrograms\n	abbreviation: ug\n	description: one millionth of a gram\n	parentSI:\n		uniqueId: 64\n		name: gram\n		siMultiplier: 1000000\n		siConstant: 0\n	scopes:\n		[ 0 ]:\n			uniqueId: 9\n			name: BNZ-LTER\n		[ 1 ]:\n			uniqueId: 22\n			name: MCR-LTER\n	quantity:\n		uniqueId: 13\n		name: mass\n	timestamp: \n\n'),(393,'Unit',60,'08fa3b3f27c5d65c859a67fd879b637b','2018-03-01 01:10:17','Entity: Unit\n	uniqueId: 60\n	name: microgram\n	abbreviation: ?g\n	description: 0.000000001 kg\n	parentSI:\n		uniqueId: 44\n		name: kilogram\n		siMultiplier: 0.000000001\n		siConstant: \n	scopes:\n		[ 0 ]:\n			uniqueId: 10\n			name: CDR-LTER\n		[ 1 ]:\n			uniqueId: 1\n			name: EML-2.0.1\n		[ 2 ]:\n			uniqueId: 2\n			name: EML-2.1.0\n		[ 3 ]:\n			uniqueId: 3\n			name: EML-LTER\n		[ 4 ]:\n			uniqueId: 28\n			name: SGS-LTER\n	quantity:\n		uniqueId: 13\n		name: mass\n	timestamp: 2012-10-03 13:36:42\n\n'),(394,'Unit',625,'08fa3b3f27c5d65c859a67fd879b637b','2018-03-01 01:13:32','Entity: Unit\n	uniqueId: 625\n	name: microgramsPerMilliliter\n	abbreviation: µg/ml\n	description: micrograms per milliliter\n	parentSI:\n		uniqueId: 195\n		name: gramsPerMilliliter\n		siMultiplier: 0.000001\n		siConstant: 0\n	scopes:\n		[ 0 ]:\n			uniqueId: 14\n			name: GCE-LTER\n	quantity:\n		uniqueId: 27\n		name: massDensity\n	timestamp: \n\n'),(395,'Unit',658,'08fa3b3f27c5d65c859a67fd879b637b','2018-03-01 01:14:00','Entity: Unit\n	uniqueId: 658\n	name: microgramPerMilliliter\n	abbreviation: µg/ml\n	description: micrograms per milliliter\n	parentSI:\n		uniqueId: 195\n		name: gramsPerMilliliter\n		siMultiplier: 0.000001\n		siConstant: \n	scopes:\n		[ 0 ]:\n			uniqueId: 7\n			name: ARC-LTER\n	quantity:\n		uniqueId: 27\n		name: massDensity\n	timestamp: \n\n'),(396,'Unit',583,'08fa3b3f27c5d65c859a67fd879b637b','2018-03-01 01:14:59','Entity: Unit\n	uniqueId: 583\n	name: milligramsCaCO3PerLiter\n	abbreviation: \n	description: \n	scopes:\n		[ 0 ]:\n			uniqueId: 30\n			name: LTER-ADDED\n	quantity:\n		uniqueId: 27\n		name: massDensity\n	timestamp: 2010-10-08 15:59:35\n\n'),(397,'Unit',266,'08fa3b3f27c5d65c859a67fd879b637b','2018-03-01 01:15:19','Entity: Unit\n	uniqueId: 266\n	name: milligramPerLiter\n	abbreviation: mg/l\n	description: milligrams / liter\n	parentSI:\n		uniqueId: 19\n		name: kilogramPerCubicMeter\n		siMultiplier: 0.001\n		siConstant: \n	scopes:\n		[ 0 ]:\n			uniqueId: 9\n			name: BNZ-LTER\n		[ 1 ]:\n			uniqueId: 3\n			name: EML-LTER\n		[ 2 ]:\n			uniqueId: 24\n			name: NTL-LTER\n	quantity:\n		uniqueId: 27\n		name: massDensity\n	timestamp: 2011-01-04 12:30:06\n\n'),(398,'Unit',537,'08fa3b3f27c5d65c859a67fd879b637b','2018-03-01 01:16:30','Entity: Unit\n	uniqueId: 537\n	name: milligramsPerLiter\n	abbreviation: mg/l\n	description: parts per million\n	parentSI:\n		uniqueId: 19\n		name: kilogramPerCubicMeter\n		siMultiplier: 0.001\n		siConstant: \n	scopes:\n		[ 0 ]:\n			uniqueId: 6\n			name: AND-LTER\n	quantity:\n		uniqueId: 27\n		name: massDensity\n	timestamp: \n\n'),(399,'Unit',266,'08fa3b3f27c5d65c859a67fd879b637b','2018-03-01 01:16:47','Entity: Unit\n	uniqueId: 266\n	name: milligramPerLiter\n	abbreviation: mg/l\n	description: milligrams / liter\n	parentSI:\n		uniqueId: 19\n		name: kilogramPerCubicMeter\n		siMultiplier: 0.001\n		siConstant: \n	scopes:\n		[ 0 ]:\n			uniqueId: 9\n			name: BNZ-LTER\n		[ 1 ]:\n			uniqueId: 3\n			name: EML-LTER\n		[ 2 ]:\n			uniqueId: 30\n			name: LTER-ADDED\n		[ 3 ]:\n			uniqueId: 24\n			name: NTL-LTER\n	quantity:\n		uniqueId: 27\n		name: massDensity\n	timestamp: 2018-02-28 18:15:19\n\n'),(400,'Unit',525,'08fa3b3f27c5d65c859a67fd879b637b','2018-03-01 01:17:52','Entity: Unit\n	uniqueId: 525\n	name: milliGramsPerMilliLiter\n	abbreviation: mg/ml\n	description: milligrams per milliliter\n	parentSI:\n		uniqueId: 19\n		name: kilogramPerCubicMeter\n		siMultiplier: 1\n		siConstant: \n	scopes:\n		[ 0 ]:\n			uniqueId: 6\n			name: AND-LTER\n	quantity:\n		uniqueId: 27\n		name: massDensity\n	timestamp: \n\n'),(401,'Unit',524,'08fa3b3f27c5d65c859a67fd879b637b','2018-03-01 01:29:29','Entity: Unit\n	uniqueId: 524\n	name: kilogramsPerSecond\n	abbreviation: kg/s\n	description: milligrams per day\n	parentSI:\n		uniqueId: 56\n		name: kilogramsPerSecond\n		siMultiplier: 0.000000000011574\n		siConstant: \n	scopes:\n		[ 0 ]:\n			uniqueId: 6\n			name: AND-LTER\n	quantity:\n		uniqueId: 19\n		name: massFlux\n	timestamp: \n\n'),(402,'Unit',524,'08fa3b3f27c5d65c859a67fd879b637b','2018-03-01 01:30:07','Entity: Unit\n	uniqueId: 524\n	name: kilogramsPerSecond\n	abbreviation: kg/s\n	description: \n	parentSI:\n		uniqueId: 56\n		name: kilogramsPerSecond\n		siMultiplier: 0.000000000011574\n		siConstant: \n	scopes:\n		[ 0 ]:\n			uniqueId: 6\n			name: AND-LTER\n	quantity:\n		uniqueId: 19\n		name: massFlux\n	timestamp: 2018-02-28 18:29:29\n\n'),(403,'Unit',1248,'08fa3b3f27c5d65c859a67fd879b637b','2018-03-01 01:31:36','Entity: Unit\n	uniqueId: 1248\n	name: milligramCarbonPerMeterSquaredPerDay\n	abbreviation:  mgC/m²/day \n	description: milligrams carbon per meter squared per year\n	scopes:\n	quantity:\n		uniqueId: 19\n		name: massFlux\n	timestamp: 2018-01-19 14:49:17\n\n'),(404,'Unit',501,'08fa3b3f27c5d65c859a67fd879b637b','2018-03-01 01:33:25','Entity: Unit\n	uniqueId: 501\n	name: gramsPerGram\n	abbreviation: g/g\n	description: grams per gram (often in terms of dry weight)\n	parentSI:\n		uniqueId: 94\n		name: gramsPerGram\n		siMultiplier: 1\n		siConstant: \n	scopes:\n		[ 0 ]:\n			uniqueId: 6\n			name: AND-LTER\n	quantity:\n		uniqueId: 9\n		name: massPerMass\n	timestamp: \n\n'),(405,'Unit',236,'08fa3b3f27c5d65c859a67fd879b637b','2018-03-01 01:33:40','Entity: Unit\n	uniqueId: 236\n	name: gramPerGram\n	abbreviation: \n	description: grams per gram\n	scopes:\n		[ 0 ]:\n			uniqueId: 3\n			name: EML-LTER\n	quantity:\n		uniqueId: 9\n		name: massPerMass\n	timestamp: \n\n'),(406,'Unit',665,'08fa3b3f27c5d65c859a67fd879b637b','2018-03-01 01:34:41','Entity: Unit\n	uniqueId: 665\n	name: milligramPerKilogram\n	abbreviation: mg/kg\n	description: millgram of element per kilogram of soil\n	scopes:\n		[ 0 ]:\n			uniqueId: 7\n			name: ARC-LTER\n	quantity:\n		uniqueId: 9\n		name: massPerMass\n	timestamp: \n\n'),(407,'Unit',585,'08fa3b3f27c5d65c859a67fd879b637b','2018-03-01 01:34:58','Entity: Unit\n	uniqueId: 585\n	name: milligramPerKilogram\n	abbreviation: mg/kg\n	description: \n	parentSI:\n		uniqueId: 94\n		name: gramsPerGram\n		siMultiplier: 0.000001\n		siConstant: 0\n	scopes:\n		[ 0 ]:\n			uniqueId: 15\n			name: HFR-LTER\n		[ 1 ]:\n			uniqueId: 24\n			name: NTL-LTER\n	quantity:\n		uniqueId: 9\n		name: massPerMass\n	timestamp: \n\n'),(408,'Unit',339,'08fa3b3f27c5d65c859a67fd879b637b','2018-03-01 01:35:37','Entity: Unit\n	uniqueId: 339\n	name: milligramsPerGram\n	abbreviation: \n	description: \n	parentSI:\n		uniqueId: 150\n		name: microgramsPerGram\n		siMultiplier: 0.001\n		siConstant: \n	scopes:\n		[ 0 ]:\n			uniqueId: 18\n			name: KBS-LTER\n	quantity:\n		uniqueId: 9\n		name: massPerMass\n	timestamp: \n\n'),(409,'Unit',442,'08fa3b3f27c5d65c859a67fd879b637b','2018-03-01 01:36:28','Entity: Unit\n	uniqueId: 442\n	name: percent\n	abbreviation: o/o\n	description: parts per hundred\n	parentSI:\n		uniqueId: 94\n		name: gramsPerGram\n		siMultiplier: 0.01\n		siConstant: 0\n	scopes:\n		[ 0 ]:\n			uniqueId: 22\n			name: MCR-LTER\n		[ 1 ]:\n			uniqueId: 26\n			name: SBC-LTER\n	quantity:\n		uniqueId: 9\n		name: massPerMass\n	timestamp: \n\n'),(410,'Unit',467,'08fa3b3f27c5d65c859a67fd879b637b','2018-03-01 01:36:52','Entity: Unit\n	uniqueId: 467\n	name: permil\n	abbreviation: o/oo\n	description: parts per thousand, relative to a standard. for isotopes. Isotope data uses LC-delta=(Rx/Rs-1)*1000\n	parentSI:\n		uniqueId: 94\n		name: gramsPerGram\n		siMultiplier: 0.001\n		siConstant: 0\n	scopes:\n		[ 0 ]:\n			uniqueId: 26\n			name: SBC-LTER\n	quantity:\n		uniqueId: 9\n		name: massPerMass\n	timestamp: \n\n'),(411,'Unit',127,'08fa3b3f27c5d65c859a67fd879b637b','2018-03-01 01:42:48','Entity: Unit\n	uniqueId: 127\n	name: bar\n	abbreviation: bar\n	description: 1 bar = 100000 pascals\n	parentSI:\n		uniqueId: 104\n		name: pascal\n		siMultiplier: 100000\n		siConstant: \n	scopes:\n		[ 0 ]:\n			uniqueId: 1\n			name: EML-2.0.1\n		[ 1 ]:\n			uniqueId: 2\n			name: EML-2.1.0\n		[ 2 ]:\n			uniqueId: 3\n			name: EML-LTER\n	quantity:\n		uniqueId: 2\n		name: pressure\n	timestamp: \n\n'),(412,'Unit',540,'08fa3b3f27c5d65c859a67fd879b637b','2018-03-01 01:43:46','Entity: Unit\n	uniqueId: 540\n	name: bar\n	abbreviation: bar\n	description: 1 bar = 100000 pascals; =0.9869 atmospheres; =0.1 megapascal (MPa);  =100 kilopascals (kPa)\n	parentSI:\n		uniqueId: 104\n		name: pascal\n		siMultiplier: 100000\n		siConstant: \n	scopes:\n		[ 0 ]:\n			uniqueId: 6\n			name: AND-LTER\n		[ 1 ]:\n			uniqueId: 28\n			name: SGS-LTER\n	quantity:\n		uniqueId: 2\n		name: pressure\n	timestamp: 2012-10-03 12:18:13\n\n'),(413,'Unit',540,'08fa3b3f27c5d65c859a67fd879b637b','2018-03-01 01:44:11','Entity: Unit\n	uniqueId: 540\n	name: bar\n	abbreviation: bar\n	description: 1 bar = 100000 pascals; =0.9869 atmospheres; =0.1 megapascal (MPa);  =100 kilopascals (kPa)\n	parentSI:\n		uniqueId: 104\n		name: pascal\n		siMultiplier: 100000\n		siConstant: \n	deprecatedTo:\n		uniqueId: 540\n		name: bar\n		deprecatedDueTo: \n	scopes:\n		[ 0 ]:\n			uniqueId: 6\n			name: AND-LTER\n		[ 1 ]:\n			uniqueId: 28\n			name: SGS-LTER\n	quantity:\n		uniqueId: 2\n		name: pressure\n	timestamp: 2018-02-28 18:43:46\n\n'),(414,'Unit',127,'08fa3b3f27c5d65c859a67fd879b637b','2018-03-01 01:44:39','Entity: Unit\n	uniqueId: 127\n	name: bar\n	abbreviation: bar\n	description: 1 bar = 100000 pascals; =0.9869 atmospheres; =0.1 megapascal (MPa);  =100 kilopascals (kPa)\n	parentSI:\n		uniqueId: 104\n		name: pascal\n		siMultiplier: 100000\n		siConstant: \n	scopes:\n		[ 0 ]:\n			uniqueId: 1\n			name: EML-2.0.1\n		[ 1 ]:\n			uniqueId: 2\n			name: EML-2.1.0\n		[ 2 ]:\n			uniqueId: 3\n			name: EML-LTER\n	quantity:\n		uniqueId: 2\n		name: pressure\n	timestamp: 2018-02-28 18:42:48\n\n'),(415,'Unit',642,'08fa3b3f27c5d65c859a67fd879b637b','2018-03-01 01:45:22','Entity: Unit\n	uniqueId: 642\n	name: decibar\n	abbreviation: dbar\n	description: decibar = 0.1 bar or 10000 pascal\n	parentSI:\n		uniqueId: 104\n		name: pascal\n		siMultiplier: 10000\n		siConstant: \n	scopes:\n		[ 0 ]:\n			uniqueId: 7\n			name: ARC-LTER\n	quantity:\n		uniqueId: 2\n		name: pressure\n	timestamp: \n\n'),(416,'Unit',275,'08fa3b3f27c5d65c859a67fd879b637b','2018-03-01 01:45:58','Entity: Unit\n	uniqueId: 275\n	name: decibar\n	abbreviation: dbar\n	description: pressure\n	parentSI:\n		uniqueId: 104\n		name: pascal\n		siMultiplier: 10000\n		siConstant: \n	scopes:\n		[ 0 ]:\n			uniqueId: 4\n			name: PAL-LTER\n	quantity:\n		uniqueId: 2\n		name: pressure\n	timestamp: \n\n'),(417,'Unit',617,'08fa3b3f27c5d65c859a67fd879b637b','2018-03-01 01:46:15','Entity: Unit\n	uniqueId: 617\n	name: decibar\n	abbreviation: dbar\n	description: decibar = 0.1 bar\n	parentSI:\n		uniqueId: 104\n		name: pascal\n		siMultiplier: 10000\n		siConstant: 0\n	scopes:\n		[ 0 ]:\n			uniqueId: 14\n			name: GCE-LTER\n	quantity:\n		uniqueId: 2\n		name: pressure\n	timestamp: \n\n'),(418,'Unit',459,'08fa3b3f27c5d65c859a67fd879b637b','2018-03-01 01:46:36','Entity: Unit\n	uniqueId: 459\n	name: decibar\n	abbreviation: dbar\n	description: pressure, oceanography\n	parentSI:\n		uniqueId: 104\n		name: pascal\n		siMultiplier: 10000\n		siConstant: 0\n	scopes:\n		[ 0 ]:\n			uniqueId: 22\n			name: MCR-LTER\n		[ 1 ]:\n			uniqueId: 26\n			name: SBC-LTER\n	quantity:\n		uniqueId: 2\n		name: pressure\n	timestamp: \n\n'),(419,'Unit',642,'08fa3b3f27c5d65c859a67fd879b637b','2018-03-01 01:47:25','Entity: Unit\n	uniqueId: 642\n	name: decibar_keep\n	abbreviation: dbar\n	description: decibar = 0.1 bar or 10000 pascal\n	parentSI:\n		uniqueId: 104\n		name: pascal\n		siMultiplier: 10000\n		siConstant: \n	scopes:\n		[ 0 ]:\n			uniqueId: 7\n			name: ARC-LTER\n	quantity:\n		uniqueId: 2\n		name: pressure\n	timestamp: 2018-02-28 18:45:22\n\n'),(420,'Unit',335,'08fa3b3f27c5d65c859a67fd879b637b','2018-03-01 01:47:59','Entity: Unit\n	uniqueId: 335\n	name: hectoPascal\n	abbreviation: \n	description: newtons per square meter\n	parentSI:\n		uniqueId: 104\n		name: pascal\n		siMultiplier: 10\n		siConstant: \n	scopes:\n		[ 0 ]:\n			uniqueId: 18\n			name: KBS-LTER\n	quantity:\n		uniqueId: 2\n		name: pressure\n	timestamp: \n\n'),(421,'Unit',965,'08fa3b3f27c5d65c859a67fd879b637b','2018-03-01 01:48:44','Entity: Unit\n	uniqueId: 965\n	name: inchOfMercury\n	abbreviation: \n	description: \n	parentSI:\n		uniqueId: 104\n		name: pascal\n		siMultiplier: 3386\n		siConstant: 0.0\n	scopes:\n		[ 0 ]:\n			uniqueId: 15\n			name: HFR-LTER\n	quantity:\n		uniqueId: 2\n		name: pressure\n	timestamp: \n\n'),(422,'Unit',466,'08fa3b3f27c5d65c859a67fd879b637b','2018-03-01 01:49:11','Entity: Unit\n	uniqueId: 466\n	name: inchMercury\n	abbreviation: inHg\n	description: old unit for atmospheric pressure\n	parentSI:\n		uniqueId: 156\n		name: inch\n		siMultiplier: 1\n		siConstant: 0\n	scopes:\n		[ 0 ]:\n			uniqueId: 26\n			name: SBC-LTER\n	quantity:\n		uniqueId: 2\n		name: pressure\n	timestamp: \n\n'),(423,'Unit',618,'08fa3b3f27c5d65c859a67fd879b637b','2018-03-01 03:21:20','Entity: Unit\n	uniqueId: 618\n	name: disintegrationsPerMinute\n	abbreviation: DPM\n	description: DPM = radioactive disintegrations per minute\n	parentSI:\n		uniqueId: 65\n		name: becquerel\n		siMultiplier: 0.0166667\n		siConstant: 0\n	scopes:\n		[ 0 ]:\n			uniqueId: 14\n			name: GCE-LTER\n	quantity:\n		uniqueId: 12\n		name: radionucleotideActivity\n	timestamp: \n\n'),(424,'Unit',643,'08fa3b3f27c5d65c859a67fd879b637b','2018-03-01 03:21:55','Entity: Unit\n	uniqueId: 643\n	name: disintegrationPerMinute\n	abbreviation: DPM\n	description: DPM = radioactive disintegrations per minute\n	parentSI:\n		uniqueId: 65\n		name: becquerel\n		siMultiplier: 0.0166666667\n		siConstant: \n	scopes:\n		[ 0 ]:\n			uniqueId: 7\n			name: ARC-LTER\n	quantity:\n		uniqueId: 12\n		name: radionucleotideActivity\n	timestamp: \n\n'),(425,'Unit',595,'08fa3b3f27c5d65c859a67fd879b637b','2018-03-01 03:23:34','Entity: Unit\n	uniqueId: 595\n	name: decaysPerMinute\n	abbreviation: decay/min\n	description: \n	parentSI:\n		uniqueId: 581\n		name: becquerelPerLiter\n		siMultiplier: 0.0166667\n		siConstant: 0\n	scopes:\n		[ 0 ]:\n			uniqueId: 24\n			name: NTL-LTER\n	quantity:\n		uniqueId: 77\n		name: radionucleotideActivityDensity\n	timestamp: 2014-05-08 16:20:39\n\n'),(426,'Unit',581,'08fa3b3f27c5d65c859a67fd879b637b','2018-03-01 03:24:39','Entity: Unit\n	uniqueId: 581\n	name: becquerelPerLiter\n	abbreviation: Bq/L\n	description: Unit of radioactivity per fluid volume\n	scopes:\n		[ 0 ]:\n			uniqueId: 30\n			name: LTER-ADDED\n	quantity:\n		uniqueId: 77\n		name: radionucleotideActivityDensity\n	timestamp: 2010-10-08 15:57:24\n\n'),(427,'Unit',581,'08fa3b3f27c5d65c859a67fd879b637b','2018-03-01 03:25:31','Entity: Unit\n	uniqueId: 581\n	name: becquerelPerLiter\n	abbreviation: Bq/L\n	description: Unit of radioactivity per fluid volume, the SI unit of radioactivity, corresponding to one disintegration per second.\n	scopes:\n		[ 0 ]:\n			uniqueId: 30\n			name: LTER-ADDED\n	quantity:\n		uniqueId: 77\n		name: radionucleotideActivityDensity\n	timestamp: 2018-02-28 20:24:39\n\n'),(428,'Unit',606,'08fa3b3f27c5d65c859a67fd879b637b','2018-03-01 03:26:01','Entity: Unit\n	uniqueId: 606\n	name: decaysPerMinutePerLiter\n	abbreviation: decay/min/L\n	description: \n	parentSI:\n		uniqueId: 65\n		name: becquerel\n		siMultiplier: 0.0166667\n		siConstant: 0\n	scopes:\n		[ 0 ]:\n			uniqueId: 24\n			name: NTL-LTER\n	quantity:\n		uniqueId: 12\n		name: radionucleotideActivity\n	timestamp: 2014-05-08 16:20:46\n\n'),(429,'Unit',638,'08fa3b3f27c5d65c859a67fd879b637b','2018-03-01 03:27:18','Entity: Unit\n	uniqueId: 638\n	name: becquerelPerMilliliter\n	abbreviation: \n	description: radio nucleotide activity  per milliliter substance\n	scopes:\n		[ 0 ]:\n			uniqueId: 7\n			name: ARC-LTER\n	quantity:\n		uniqueId: 12\n		name: radionucleotideActivity\n	timestamp: \n\n'),(430,'Unit',6,'08fa3b3f27c5d65c859a67fd879b637b','2018-03-01 03:30:07','Entity: Unit\n	uniqueId: 6\n	name: gray\n	abbreviation: Gy\n	description: gray\n	scopes:\n		[ 0 ]:\n			uniqueId: 1\n			name: EML-2.0.1\n		[ 1 ]:\n			uniqueId: 2\n			name: EML-2.1.0\n		[ 2 ]:\n			uniqueId: 3\n			name: EML-LTER\n	quantity:\n		uniqueId: 22\n		name: specificEnergy\n	timestamp: \n\n'),(431,'Unit',52,'08fa3b3f27c5d65c859a67fd879b637b','2018-03-01 03:32:20','Entity: Unit\n	uniqueId: 52\n	name: second\n	abbreviation: sec\n	description: SI unit of time\n	scopes:\n		[ 0 ]:\n			uniqueId: 1\n			name: EML-2.0.1\n		[ 1 ]:\n			uniqueId: 2\n			name: EML-2.1.0\n		[ 2 ]:\n			uniqueId: 3\n			name: EML-LTER\n		[ 3 ]:\n			uniqueId: 28\n			name: SGS-LTER\n	quantity:\n		uniqueId: 31\n		name: time\n	timestamp: 2012-10-03 13:50:30\n\n'),(432,'Unit',534,'08fa3b3f27c5d65c859a67fd879b637b','2018-03-01 03:32:50','Entity: Unit\n	uniqueId: 534\n	name: second\n	abbreviation: sec\n	description: SI unit of time; sixtieth part of a minute of time\n	parentSI:\n		uniqueId: 52\n		name: second_keep\n		siMultiplier: 1\n		siConstant: \n	scopes:\n		[ 0 ]:\n			uniqueId: 6\n			name: AND-LTER\n		[ 1 ]:\n			uniqueId: 20\n			name: LUQ-LTER\n	quantity:\n		uniqueId: 31\n		name: time\n	timestamp: \n\n'),(433,'Unit',52,'08fa3b3f27c5d65c859a67fd879b637b','2018-03-01 03:33:19','Entity: Unit\n	uniqueId: 52\n	name: second_keep\n	abbreviation: sec\n	description: SI unit of time\n	scopes:\n		[ 0 ]:\n			uniqueId: 1\n			name: EML-2.0.1\n		[ 1 ]:\n			uniqueId: 2\n			name: EML-2.1.0\n		[ 2 ]:\n			uniqueId: 3\n			name: EML-LTER\n		[ 3 ]:\n			uniqueId: 28\n			name: SGS-LTER\n	quantity:\n		uniqueId: 31\n		name: time\n	timestamp: 2018-02-28 20:32:20\n\n'),(434,'Unit',52,'08fa3b3f27c5d65c859a67fd879b637b','2018-03-01 03:33:36','Entity: Unit\n	uniqueId: 52\n	name: second_keep\n	abbreviation: sec\n	description: SI unit of time\n	scopes:\n		[ 0 ]:\n			uniqueId: 6\n			name: AND-LTER\n		[ 1 ]:\n			uniqueId: 1\n			name: EML-2.0.1\n		[ 2 ]:\n			uniqueId: 2\n			name: EML-2.1.0\n		[ 3 ]:\n			uniqueId: 3\n			name: EML-LTER\n		[ 4 ]:\n			uniqueId: 31\n			name: LTER-VETTED\n		[ 5 ]:\n			uniqueId: 28\n			name: SGS-LTER\n	quantity:\n		uniqueId: 31\n		name: time\n	timestamp: 2018-02-28 20:33:19\n\n'),(435,'Unit',52,'08fa3b3f27c5d65c859a67fd879b637b','2018-03-01 03:33:54','Entity: Unit\n	uniqueId: 52\n	name: second_keep\n	abbreviation: sec\n	description: SI unit of time\n	scopes:\n		[ 0 ]:\n			uniqueId: 6\n			name: AND-LTER\n		[ 1 ]:\n			uniqueId: 1\n			name: EML-2.0.1\n		[ 2 ]:\n			uniqueId: 2\n			name: EML-2.1.0\n		[ 3 ]:\n			uniqueId: 3\n			name: EML-LTER\n		[ 4 ]:\n			uniqueId: 20\n			name: LUQ-LTER\n		[ 5 ]:\n			uniqueId: 28\n			name: SGS-LTER\n	quantity:\n		uniqueId: 31\n		name: time\n	timestamp: 2018-02-28 20:33:36\n\n'),(436,'Unit',491,'08fa3b3f27c5d65c859a67fd879b637b','2018-03-01 03:34:39','Entity: Unit\n	uniqueId: 491\n	name: cubic centimeters\n	abbreviation: cm³\n	description: cubic centimeters\n	parentSI:\n		uniqueId: 20\n		name: cubicMeter\n		siMultiplier: 0\n		siConstant: \n	scopes:\n		[ 0 ]:\n			uniqueId: 6\n			name: AND-LTER\n	quantity:\n		uniqueId: 42\n		name: volume\n	timestamp: \n\n'),(437,'Unit',271,'08fa3b3f27c5d65c859a67fd879b637b','2018-03-01 03:34:57','Entity: Unit\n	uniqueId: 271\n	name: centimeterCubed\n	abbreviation: cm³\n	description: cubic centimeter\n	parentSI:\n		uniqueId: 204\n		name: meterCubed\n		siMultiplier: 0.000001\n		siConstant: \n	scopes:\n		[ 0 ]:\n			uniqueId: 9\n			name: BNZ-LTER\n		[ 1 ]:\n			uniqueId: 5\n			name: CCE-LTER\n		[ 2 ]:\n			uniqueId: 15\n			name: HFR-LTER\n	quantity:\n		uniqueId: 42\n		name: volume\n	timestamp: \n\n'),(438,'Unit',492,'08fa3b3f27c5d65c859a67fd879b637b','2018-03-01 03:35:27','Entity: Unit\n	uniqueId: 492\n	name: cubic feet\n	abbreviation: ft3\n	description: cubic feet\n	parentSI:\n		uniqueId: 20\n		name: cubicMeter\n		siMultiplier: 0.02832\n		siConstant: \n	scopes:\n		[ 0 ]:\n			uniqueId: 6\n			name: AND-LTER\n	quantity:\n		uniqueId: 42\n		name: volume\n	timestamp: \n\n'),(439,'Unit',962,'08fa3b3f27c5d65c859a67fd879b637b','2018-03-01 03:35:45','Entity: Unit\n	uniqueId: 962\n	name: footCubed\n	abbreviation: \n	description: \n	parentSI:\n		uniqueId: 204\n		name: meterCubed\n		siMultiplier: 0.0283168466\n		siConstant: 0.0\n	scopes:\n		[ 0 ]:\n			uniqueId: 15\n			name: HFR-LTER\n	quantity:\n		uniqueId: 42\n		name: volume\n	timestamp: \n\n'),(440,'Unit',526,'08fa3b3f27c5d65c859a67fd879b637b','2018-03-01 03:36:46','Entity: Unit\n	uniqueId: 526\n	name: cubicCentimetersPerCubicCentimeter\n	abbreviation: ml/cm3\n	description: milliliters per cubic centimeter; also cubic centimeters per cubic centimeter\n	parentSI:\n		uniqueId: 27\n		name: cubicCentimetersPerCubicCentimeters\n		siMultiplier: 1\n		siConstant: \n	scopes:\n		[ 0 ]:\n			uniqueId: 6\n			name: AND-LTER\n	quantity:\n		uniqueId: 11\n		name: volumePerVolume\n	timestamp: \n\n'),(441,'Unit',207,'08fa3b3f27c5d65c859a67fd879b637b','2018-03-01 03:37:02','Entity: Unit\n	uniqueId: 207\n	name: centimeterCubedPerCentimeterCubed\n	abbreviation: \n	description: cubic centimeters per cubic centimeter\n	scopes:\n		[ 0 ]:\n			uniqueId: 3\n			name: EML-LTER\n	quantity:\n		uniqueId: 11\n		name: volumePerVolume\n	timestamp: \n\n'),(442,'Unit',276,'08fa3b3f27c5d65c859a67fd879b637b','2018-03-01 03:37:36','Entity: Unit\n	uniqueId: 276\n	name: milliliterPerLiter\n	abbreviation: ml/L\n	description: milliters of solution per total volume\n	scopes:\n		[ 0 ]:\n			uniqueId: 7\n			name: ARC-LTER\n		[ 1 ]:\n			uniqueId: 13\n			name: FCE-LTER\n		[ 2 ]:\n			uniqueId: 14\n			name: GCE-LTER\n		[ 3 ]:\n			uniqueId: 14\n			name: GCE-LTER\n		[ 4 ]:\n			uniqueId: 4\n			name: PAL-LTER\n	quantity:\n		uniqueId: 11\n		name: volumePerVolume\n	timestamp: 2010-10-06 16:32:34\n\n'),(443,'Unit',490,'08fa3b3f27c5d65c859a67fd879b637b','2018-03-01 03:38:21','Entity: Unit\n	uniqueId: 490\n	name: milliliterPerLiter\n	abbreviation: ml/L\n	description: milliters of solution per 1 liter volume\n	scopes:\n		[ 0 ]:\n			uniqueId: 22\n			name: MCR-LTER\n	quantity:\n		uniqueId: 11\n		name: volumePerVolume\n	timestamp: 2010-10-06 16:33:24\n\n'),(444,'Unit',276,'08fa3b3f27c5d65c859a67fd879b637b','2018-03-01 03:38:40','Entity: Unit\n	uniqueId: 276\n	name: milliliterPerLiter_keep\n	abbreviation: ml/L\n	description: milliters of solution per total volume\n	scopes:\n		[ 0 ]:\n			uniqueId: 7\n			name: ARC-LTER\n		[ 1 ]:\n			uniqueId: 13\n			name: FCE-LTER\n		[ 2 ]:\n			uniqueId: 14\n			name: GCE-LTER\n		[ 3 ]:\n			uniqueId: 14\n			name: GCE-LTER\n		[ 4 ]:\n			uniqueId: 4\n			name: PAL-LTER\n	quantity:\n		uniqueId: 11\n		name: volumePerVolume\n	timestamp: 2018-02-28 20:37:36\n\n'),(445,'Unit',155,'08fa3b3f27c5d65c859a67fd879b637b','2018-03-01 03:41:00','Entity: Unit\n	uniqueId: 155\n	name: numberPerMilliliter\n	abbreviation: \n	description: number of entities per milliliter\n	parentSI:\n		uniqueId: 34\n		name: numberPerMeterCubed\n		siMultiplier: 0.000001\n		siConstant: \n	scopes:\n		[ 0 ]:\n			uniqueId: 1\n			name: EML-2.0.1\n		[ 1 ]:\n			uniqueId: 2\n			name: EML-2.1.0\n		[ 2 ]:\n			uniqueId: 3\n			name: EML-LTER\n		[ 3 ]:\n			uniqueId: 22\n			name: MCR-LTER\n		[ 4 ]:\n			uniqueId: 24\n			name: NTL-LTER\n		[ 5 ]:\n			uniqueId: 26\n			name: SBC-LTER\n	quantity:\n		uniqueId: 52\n		name: volumetricDensity\n	timestamp: 2011-07-20 11:15:55\n\n'),(446,'Unit',155,'08fa3b3f27c5d65c859a67fd879b637b','2018-03-01 03:41:15','Entity: Unit\n	uniqueId: 155\n	name: numberPerMilliliter\n	abbreviation: \n	description: number of entities (organisms or particles) per milliliter\n	parentSI:\n		uniqueId: 34\n		name: numberPerMeterCubed\n		siMultiplier: 0.000001\n		siConstant: \n	scopes:\n		[ 0 ]:\n			uniqueId: 1\n			name: EML-2.0.1\n		[ 1 ]:\n			uniqueId: 2\n			name: EML-2.1.0\n		[ 2 ]:\n			uniqueId: 3\n			name: EML-LTER\n		[ 3 ]:\n			uniqueId: 22\n			name: MCR-LTER\n		[ 4 ]:\n			uniqueId: 24\n			name: NTL-LTER\n		[ 5 ]:\n			uniqueId: 26\n			name: SBC-LTER\n	quantity:\n		uniqueId: 52\n		name: volumetricDensity\n	timestamp: 2018-02-28 20:41:00\n\n'),(447,'Unit',155,'08fa3b3f27c5d65c859a67fd879b637b','2018-03-01 03:41:48','Entity: Unit\n	uniqueId: 155\n	name: numberPerMilliliter\n	abbreviation: number/ml\n	description: number of entities (organisms or particles) per milliliter\n	parentSI:\n		uniqueId: 34\n		name: numberPerMeterCubed\n		siMultiplier: 0.000001\n		siConstant: \n	scopes:\n		[ 0 ]:\n			uniqueId: 1\n			name: EML-2.0.1\n		[ 1 ]:\n			uniqueId: 2\n			name: EML-2.1.0\n		[ 2 ]:\n			uniqueId: 3\n			name: EML-LTER\n		[ 3 ]:\n			uniqueId: 22\n			name: MCR-LTER\n		[ 4 ]:\n			uniqueId: 24\n			name: NTL-LTER\n		[ 5 ]:\n			uniqueId: 26\n			name: SBC-LTER\n	quantity:\n		uniqueId: 52\n		name: volumetricDensity\n	timestamp: 2018-02-28 20:41:15\n\n'),(448,'Unit',676,'08fa3b3f27c5d65c859a67fd879b637b','2018-03-01 03:42:17','Entity: Unit\n	uniqueId: 676\n	name: numberPerMilliliter\n	abbreviation: number/ml\n	description: number of particles or organisms per milliliter of solution\n	scopes:\n		[ 0 ]:\n			uniqueId: 7\n			name: ARC-LTER\n	quantity:\n		uniqueId: 52\n		name: volumetricDensity\n	timestamp: \n\n'),(449,'Unit',155,'08fa3b3f27c5d65c859a67fd879b637b','2018-03-01 03:42:34','Entity: Unit\n	uniqueId: 155\n	name: numberPerMilliliter_keep\n	abbreviation: number/ml\n	description: number of entities (organisms or particles) per milliliter\n	parentSI:\n		uniqueId: 34\n		name: numberPerMeterCubed\n		siMultiplier: 0.000001\n		siConstant: \n	scopes:\n		[ 0 ]:\n			uniqueId: 1\n			name: EML-2.0.1\n		[ 1 ]:\n			uniqueId: 2\n			name: EML-2.1.0\n		[ 2 ]:\n			uniqueId: 3\n			name: EML-LTER\n		[ 3 ]:\n			uniqueId: 22\n			name: MCR-LTER\n		[ 4 ]:\n			uniqueId: 24\n			name: NTL-LTER\n		[ 5 ]:\n			uniqueId: 26\n			name: SBC-LTER\n	quantity:\n		uniqueId: 52\n		name: volumetricDensity\n	timestamp: 2018-02-28 20:41:48\n\n'),(450,'Unit',628,'08fa3b3f27c5d65c859a67fd879b637b','2018-03-01 03:43:16','Entity: Unit\n	uniqueId: 628\n	name: numberPerMilliliter\n	abbreviation: number/ml\n	description: number of particles or organisms per milliliter of solution\n	scopes:\n		[ 0 ]:\n			uniqueId: 14\n			name: GCE-LTER\n	quantity:\n		uniqueId: 52\n		name: volumetricDensity\n	timestamp: \n\n'),(451,'Unit',628,'08fa3b3f27c5d65c859a67fd879b637b','2018-03-01 03:43:29','Entity: Unit\n	uniqueId: 628\n	name: numberPerMilliliter\n	abbreviation: number/ml\n	description: number of particles or organisms per milliliter of solution\n	deprecatedTo:\n		uniqueId: 155\n		name: numberPerMilliliter\n		deprecatedDueTo: \n	scopes:\n		[ 0 ]:\n			uniqueId: 14\n			name: GCE-LTER\n	quantity:\n		uniqueId: 52\n		name: volumetricDensity\n	timestamp: 2018-02-28 20:43:16\n\n'),(452,'Unit',155,'08fa3b3f27c5d65c859a67fd879b637b','2018-03-01 03:43:49','Entity: Unit\n	uniqueId: 155\n	name: numberPerMilliliter\n	abbreviation: number/ml\n	description: number of entities (organisms or particles) per milliliter\n	parentSI:\n		uniqueId: 34\n		name: numberPerMeterCubed\n		siMultiplier: 0.000001\n		siConstant: \n	scopes:\n		[ 0 ]:\n			uniqueId: 1\n			name: EML-2.0.1\n		[ 1 ]:\n			uniqueId: 2\n			name: EML-2.1.0\n		[ 2 ]:\n			uniqueId: 3\n			name: EML-LTER\n		[ 3 ]:\n			uniqueId: 22\n			name: MCR-LTER\n		[ 4 ]:\n			uniqueId: 24\n			name: NTL-LTER\n		[ 5 ]:\n			uniqueId: 26\n			name: SBC-LTER\n	quantity:\n		uniqueId: 52\n		name: volumetricDensity\n	timestamp: 2018-02-28 20:42:34\n\n'),(453,'Unit',155,'08fa3b3f27c5d65c859a67fd879b637b','2018-03-01 03:43:56','Entity: Unit\n	uniqueId: 155\n	name: numberPerMilliliter\n	abbreviation: number/ml\n	description: number of entities (organisms or particles) per milliliter\n	parentSI:\n		uniqueId: 34\n		name: numberPerMeterCubed\n		siMultiplier: 0.000001\n		siConstant: \n	scopes:\n		[ 0 ]:\n			uniqueId: 1\n			name: EML-2.0.1\n		[ 1 ]:\n			uniqueId: 2\n			name: EML-2.1.0\n		[ 2 ]:\n			uniqueId: 3\n			name: EML-LTER\n		[ 3 ]:\n			uniqueId: 14\n			name: GCE-LTER\n		[ 4 ]:\n			uniqueId: 22\n			name: MCR-LTER\n		[ 5 ]:\n			uniqueId: 24\n			name: NTL-LTER\n		[ 6 ]:\n			uniqueId: 26\n			name: SBC-LTER\n	quantity:\n		uniqueId: 52\n		name: volumetricDensity\n	timestamp: 2018-02-28 20:43:49\n\n'),(454,'Unit',278,'08fa3b3f27c5d65c859a67fd879b637b','2018-03-01 03:45:41','Entity: Unit\n	uniqueId: 278\n	name: milligramPerMeterCubedPerDay\n	abbreviation: mg/m³/day\n	description: volumetric primary production rate\n	scopes:\n		[ 0 ]:\n			uniqueId: 4\n			name: PAL-LTER\n	quantity:\n		uniqueId: 16\n		name: volumetricMassDensityRate\n	timestamp: \n\n'),(455,'Unit',472,'08fa3b3f27c5d65c859a67fd879b637b','2018-03-01 03:46:05','Entity: Unit\n	uniqueId: 472\n	name: milligramPerMeterCubedPerDay\n	abbreviation: mg*m-3*d-1\n	description: volumetric primary production rate, in a parcel of water\n	parentSI:\n		uniqueId: 433\n		name: kilogramPerMeterCubedPerSecond\n		siMultiplier: 0\n		siConstant: 0\n	scopes:\n		[ 0 ]:\n			uniqueId: 26\n			name: SBC-LTER\n	quantity:\n		uniqueId: 16\n		name: volumetricMassDensityRate\n	timestamp: \n\n'),(456,'Unit',440,'08fa3b3f27c5d65c859a67fd879b637b','2018-03-01 03:46:45','Entity: Unit\n	uniqueId: 440\n	name: milligramsPerCubicMeterPerDay\n	abbreviation: mg*m-3*d-1\n	description: volumetric primary production rate, in a parcel of water\n	parentSI:\n		uniqueId: 433\n		name: kilogramPerMeterCubedPerSecond\n		siMultiplier: 0\n		siConstant: 0\n	scopes:\n		[ 0 ]:\n			uniqueId: 22\n			name: MCR-LTER\n	quantity:\n		uniqueId: 16\n		name: volumetricMassDensityRate\n	timestamp: \n\n'),(457,'Unit',472,'08fa3b3f27c5d65c859a67fd879b637b','2018-03-01 03:47:05','Entity: Unit\n	uniqueId: 472\n	name: milligramPerMeterCubedPerDay\n	abbreviation: mg*m-3*d-1\n	description: volumetric primary production rate, in a parcel of water\n	parentSI:\n		uniqueId: 433\n		name: kilogramPerMeterCubedPerSecond\n		siMultiplier: 0\n		siConstant: 0\n	scopes:\n		[ 0 ]:\n			uniqueId: 4\n			name: PAL-LTER\n		[ 1 ]:\n			uniqueId: 26\n			name: SBC-LTER\n	quantity:\n		uniqueId: 16\n		name: volumetricMassDensityRate\n	timestamp: 2018-02-28 20:46:05\n\n'),(458,'Unit',493,'08fa3b3f27c5d65c859a67fd879b637b','2018-03-01 03:49:46','Entity: Unit\n	uniqueId: 493\n	name: cubic feet per second\n	abbreviation: cfs\n	description: cubic feet per second\n	parentSI:\n		uniqueId: 15\n		name: litersPerSecond\n		siMultiplier: 28.3169\n		siConstant: \n	scopes:\n		[ 0 ]:\n			uniqueId: 6\n			name: AND-LTER\n	quantity:\n		uniqueId: 8\n		name: volumetricRate\n	timestamp: \n\n'),(459,'Unit',243,'08fa3b3f27c5d65c859a67fd879b637b','2018-03-01 03:50:00','Entity: Unit\n	uniqueId: 243\n	name: footCubedPerSecond\n	abbreviation: ft³/sec\n	description: cubic feet per second\n	parentSI:\n		uniqueId: 15\n		name: litersPerSecond\n		siMultiplier: 28.3169\n		siConstant: \n	scopes:\n		[ 0 ]:\n			uniqueId: 3\n			name: EML-LTER\n	quantity:\n		uniqueId: 8\n		name: volumetricRate\n	timestamp: \n\n');
/*!40000 ALTER TABLE `changeLog` ENABLE KEYS */;
UNLOCK TABLES;

--
-- Table structure for table `comment`
--

DROP TABLE IF EXISTS `comment`;
/*!40101 SET @saved_cs_client     = @@character_set_client */;
/*!40101 SET character_set_client = utf8 */;
CREATE TABLE `comment` (
  `commentId` int(11) unsigned NOT NULL AUTO_INCREMENT,
  `unitId` int(11) unsigned NOT NULL,
  `signature` varchar(255) DEFAULT NULL,
  `timestamp` timestamp NOT NULL DEFAULT CURRENT_TIMESTAMP,
  `comment` text,
  PRIMARY KEY (`commentId`),
  KEY `fk_comment_unit` (`unitId`),
  CONSTRAINT `fk_comment_unit` FOREIGN KEY (`unitId`) REFERENCES `unit` (`unitId`) ON DELETE NO ACTION ON UPDATE CASCADE
) ENGINE=InnoDB AUTO_INCREMENT=41 DEFAULT CHARSET=utf8 COMMENT='InnoDB free: 1477632 kB; (`unitId`) REFER `lter_unitregistry';
/*!40101 SET character_set_client = @saved_cs_client */;

--
-- Dumping data for table `comment`
--

LOCK TABLES `comment` WRITE;
/*!40000 ALTER TABLE `comment` DISABLE KEYS */;
INSERT INTO `comment` VALUES (2,304,'lynn','2010-05-22 07:25:02','updated name to comply w/BPs'),(3,296,'lynn','2010-05-22 07:25:31','updated name to comply w/ unit BPs'),(4,293,'lynn','2010-05-22 07:30:09','updated to comply with unit BPs'),(5,297,'lynn','2010-05-22 07:32:09','updated to comply w/ unit BPs'),(6,292,'lynn','2010-05-22 07:33:38','updated to comply w/ unit BPs, though this makes for an awkward-sounding unit as the \'thousand\' implies plural!'),(7,294,'lynn','2010-05-22 07:34:33','updated to comply w/unit BPs'),(8,298,'lynn','2010-05-22 07:35:44','updated to comply w/unit BPs, though awkward as 10 implies plural...'),(9,299,'lynn','2010-05-22 07:37:30','updated to comply with unit BPs'),(10,309,'lynn','2010-05-22 07:38:36','updated to comply w/unit BPs'),(11,306,'lynn','2010-05-22 07:39:23','updated to comply w/ unit BPs'),(12,289,'lynn','2010-05-22 07:41:02','updated to comply w/ unit BPs'),(13,313,'lynn','2010-05-22 07:41:40','updated to comply w/ unit BPs'),(14,291,'lynn','2010-05-22 07:42:37','updated (removed Carbon) to comply w/ unit BPs'),(15,284,'lynn','2010-05-22 07:44:39','updated to comply w/ unit BPs'),(16,308,'lynn','2010-05-22 07:45:27','updated to comply w/ unit BPs, and fix abbreviation characters'),(17,286,'lynn','2010-05-22 07:51:13','updated to comply with unit BPs'),(18,282,'lynn','2010-05-22 07:52:13','updated to comply w/ unit BPs'),(19,278,'lynn ','2010-05-22 07:53:02','updated to comply w/ unit BPs'),(20,279,'lynn','2010-05-22 07:54:37','updated to comply w/ unit BPs'),(21,285,'lynn','2010-05-22 07:57:36','updated to comply w/unit BPs'),(22,287,'lynn','2010-05-22 07:58:43','updated to comply with unit BPs'),(23,281,'lynn','2010-05-22 08:00:36','updated to comply w/ unit BPs'),(24,269,'lynn','2010-05-22 08:01:26','updated to comply w/ unit BPs'),(25,310,'lynn','2010-05-22 08:02:20','updated to comply w/ unit BPs'),(26,277,'lynn','2010-05-22 08:03:12','updated to comply w/ unit BPs'),(27,288,'lynn','2010-05-22 08:05:58','updated to comply w/ unit BPs'),(28,306,'lynn','2010-05-22 08:13:53','updated to comply w/ unit BPs'),(29,282,'d8ce349b63064e69c16118818bf3185a','2010-06-28 17:38:19','the parent \"molarity\" is not SI.'),(30,461,'d8ce349b63064e69c16118818bf3185a','2010-10-06 23:19:18','I think this is a typo, not a real unit. Should not have gotten in. sorry!'),(31,461,'d8ce349b63064e69c16118818bf3185a','2010-10-06 23:20:50','disregard previous comment. don\'t know my own units.'),(32,602,'08fa3b3f27c5d65c859a67fd879b637b','2018-02-28 22:02:14','spelling error'),(33,602,'08fa3b3f27c5d65c859a67fd879b637b','2018-02-28 22:02:27',''),(34,1252,'08fa3b3f27c5d65c859a67fd879b637b','2018-02-28 22:07:42','contained measured entity, carbon, which is not part of the unit'),(35,1252,'08fa3b3f27c5d65c859a67fd879b637b','2018-02-28 22:07:52',''),(36,7,'08fa3b3f27c5d65c859a67fd879b637b','2018-03-01 00:54:30','hertz = [occurrences] per second. unit is 1/second'),(37,110,'08fa3b3f27c5d65c859a67fd879b637b','2018-03-01 01:00:14','Lumen = the SI unit of luminous flux, equal to the amount of light emitted per second in a unit solid angle of one steradian from a uniform source of one candela.'),(38,601,'08fa3b3f27c5d65c859a67fd879b637b','2018-03-01 01:12:20','belongs with other micro-equivs, under concentration '),(39,986,'08fa3b3f27c5d65c859a67fd879b637b','2018-03-01 01:38:01','should be moved'),(40,385,'08fa3b3f27c5d65c859a67fd879b637b','2018-03-01 03:44:32','should move, or be deprecated. contains an entity');
/*!40000 ALTER TABLE `comment` ENABLE KEYS */;
UNLOCK TABLES;

--
-- Table structure for table `login`
--

DROP TABLE IF EXISTS `login`;
/*!40101 SET @saved_cs_client     = @@character_set_client */;
/*!40101 SET character_set_client = utf8 */;
CREATE TABLE `login` (
  `signature` char(32) DEFAULT NULL,
  `username` varchar(32) DEFAULT NULL,
  `name` varchar(255) DEFAULT NULL,
  `address` varchar(15) DEFAULT NULL,
  `timestamp` timestamp NULL DEFAULT CURRENT_TIMESTAMP,
  UNIQUE KEY `signature` (`signature`)
) ENGINE=MyISAM DEFAULT CHARSET=utf8;
/*!40101 SET character_set_client = @saved_cs_client */;

--
-- Dumping data for table `login`
--

LOCK TABLES `login` WRITE;
/*!40000 ALTER TABLE `login` DISABLE KEYS */;
INSERT INTO `login` VALUES ('05f0c51863f56536198b5531321862c6','mkortz','Mason Kortz','132.239.125.76','2011-06-20 16:25:52'),('256311a1105ada53a694eab23c726f5b','mkortz','Mason Kortz','129.24.125.46','2010-06-16 16:04:50'),('f9cd1866334ffe33848ff31ab67680c6','kramsey','Ken Ramsey','128.123.176.199','2010-06-16 17:08:51'),('9fb9a919a3cce26fff67c2bdcdaed0dc','hgarritt','Hap Garritt','128.128.173.37','2010-07-10 14:49:59'),('768d5d0f3c5dcf451746b0823ffa0817','kvanderbilt','Kristin Vanderbilt','68.35.121.127','2010-06-16 17:08:57'),('00639980481df34ba2e48cbaf0b3811c','lpowell','Linda Powell','67.237.124.25','2010-06-16 17:09:05'),('df07a0db8ffbcc8c93868f664bfc197e','jdowning','Jason Downing','137.229.80.120','2010-06-16 17:09:16'),('421a0fa7879575c76a15029104015050','mrugge','Mike Rugge','131.94.130.66','2010-06-16 17:09:30'),('e6fa5affcd11da403b1e5fe415b91115','mgastil-buhl','Mary Gastil-Buhl','128.111.242.214','2010-06-28 17:05:46'),('d8ce349b63064e69c16118818bf3185a','mobrien','Margaret O\'Brien','128.111.242.178','2010-10-06 23:09:35'),('8dce82fca4b401725bdc746c891634a3','dhenshaw','Donald Henshaw','128.193.116.124','2010-06-16 17:44:51'),('94a9c01391c21bf63c5dbbf2b21314cc','dbahauddin','Dan Bahauddin','129.24.125.29','2010-06-22 19:25:49'),('c18dc2406a6babb541481375ec3a91af','eboose','Emery Boose','129.24.125.106','2010-06-22 19:26:29'),('d767b839b2b2ed71147609fbb5eb90ed','jconners','James Conners','132.239.125.75','2015-04-22 22:25:31'),('d0001134dc8f57c5a25145718e06b0ab','jconners','James Conners','132.239.125.72','2010-07-23 00:01:22'),('29accce71b4eb40616e9e0cdd2b0790e','mkortz','Mason Kortz','132.239.125.72','2010-11-12 19:04:51'),('3b7d1dc116e0d3bb3f906c3d7ab1f021','kramsey','Ken Ramsey','128.54.62.187','2010-08-03 20:37:02'),('e874cc0ce3f172ccb2fbbef2d586b1c1','kramsey','Ken Ramsey','132.239.125.72','2010-08-04 22:12:24'),('0bb3c9e988db8efaa795f1f7d92cd5ea','kramsey','Ken Ramsey','71.32.114.76','2010-09-15 20:50:19'),('7d8b43418d54731517d5f75492eb12a7','mkortz','Mason Kortz','192.108.191.188','2010-09-23 20:44:44'),('de1d35b0b591684045c83ae444feee9c','MCR','MCR Site Metacat User','128.111.242.134','2010-10-05 16:42:07'),('d77c7b5170e1933fc856d49a4ccbed9e',NULL,NULL,NULL,'2018-02-25 22:27:49'),('19d74fb94ed7a93d489c8f3ad37c3541',NULL,NULL,'91.212.12.58','2010-10-08 11:19:44'),('20bcbf4766037e74d6c47ebb0f84b810','kbaker','Karen Baker','132.239.125.78','2011-03-07 18:23:31'),('acdf16d4b96d3ee389318fed95c38a39','emelendez','Eda Melendez-Colom','132.239.125.72','2010-11-12 19:45:04'),('60845f91901621ac35e8ef2c6da7971c','emelendez','Eda Melendez-Colom','128.54.58.216','2010-11-12 22:32:02'),('84c7a43b6f03e26c7732e65222e96c5a','sbohm','Sven Bohm','192.108.190.94','2012-10-03 16:20:24'),('1990caa52a45c6fac9a678bf36c164e2','sbohm','Sven Bohm','174.34.158.35','2011-05-13 13:39:22'),('47347b29c88d259d5b47df51a1af223b','SBC','SBC Site Metacat User','128.111.242.165','2013-05-08 21:16:35'),('b1efb14fc69bbf750cacf7c1863c8c99','fwyman','Florence Wyman','129.24.124.90','2011-08-30 17:47:19'),('e11578154dcadd35bf2838f8be31a487','yxia1','Yang Xia','129.24.124.152','2011-08-31 21:40:02'),('37048f2470883a15ebd2dad2d853b97d','mwhite','Marshall White','129.24.124.181','2011-08-31 21:53:10'),('84c2d86b856dfe1f02cc1436c43228e8','jconners','James Conners','129.24.124.181','2011-08-31 21:27:36'),('22eb69dd8c22f1aba1594ae3818f28ca','jconners1','James Conners','129.24.124.181','2011-08-31 21:28:13'),('76d5a0664794f388614c0b069a193c44','jconners','James Conners','129.24.124.152','2011-08-31 21:32:12'),('335649c040a834c81973754d321bce48','jconners1','James Conners','129.24.124.152','2011-08-31 21:56:57'),('fce1671c404e7f750cc3b036d1da7bf7','jconners1','James Conners','132.239.125.75','2015-08-25 19:25:22'),('cecad5c0730e823eebb1ae86d2cc5836','mobrien','Margaret O\'Brien','128.111.242.165','2018-02-23 17:31:08'),('b23c4a84f56f07c0665a9d84174064b7',NULL,NULL,'213.186.127.12','2012-03-20 15:22:07'),('9303841f49321b5a80f6fc9d08280994','nkaplan','Nicole Kaplan','129.82.105.70','2013-03-01 23:05:42'),('6842153ccc229a97e849d62975c79f65',NULL,'afdsasdfasdf','asdfadsfasdf','2013-03-26 23:24:53'),('649823d24ee84ca466c144b7655c6a03','HBR','HBR Site Metacat User','132.177.246.136','2013-05-08 21:18:13'),('5f2dc3dc74d52ae75ed76148bb269a51','nkaplan','Nicole Kaplan','129.82.105.139','2013-08-20 20:27:29'),('1a8cda974313ec8698cb4a0f1bd83399','nkaplan','Nicole Kaplan','129.82.105.77','2013-11-05 23:38:36'),('35c3d1a8463160874b302333778ed9a6','nkaplan','Nicole Kaplan','129.82.105.57','2013-11-18 19:50:36'),('eba3c7c50dbcf192b084a17b71362227','nkaplan','Nicole Kaplan','129.82.105.146','2014-06-26 18:35:14'),('fbe6c784909b9dd1ce0500f65ce31069','nkaplan','Nicole Kaplan','129.82.105.112','2014-09-30 15:19:33'),('28843112d3c00d6ff7b474166f01701d','yxia','Yang Xia','129.130.186.21','2015-02-25 19:17:09'),('697f943931ea45096e52b61a6c29b249','cgries','Corinna Gries','144.92.62.242','2015-10-29 19:44:15'),('b6e93e31eb38a672937e2377afb01dec','jbrunt','James Brunt','129.24.124.41','2018-03-02 18:57:05'),('aa0dd6ce2b3495a93130405de792bcae','PAL','PAL Site Metacat User','132.239.125.77','2016-07-28 22:05:17'),('863b1216c4e1767ede5c84601e60fcd7','sremillard','Suzanne Remillard','128.193.113.236','2017-09-11 19:06:25'),('efdaeda48e39e98f74345c6adcf89927','jconners','James Conners','132.239.125.77','2018-01-19 21:47:32'),('08fa3b3f27c5d65c859a67fd879b637b','mobrien','Margaret O\'Brien','128.111.64.107','2018-02-28 21:55:48');
/*!40000 ALTER TABLE `login` ENABLE KEYS */;
UNLOCK TABLES;

--
-- Table structure for table `quantity`
--

DROP TABLE IF EXISTS `quantity`;
/*!40101 SET @saved_cs_client     = @@character_set_client */;
/*!40101 SET character_set_client = utf8 */;
CREATE TABLE `quantity` (
  `quantityId` int(11) unsigned NOT NULL AUTO_INCREMENT,
  `name` varchar(255) DEFAULT NULL,
  `symbol` varchar(255) DEFAULT NULL,
  PRIMARY KEY (`quantityId`)
) ENGINE=InnoDB AUTO_INCREMENT=85 DEFAULT CHARSET=utf8;
/*!40101 SET character_set_client = @saved_cs_client */;

--
-- Dumping data for table `quantity`
--

LOCK TABLES `quantity` WRITE;
/*!40000 ALTER TABLE `quantity` DISABLE KEYS */;
INSERT INTO `quantity` VALUES (1,'amountOfSubstanceWeightFlux',NULL),(2,'pressure',NULL),(3,'potentialDifference',NULL),(4,'illuminance',NULL),(5,'arealMassDensity',NULL),(6,'acceleration',NULL),(7,'magneticFlux',NULL),(8,'volumetricRate',NULL),(9,'massPerMass',NULL),(10,'frequency',NULL),(11,'volumePerVolume',NULL),(12,'radionucleotideActivity',NULL),(13,'mass',NULL),(14,'power',NULL),(15,'doseEquivalent',NULL),(16,'volumetricMassDensityRate',NULL),(17,'capacitance',NULL),(18,'temperature',NULL),(19,'massFlux',NULL),(20,'catalyticActivity',NULL),(21,'conductance',NULL),(22,'specificEnergy',NULL),(23,'massSpecificLength',NULL),(24,'specificArea',NULL),(25,'luminance',NULL),(26,'amountOfSubstanceWeight',NULL),(27,'massDensity',NULL),(28,'amountOfSubstanceConcentration',NULL),(29,'energy',NULL),(30,'arealDensity',NULL),(31,'time',NULL),(32,'area',NULL),(33,'currentDensity',NULL),(34,'specificVolume',NULL),(35,'resistivity',NULL),(36,'magneticFluxDensity',NULL),(37,'transmissivity',NULL),(38,'speed',NULL),(39,'current',NULL),(40,'inductance',NULL),(41,'arealMassDensityRate',NULL),(42,'volume',NULL),(43,'luminosity',NULL),(44,'volumetricArea',NULL),(45,'dimensionless',NULL),(46,'angle',NULL),(47,'force',NULL),(48,'length',NULL),(49,'amount',NULL),(50,'resistance',NULL),(51,'charge',NULL),(52,'volumetricDensity',NULL),(53,'lengthReciprocal',NULL),(54,'massSpecificCount',NULL),(55,'magneticFieldStrength',NULL),(56,'irradiation',NULL),(57,'irradiance',NULL),(58,'arealConcentrationFlux',NULL),(59,'massPerMassFlux',NULL),(60,'arealEnergyDensityRate',NULL),(61,'count',NULL),(62,'rate',NULL),(63,'amountOfDecaysWeightFlux',NULL),(64,'conductivity',NULL),(65,'radioactivityPerWeight',NULL),(66,'surfaceTension',NULL),(67,'numberPerNumber',NULL),(68,'massOfSubstanceConcentration',NULL),(69,'volumetricAreaRate',NULL),(70,'latitudeLongitude',NULL),(71,'azimuth',NULL),(72,'powerDensity',NULL),(73,'massPerMassRate',NULL),(74,'areaPerArea',NULL),(75,'specificUltraVioletAbsorbance',NULL),(76,'arealMolarity',NULL),(77,'radionucleotideActivityDensity',NULL),(78,'amountOfSubstanceConcentrationFlux',NULL),(79,'conductivityPerLength',NULL),(80,'massDensityRate',NULL),(81,'arealAmountOfSubstanceConcentrationRate',NULL),(82,'amountOfSubstanceFlux',NULL),(83,'amountOfSubstance',NULL),(84,'massPerUnit',NULL);
/*!40000 ALTER TABLE `quantity` ENABLE KEYS */;
UNLOCK TABLES;

--
-- Table structure for table `quantityExpression`
--

DROP TABLE IF EXISTS `quantityExpression`;
/*!40101 SET @saved_cs_client     = @@character_set_client */;
/*!40101 SET character_set_client = utf8 */;
CREATE TABLE `quantityExpression` (
  `quantityExpressionId` int(11) unsigned NOT NULL AUTO_INCREMENT,
  `quantityId` int(11) unsigned DEFAULT NULL,
  `baseQuantityId` int(11) unsigned DEFAULT NULL,
  `power` smallint(6) DEFAULT NULL,
  PRIMARY KEY (`quantityExpressionId`),
  KEY `fk_quantityExpression_quantity` (`quantityId`),
  KEY `fk_quantityExpression_baseQuantity` (`baseQuantityId`),
  CONSTRAINT `fk_quantityExpression_baseQuantity` FOREIGN KEY (`baseQuantityId`) REFERENCES `baseQuantity` (`baseQuantityId`) ON DELETE NO ACTION ON UPDATE CASCADE,
  CONSTRAINT `fk_quantityExpression_quantity` FOREIGN KEY (`quantityId`) REFERENCES `quantity` (`quantityId`) ON DELETE NO ACTION ON UPDATE CASCADE
) ENGINE=InnoDB AUTO_INCREMENT=191 DEFAULT CHARSET=utf8;
/*!40101 SET character_set_client = @saved_cs_client */;

--
-- Dumping data for table `quantityExpression`
--

LOCK TABLES `quantityExpression` WRITE;
/*!40000 ALTER TABLE `quantityExpression` DISABLE KEYS */;
INSERT INTO `quantityExpression` VALUES (1,1,6,1),(2,1,3,-1),(3,1,2,-1),(4,2,1,1),(5,2,3,-2),(6,2,2,1),(7,3,1,2),(8,3,4,-1),(9,3,3,-2),(10,3,2,1),(11,4,1,-2),(12,4,7,1),(13,5,1,-2),(14,5,2,1),(15,6,1,1),(16,6,3,-2),(17,7,1,2),(18,7,4,-1),(19,7,3,-1),(20,7,2,1),(21,8,1,3),(22,8,3,-1),(23,9,2,-1),(24,10,3,-1),(25,11,1,3),(26,11,2,-3),(27,12,3,-1),(28,13,2,1),(29,14,1,2),(30,14,3,-3),(31,14,2,1),(32,15,1,2),(33,15,3,-2),(34,16,1,-3),(35,16,3,-1),(36,16,2,1),(37,17,1,-2),(38,17,4,2),(39,17,3,2),(40,17,2,-1),(41,18,5,1),(42,19,3,-1),(43,19,2,1),(44,20,6,1),(45,20,3,-1),(46,21,1,-2),(47,21,4,2),(48,21,3,1),(49,21,2,-1),(50,22,1,2),(51,22,3,-2),(52,23,1,1),(53,23,2,-1),(54,24,1,2),(55,24,2,-1),(56,25,1,-2),(57,25,7,1),(58,26,6,1),(59,26,2,-1),(60,27,1,-3),(61,27,2,1),(62,28,1,-3),(63,28,6,1),(64,29,1,2),(65,29,3,-2),(66,29,2,1),(67,30,1,-2),(68,30,9,1),(69,31,3,1),(70,32,1,2),(71,33,1,-2),(72,33,4,1),(73,33,3,-1),(74,34,1,3),(75,34,2,-1),(76,35,1,3),(77,35,4,-2),(78,35,3,-1),(79,35,2,1),(80,36,4,-1),(81,36,3,-1),(82,36,2,1),(83,37,1,2),(84,37,3,-1),(85,38,1,1),(86,38,3,-1),(87,51,4,1),(88,51,3,1),(89,40,1,2),(90,40,4,-2),(91,40,2,1),(92,41,1,-2),(93,41,3,-1),(94,41,2,1),(95,42,1,3),(96,43,7,1),(97,44,1,-2),(98,45,9,1),(99,46,8,1),(100,47,1,1),(101,47,3,-2),(102,47,2,1),(103,48,1,1),(104,49,6,1),(105,50,1,2),(106,50,4,-2),(107,50,3,-1),(108,50,2,1),(109,39,4,1),(110,52,1,-3),(111,52,9,1),(112,53,1,-1),(113,54,2,-1),(114,54,9,1),(115,55,1,1),(116,55,4,1),(117,55,3,-1),(118,56,2,1),(119,56,3,-2),(120,57,2,1),(121,57,3,-3),(122,58,1,-2),(123,58,3,-1),(124,58,6,1),(125,59,9,1),(126,59,3,-1),(127,60,2,1),(128,60,3,-3),(129,61,9,1),(130,62,2,-1),(131,62,3,-1),(132,63,9,1),(133,63,3,-1),(134,63,1,-1),(135,64,2,-3),(136,64,1,-1),(137,64,3,3),(138,64,4,2),(139,65,9,1),(140,65,3,-1),(141,65,2,-1),(142,65,2,1),(143,65,3,-2),(144,67,9,1),(145,68,2,1),(146,68,1,-3),(147,69,1,3),(148,69,3,-1),(149,70,8,1),(150,71,8,1),(151,72,2,1),(152,72,3,-2),(153,20,6,-2),(155,9,2,1),(156,73,2,1),(157,73,2,-1),(158,73,3,-1),(159,74,1,2),(160,74,1,-2),(161,69,1,-2),(162,75,1,3),(163,75,2,-1),(164,75,1,1),(165,76,6,1),(166,76,1,-2),(167,77,1,-1),(168,78,1,-3),(169,79,1,-3),(170,80,1,-3),(171,81,1,-2),(174,79,2,-1),(175,80,2,1),(177,77,3,-1),(178,78,3,-1),(179,79,3,1),(180,80,3,-1),(181,81,3,-1),(182,82,3,-1),(184,79,4,2),(185,78,6,1),(186,81,6,1),(187,82,6,1),(188,83,6,1),(189,84,2,1),(190,84,9,-1);
/*!40000 ALTER TABLE `quantityExpression` ENABLE KEYS */;
UNLOCK TABLES;

--
-- Table structure for table `scope`
--

DROP TABLE IF EXISTS `scope`;
/*!40101 SET @saved_cs_client     = @@character_set_client */;
/*!40101 SET character_set_client = utf8 */;
CREATE TABLE `scope` (
  `scopeId` int(11) unsigned NOT NULL AUTO_INCREMENT,
  `name` varchar(255) DEFAULT NULL,
  `description` text,
  PRIMARY KEY (`scopeId`)
) ENGINE=InnoDB AUTO_INCREMENT=32 DEFAULT CHARSET=utf8;
/*!40101 SET character_set_client = @saved_cs_client */;

--
-- Dumping data for table `scope`
--

LOCK TABLES `scope` WRITE;
/*!40000 ALTER TABLE `scope` DISABLE KEYS */;
INSERT INTO `scope` VALUES (1,'EML-2.0.1','Units from the eml-unitDictionary.xml file from EML version 2.0.1'),(2,'EML-2.1.0','Units from the eml-unitDictionary.xml file from EML version 2.1.0'),(3,'EML-LTER','EML units that have been corrected and/or vetted by the the LTER Unit Working Group'),(4,'PAL-LTER','Custom units in use by the Palmer Station LTER site'),(5,'CCE-LTER','Custom units in use by the California Current Ecosystem LTER site'),(6,'AND-LTER',NULL),(7,'ARC-LTER',NULL),(8,'BES-LTER',NULL),(9,'BNZ-LTER',NULL),(10,'CDR-LTER',NULL),(11,'CAP-LTER',NULL),(12,'CWT-LTER',NULL),(13,'FCE-LTER',NULL),(14,'GCE-LTER',NULL),(15,'HFR-LTER',NULL),(16,'HBR-LTER',NULL),(17,'JRN-LTER',NULL),(18,'KBS-LTER',NULL),(19,'KNZ-LTER',NULL),(20,'LUQ-LTER',NULL),(21,'MCM-LTER',NULL),(22,'MCR-LTER',NULL),(23,'NWT-LTER',NULL),(24,'NTL-LTER',NULL),(25,'PIE-LTER',NULL),(26,'SBC-LTER',NULL),(27,'SEV-LTER',NULL),(28,'SGS-LTER',NULL),(29,'VCR-LTER',NULL),(30,'LTER-ADDED','Units that are not supplied by a specific site but have been added to provide completeness'),(31,'LTER-VETTED',NULL);
/*!40000 ALTER TABLE `scope` ENABLE KEYS */;
UNLOCK TABLES;

--
-- Table structure for table `unit`
--

DROP TABLE IF EXISTS `unit`;
/*!40101 SET @saved_cs_client     = @@character_set_client */;
/*!40101 SET character_set_client = utf8 */;
CREATE TABLE `unit` (
  `unitId` int(11) unsigned NOT NULL AUTO_INCREMENT,
  `quantityId` int(11) unsigned DEFAULT NULL,
  `parentSI` int(11) unsigned DEFAULT NULL,
  `siMultiplier` varchar(255) DEFAULT NULL,
  `siConstant` varchar(255) DEFAULT NULL,
  `deprecatedTo` int(11) unsigned DEFAULT NULL,
  `deprecatedDueTo` varchar(255) DEFAULT NULL,
  `name` varchar(255) DEFAULT NULL,
  `abbreviation` varchar(255) DEFAULT NULL,
  `description` varchar(255) DEFAULT NULL,
  PRIMARY KEY (`unitId`),
  KEY `fk_unit_quantity` (`quantityId`),
  KEY `fk_unit_unit` (`parentSI`),
  KEY `deprecatedTo` (`deprecatedTo`),
  CONSTRAINT `fk_unit_deprecated` FOREIGN KEY (`deprecatedTo`) REFERENCES `unit` (`unitId`) ON DELETE NO ACTION ON UPDATE CASCADE,
  CONSTRAINT `fk_unit_parent` FOREIGN KEY (`parentSI`) REFERENCES `unit` (`unitId`) ON DELETE NO ACTION ON UPDATE CASCADE,
  CONSTRAINT `fk_unit_quantity` FOREIGN KEY (`quantityId`) REFERENCES `quantity` (`quantityId`) ON DELETE NO ACTION ON UPDATE CASCADE
) ENGINE=InnoDB AUTO_INCREMENT=1255 DEFAULT CHARSET=utf8;
/*!40101 SET character_set_client = @saved_cs_client */;

--
-- Dumping data for table `unit`
--

LOCK TABLES `unit` WRITE;
/*!40000 ALTER TABLE `unit` DISABLE KEYS */;
INSERT INTO `unit` VALUES (1,37,NULL,'1',NULL,196,NULL,'metersSquaredPerSecond','m²/s','meters squared per second'),(2,35,NULL,NULL,NULL,NULL,NULL,'ohmMeter','?m','ohm meters'),(3,14,NULL,NULL,NULL,NULL,NULL,'watt','W','watt = J/s'),(4,49,NULL,'1',NULL,NULL,NULL,'mole','mol','SI unit of substance amount'),(5,15,NULL,NULL,NULL,NULL,NULL,'sievert','Sv','sievert'),(6,22,NULL,NULL,NULL,NULL,NULL,'gray','Gy','The gray (symbol: Gy) is a derived unit of ionizing radiation dose in the International System of Units (SI). It is defined as the absorption of one joule of radiation energy per kilogram of matter.'),(7,10,NULL,NULL,NULL,NULL,NULL,'hertz','Hz','hertz'),(8,36,NULL,NULL,NULL,NULL,NULL,'tesla','T','tesla'),(9,37,1,'86400',NULL,197,NULL,'metersSquaredPerDay','m²/day','meters squared per day'),(10,32,NULL,NULL,NULL,198,NULL,'squareMeter','m²','square meters'),(11,3,NULL,NULL,NULL,NULL,NULL,'volt','V','volt'),(12,41,NULL,NULL,NULL,199,NULL,'kilogramsPerMeterSquaredPerSecond','','kilograms per meter sqared per second'),(13,3,11,'0.001',NULL,NULL,NULL,'millivolt','mV','millivolt'),(14,10,7,'1000000',NULL,NULL,NULL,'megahertz','MHz','megahertz'),(15,8,NULL,'1',NULL,200,NULL,'litersPerSecond','l/s','liters per second'),(16,41,12,'0.0000000000011574',NULL,201,NULL,'gramsPerHectarePerDay','','grams Per Hectare Squared Per Day'),(17,14,3,'1000',NULL,NULL,NULL,'kilowatt','kW','kilowatt'),(18,5,NULL,NULL,NULL,202,NULL,'kilogramsPerSquareMeter','kg/m²','kilograms per square meter'),(19,27,NULL,NULL,NULL,203,NULL,'kilogramPerCubicMeter','','kilogram per cubic meter'),(20,42,NULL,NULL,NULL,204,NULL,'cubicMeter','m³','cubic meter'),(21,46,NULL,NULL,NULL,NULL,NULL,'radian','rad','2 pi radians comprise a unit circle.'),(22,55,NULL,'1',NULL,NULL,NULL,'amperePerMeter','A/m','ampere per meter'),(23,29,NULL,NULL,NULL,NULL,NULL,'joule','J','joule = N*m'),(24,34,NULL,NULL,NULL,205,NULL,'cubicMeterPerKilogram','m³/kg','cubic meters per kilogram'),(25,32,10,'4046.86',NULL,NULL,NULL,'acre','a','1 acre = 4046.8564 square meters or 1 hectare = 2.4710 acres'),(26,38,NULL,'0.0000000000011574',NULL,206,NULL,'metersPerDay','m/day','meters per day'),(27,11,NULL,NULL,NULL,207,NULL,'cubicCentimetersPerCubicCentimeters','','cubic centimeters per cubic centimeter'),(28,8,15,'1',NULL,208,NULL,'cubicMetersPerSecond','m³/s','cubic meters per second'),(29,40,NULL,NULL,NULL,NULL,NULL,'henry','H','henry'),(30,26,NULL,NULL,NULL,228,NULL,'molality','m','molality = moles/kg'),(31,32,10,'0.0001',NULL,209,NULL,'squareCentimeters','','square centimeters'),(32,21,NULL,NULL,NULL,210,NULL,'siemen','S','siemen'),(33,32,10,'10000',NULL,NULL,NULL,'hectare','ha','1 hectare is 10^4 square meters'),(34,52,NULL,NULL,NULL,NULL,NULL,'numberPerMeterCubed','','number per meter cubed'),(35,42,20,'1',NULL,NULL,NULL,'kiloliter','kL','1 cubic meter'),(36,5,18,'0.0001',NULL,211,NULL,'kilogramsPerHectare','kg/ha','kilograms per hectare'),(37,16,NULL,'1',NULL,212,NULL,'gramsPerLiterPerDay',NULL,'grams Per (Liter Per Day)'),(38,5,18,'0.000001',NULL,213,NULL,'milligramsPerSquareMeter','mg/m²','milligrams Per Square Meter'),(39,23,NULL,NULL,NULL,214,NULL,'metersPerGram','m/g','meters per gram'),(40,44,NULL,NULL,NULL,215,NULL,'litersPerSquareMeter','l/m²','liters per square meter'),(41,1,NULL,NULL,NULL,216,NULL,'molesPerKilogramPerSecond','','moles per kilogram per second'),(42,37,1,'0.000124586',NULL,217,NULL,'feetSquaredPerDay','ft²/day','feet squared per day'),(43,41,12,'317',NULL,218,NULL,'kilogramsPerMeterSquaredPerYear','','kilograms Per Meter Squared Per Year'),(44,13,NULL,NULL,NULL,NULL,NULL,'kilogram','kg','SI unit of mass'),(45,3,11,'1000000',NULL,NULL,NULL,'megavolt','MV','megavolt'),(46,32,10,'0.092903',NULL,219,NULL,'squareFoot','ft²','12 inches squared'),(47,51,NULL,NULL,NULL,NULL,NULL,'coulomb','C','SI unit of charge'),(48,50,NULL,NULL,NULL,NULL,NULL,'ohm','?','ohm'),(49,7,NULL,NULL,NULL,NULL,NULL,'weber','Wb','weber In physics, the weber (symbol: Wb) is the SI unit of magnetic flux. A flux density of one Wb/m2 (one weber per square metre) is one tesla.'),(50,32,10,'2590000',NULL,220,NULL,'squareMile','mile²','1 mile squared'),(51,39,NULL,'1',NULL,NULL,NULL,'ampere','A','SI unit of electrical current'),(52,31,NULL,NULL,NULL,NULL,NULL,'second','sec','SI unit of time'),(53,31,52,'0.000001',NULL,NULL,NULL,'microsecond','μsec','1/100000 of a second'),(54,13,44,'0.000000000001',NULL,NULL,NULL,'nanogram','ng','0.000000000001 kg'),(55,10,7,'0.000001',NULL,NULL,NULL,'millihertz','mHz','millihertz'),(56,19,NULL,NULL,NULL,221,NULL,'kilogramsPerSecond','kg/s','kilograms per second'),(57,18,NULL,'1',NULL,NULL,NULL,'kelvin','K','SI unit of temperature'),(58,31,52,'60',NULL,NULL,NULL,'minute','min','60 seconds'),(59,46,21,'0.015707',NULL,NULL,NULL,'grad','grad','grad'),(60,13,44,'0.000000001',NULL,NULL,NULL,'microgram','?g','0.000000001 kg'),(61,45,NULL,NULL,NULL,NULL,NULL,'number','','a number'),(62,31,52,'0.001',NULL,NULL,NULL,'millisecond','msec','1/1000 of a second'),(63,14,3,'0.001',NULL,NULL,NULL,'milliwatt','mW','milliwatt'),(64,13,44,'0.001',NULL,NULL,NULL,'gram','g','0.001 kg'),(65,12,NULL,NULL,NULL,NULL,NULL,'becquerel','Bq','becquerel'),(66,29,23,'1055.06',NULL,NULL,NULL,'britishThermalUnit','btu','1 btu = 1055.0559 J'),(67,53,NULL,'1',NULL,NULL,NULL,'waveNumber',NULL,'1/meters'),(68,32,10,'1000000',NULL,222,NULL,'squareKilometers','km²','square kilometers'),(69,32,10,'0.000001',NULL,223,NULL,'squareMillimeters','mm²','square millmeters'),(70,42,20,'0.000000001',NULL,NULL,NULL,'microliter','?l','1/1000000 of a liter'),(71,14,3,'1000000',NULL,NULL,NULL,'megawatt','MW','megawatt'),(72,31,52,'0.000000001',NULL,NULL,NULL,'nanosecond','nsec','1/1000000 of a second'),(73,24,NULL,'1',NULL,224,NULL,'squareMeterPerKilogram','m²/kg','square meters per kilogram'),(74,18,57,'0.556','255.402',225,NULL,'fahrenheit','F','An obsolescent unit of temperature still used in popular meteorology'),(75,5,18,'17.85',NULL,226,NULL,'poundsPerSquareInch','lbs/in²','lbs/square inch'),(76,44,40,'0.0087',NULL,227,NULL,'bushelsPerAcre','','bushels per acre -- 1 bushel = 35.23907 liters/1 acre = 4046.8564 squareMeters'),(77,26,NULL,NULL,NULL,228,NULL,'molesPerKilogram','','moles per kilogram'),(78,44,40,'0.0001',NULL,229,NULL,'litersPerHectare',NULL,'liters per hectare'),(79,48,NULL,NULL,NULL,NULL,NULL,'meter','m','SI unit of length'),(80,34,24,'0.000000000000001',NULL,230,NULL,'cubicMicrometersPerGram','μm³/kg','cubic micrometers per gram'),(81,41,12,'0.1',NULL,231,NULL,'gramsPerCentimeterSquaredPerSecond','','grams Per Centimeter Squared Per Second'),(82,13,44,'907.2',NULL,NULL,NULL,'ton','ton','standard US (short) ton = 2000 lbs'),(83,1,41,'0.000001',NULL,232,NULL,'nanomolesPerGramPerSecond','','nanomoles Per Gram Per Second'),(84,26,77,'1',NULL,233,NULL,'millimolesPerGram','','millimoles per gram'),(85,41,12,'0.000317',NULL,234,NULL,'kilogramsPerHectarePerYear','','kilograms Per Hectare Per Year'),(86,13,44,'0.01',NULL,NULL,NULL,'dekagram','dag','.01 kg'),(87,43,NULL,'1',NULL,NULL,NULL,'candela','cd','SI unit of luminosity'),(88,25,NULL,'1',NULL,235,NULL,'candelaPerSquareMeter','cd/m²','candela Per Square Meter'),(89,31,52,'3600',NULL,NULL,NULL,'nominalHour','','one hour excluding leap seconds, 3600 seconds'),(90,13,44,'0.000001',NULL,NULL,NULL,'milligram','mg','0.000001 kg'),(91,48,79,'1000000',NULL,NULL,NULL,'megameter','Mm','1000000 meters'),(92,48,79,'100',NULL,NULL,NULL,'hectometer','hm','100 meters'),(93,52,34,'0.001',NULL,NULL,NULL,'numberPerLiter',NULL,'number of entities per liter'),(94,9,NULL,NULL,NULL,236,NULL,'gramsPerGram','','grams per gram'),(95,17,NULL,NULL,NULL,NULL,NULL,'farad','F','farad'),(96,31,52,'1000000',NULL,NULL,NULL,'megasecond','Msec','1000000 seconds'),(97,46,21,'0.0174533',NULL,NULL,NULL,'degree','º','360 degrees comprise a unit circle'),(98,48,79,'1.8288',NULL,NULL,NULL,'fathom',NULL,'6 feet'),(99,10,7,'1000',NULL,NULL,NULL,'kilohertz','KHz','kilohertz'),(100,32,10,'100',NULL,NULL,NULL,'are','a','100 square meters, 1/100 hectare'),(101,5,18,'0.1',NULL,NULL,NULL,'tonnePerHectare','','metric ton or tonne per hectare'),(102,31,52,'31622400',NULL,NULL,NULL,'nominalLeapYear','','one 366 day year excluding leap seconds, 31622400 seconds'),(103,20,NULL,NULL,NULL,NULL,NULL,'katal','kat','katal'),(104,2,NULL,NULL,NULL,NULL,NULL,'pascal','Pa','pascal'),(105,19,56,'0.0000000000317',NULL,237,NULL,'gramsPerYear','g/yr','grams Per Year'),(106,47,NULL,NULL,NULL,NULL,NULL,'newton','N','newton'),(107,30,NULL,NULL,NULL,NULL,NULL,'numberPerMeterSquared','','number per meter squared'),(108,6,NULL,'1',NULL,238,NULL,'metersPerSecondSquared','m/s²','meters per second squared'),(109,31,52,'100',NULL,NULL,NULL,'hectosecond','hsec','100 seconds'),(110,4,NULL,NULL,NULL,NULL,NULL,'lux','lx','lux, the SI unit of illuminance, equal to one lumen per square meter.'),(111,54,NULL,NULL,NULL,NULL,NULL,'numberPerGram','','number of entities per gram'),(112,28,NULL,'1',NULL,239,NULL,'molePerCubicMeter',NULL,'mole per cubic meter'),(113,38,NULL,'1',NULL,240,NULL,'metersPerSecond','m/s','meters per second'),(114,43,NULL,NULL,NULL,NULL,NULL,'lumen','lm','the SI unit of luminous flux, equal to the amount of light emitted per second in a unit solid angle of one steradian from a uniform source of one candela.'),(115,48,79,'0.000001',NULL,NULL,NULL,'micrometer','µm','.000001 meters'),(116,38,113,'0.00000352778',NULL,241,NULL,'feetPerDay','ft/day','feet per day'),(117,29,23,'4.1868',NULL,NULL,NULL,'calorie','cal','1 cal = 4.1868 J'),(118,48,79,'0.201166',NULL,NULL,NULL,'Link_Clarke',NULL,'This is an ESRI unit and the multiplier comes from ESRI.  It\n    may not be accurate.'),(119,45,NULL,NULL,NULL,NULL,NULL,'dimensionless','','a designation asserting the absence of an associated unit'),(120,48,79,'0.9144',NULL,NULL,NULL,'yard','yard','3 feet'),(121,3,11,'1000',NULL,NULL,NULL,'kilovolt','kV','kilovolt'),(122,31,52,'0.01',NULL,NULL,NULL,'centisecond','csec','1/100 of a second'),(123,33,NULL,NULL,NULL,242,NULL,'amperePerSquareMeter','A/m²','ampere per meter squared'),(124,31,52,'1000',NULL,NULL,NULL,'kilosecond','ksec','1000 seconds'),(125,29,23,'1.35582',NULL,NULL,NULL,'footPound','','1 ft-lbs = 1.355818 J'),(126,8,15,'28.3169',NULL,243,NULL,'cubicFeetPerSecond','ft³/sec','cubic feet per second'),(127,2,104,'100000',NULL,NULL,NULL,'bar','bar','1 bar = 100000 pascals; =0.9869 atmospheres; =0.1 megapascal (MPa);  =100 kilopascals (kPa)'),(128,42,20,'0.000001',NULL,NULL,NULL,'milliliter','ml','1/1000 of a liter'),(129,48,79,'0.3048',NULL,NULL,NULL,'foot','ft','12 inches'),(130,2,104,'101325',NULL,NULL,NULL,'atmosphere','atm','1 atmosphere = 101325 pascals '),(131,31,52,'0.1',NULL,NULL,NULL,'decisecond','dsec','1/10 of a second'),(132,13,44,'0.4536',NULL,NULL,NULL,'pound','lbs','1 pound in the Avoirdupois (commerce) scale'),(133,42,20,'0.001',NULL,NULL,NULL,'liter','L','1000 cm^3'),(134,5,18,'0.001',NULL,244,NULL,'gramsPerSquareMeter','g/m²','grams per square meter'),(135,31,52,'10',NULL,NULL,NULL,'dekasecond','dasec','10 seconds'),(136,48,79,'0.000001',NULL,115,NULL,'micron','?','.000001 meters'),(137,41,12,'0.0000000000317098',NULL,245,NULL,'gramsPerMeterSquaredPerYear','','grams Per Meter Squared Per Year'),(138,32,10,'0.836131',NULL,246,NULL,'squareYard','yd²','36 inches squared'),(139,13,44,'1000',NULL,NULL,NULL,'megagram','Mg','1000 kg'),(140,48,79,'10',NULL,NULL,NULL,'dekameter','dam','10 meters'),(141,42,133,'0.0000163871',NULL,247,NULL,'cubicInch','in³','cubic inch'),(142,38,113,'26.8224',NULL,248,NULL,'milesPerMinute','mpm','miles per minute'),(143,26,77,'1000',NULL,249,NULL,'molesPerGram','','moles per gram'),(144,2,104,'1000000',NULL,NULL,NULL,'megapascal','MPa','megapascal'),(145,13,44,'0.0001',NULL,NULL,NULL,'decigram','dg','0.0001 kg'),(146,31,52,'31536000',NULL,NULL,NULL,'nominalYear','','one year excluding leap seconds and leap days, 31536000 seconds'),(147,13,44,'0.00001',NULL,NULL,NULL,'centigram','cg','0.00001 kg'),(148,18,57,'1','273.18',NULL,NULL,'celsius','C','A common unit of temperature'),(149,48,79,'0.1',NULL,NULL,NULL,'decimeter','dm','.1 meters'),(150,9,94,'0.000001',NULL,250,NULL,'microgramsPerGram','','micrograms per gram'),(151,38,113,'0.3048',NULL,251,NULL,'feetPerSecond','ft/s','feet per second'),(152,31,52,'60',NULL,NULL,NULL,'nominalMinute','','one minute excluding leap seconds, 60 seconds'),(153,48,79,'0.000000001',NULL,NULL,NULL,'nanometer','nm','.000000001 meters'),(154,38,113,'0.000084667',NULL,252,NULL,'feetPerHour','ft/hr','feet per hour'),(155,52,34,'0.000001',NULL,NULL,NULL,'numberPerMilliliter','number/ml','number of entities (organisms or particles) per milliliter'),(156,48,79,'0.0254',NULL,NULL,NULL,'inch','in','An imperial measure of length'),(157,31,52,'604800',NULL,NULL,NULL,'nominalWeek','','one day excluding leap seconds, 604800 seconds'),(158,38,113,'1609.34',NULL,253,NULL,'milesPerSecond','mps','miles per second'),(159,30,107,'0.000001',NULL,NULL,NULL,'numberPerKilometerSquared','','number per kilometer squared'),(160,13,44,'1000',NULL,NULL,NULL,'tonne','T','metric ton or tonne'),(161,48,79,'1609.34',NULL,NULL,NULL,'mile','mile','5280 ft or 1609.344 meters'),(162,31,52,'86400',NULL,NULL,NULL,'nominalDay','','one day excluding leap seconds, 86400 seconds'),(163,13,44,'0.1',NULL,NULL,NULL,'hectogram','hg','.1 kg'),(164,31,52,'3600',NULL,NULL,NULL,'hour','hr','3600 seconds'),(165,19,56,'0.0000317',NULL,254,NULL,'tonnesPerYear','','tonnes Per Year'),(166,48,79,'0.3048',NULL,129,NULL,'Foot_US','usft','12 inches'),(167,48,79,'0.914398',NULL,120,NULL,'Yard_Sears',NULL,'This is an ESRI unit and the multiplier comes from ESRI.  It\n    may not be accurate.'),(168,42,133,'0.946353',NULL,NULL,NULL,'quart','qt','US liquid quart'),(169,48,79,'0.01',NULL,NULL,NULL,'centimeter','cm','.01 meters'),(170,48,79,'0.914399',NULL,NULL,NULL,'Yard_Indian',NULL,'This is an ESRI unit and the multiplier comes from ESRI.  It\n    may not be accurate.'),(171,38,113,'0.9144',NULL,255,NULL,'yardsPerSecond','yd/s','yards per second'),(172,38,113,'0.000000000317098',NULL,NULL,NULL,'centimeterPerYear','cm/year','centimeter Per Year'),(173,48,79,'1852',NULL,NULL,NULL,'nauticalMile',NULL,'nautical mile'),(174,42,133,'0.035239',NULL,NULL,NULL,'bushel','b','1 bushel = 35.23907 liters'),(175,48,79,'0.3048',NULL,256,NULL,'Foot_Gold_Coast','gcft','12 inches'),(176,48,79,'0.0000000001',NULL,NULL,NULL,'angstrom','Å','1/10000000000 meter'),(177,38,113,'0.44704',NULL,257,NULL,'milesPerHour','mph','miles per hour'),(178,48,79,'1000',NULL,NULL,NULL,'kilometer','km','1000 meters'),(179,2,104,'100',NULL,NULL,NULL,'millibar','mbar','millibar'),(180,2,104,'1000',NULL,NULL,NULL,'kilopascal','kPa','kilopascal'),(181,38,113,'0.01',NULL,258,NULL,'centimetersPerSecond','cm/s','centimeters per second'),(182,48,79,'0.001',NULL,NULL,NULL,'millimeter','mm','.001 meters'),(183,42,133,'3.78541',NULL,NULL,NULL,'gallon','gal','US liquid gallon'),(184,38,113,'0.514444',NULL,259,NULL,'knots',NULL,'knots'),(185,38,113,'0.2778',NULL,260,NULL,'kilometersPerHour','km/hr','km/hr'),(186,38,113,'0.001',NULL,261,NULL,'millimetersPerSecond','mm/s','millimeters per second'),(187,27,19,'0.000001',NULL,262,NULL,'microgramsPerLiter','μg/l','micrograms / liter'),(188,28,112,'1000',NULL,584,NULL,'molarity','M','molarity = moles/liter'),(189,27,19,'1000',NULL,263,NULL,'gramsPerCubicCentimeter','g/cm³','grams per cubic centimeter'),(190,42,133,'0.473176',NULL,NULL,NULL,'pint','pint','US liquid pint'),(191,27,19,'1',NULL,264,NULL,'gramsPerLiter','g/l','grams per liter'),(192,27,19,'1',NULL,265,NULL,'milliGramsPerMilliLiter','kg/m³','milligrams per milliliter'),(193,27,19,'0.001',NULL,266,NULL,'milligramsPerLiter','mg/l','milligrams / liter'),(194,27,19,'0.000001',NULL,267,NULL,'milligramsPerCubicMeter','mg/m³','milligrams Per Cubic Meter'),(195,27,19,'1000',NULL,268,NULL,'gramsPerMilliliter','g/ml','grams per milliliter'),(196,37,NULL,'1',NULL,NULL,NULL,'meterSquaredPerSecond','m²/s','meters squared per second'),(197,37,1,'86400',NULL,NULL,NULL,'meterSquaredPerDay','m²/day','meters squared per day'),(198,32,NULL,'1',NULL,NULL,NULL,'meterSquared','m²','square meters'),(199,41,NULL,'1',NULL,NULL,NULL,'kilogramPerMeterSquaredPerSecond',NULL,'kilograms per meter sqared per second'),(200,8,NULL,'1',NULL,NULL,NULL,'literPerSecond','l/s','liters per second'),(201,41,12,'0.0000000000011574',NULL,NULL,NULL,'gramPerHectarePerDay',NULL,'grams Per Hectare Squared Per Day'),(202,5,NULL,'1',NULL,NULL,NULL,'kilogramPerMeterSquared','kg/m²','kilograms per square meter'),(203,27,NULL,NULL,NULL,NULL,NULL,'kilogramPerMeterCubed','','kilogram per cubic meter'),(204,42,NULL,'1',NULL,NULL,NULL,'meterCubed','m³','cubic meter'),(205,34,NULL,'1',NULL,NULL,NULL,'meterCubedPerKilogram','m³/kg','cubic meters per kilogram'),(206,38,NULL,'0.0000115741',NULL,NULL,NULL,'meterPerDay','m/day','meters per day'),(207,11,NULL,NULL,NULL,NULL,NULL,'centimeterCubedPerCentimeterCubed','','cubic centimeters per cubic centimeter'),(208,8,15,'1',NULL,NULL,NULL,'meterCubedPerSecond','m³/s','cubic meters per second'),(209,32,10,'0.0001',NULL,NULL,NULL,'centimeterSquared','','square centimeters'),(210,21,NULL,'1',NULL,NULL,NULL,'siemens','S','siemen'),(211,5,18,'0.0001',NULL,NULL,NULL,'kilogramPerHectare','kg/ha','kilograms per hectare'),(212,16,NULL,'1',NULL,NULL,NULL,'gramPerLiterPerDay',NULL,'grams Per (Liter Per Day)'),(213,5,18,'0.000001',NULL,NULL,NULL,'milligramPerMeterSquared','mg/m²','milligrams Per Square Meter'),(214,23,NULL,'1',NULL,NULL,NULL,'meterPerGram','m/g','meters per gram'),(215,44,NULL,'1',NULL,NULL,NULL,'literPerMeterSquared','l/m²','liters per square meter'),(216,1,NULL,'1',NULL,NULL,NULL,'molePerKilogramPerSecond',NULL,'moles per kilogram per second'),(217,37,1,'0.000124586',NULL,NULL,NULL,'footSquaredPerDay','ft²/day','feet squared per day'),(218,41,12,'317',NULL,NULL,NULL,'kilogramPerMeterSquaredPerYear','kg/m²/yr','kilograms Per Meter Squared Per Year'),(219,32,10,'0.092903',NULL,NULL,NULL,'footSquared','ft²','12 inches squared'),(220,32,10,'2590000',NULL,NULL,NULL,'mileSquared','mile²','1 mile squared'),(221,19,NULL,'1',NULL,NULL,NULL,'kilogramPerSecond','kg/s','kilograms per second'),(222,32,10,'1000000',NULL,NULL,NULL,'kilometerSquared',NULL,'square kilometers'),(223,32,10,'0.000001',NULL,NULL,NULL,'millimeterSquared',NULL,'square millmeters'),(224,24,NULL,'1',NULL,NULL,NULL,'meterSquaredPerKilogram','m²/kg','square meters per kilogram'),(225,18,57,'0.556','255.402',NULL,NULL,'fahrenheitDegree','F','An obsolescent unit of temperature still used in popular meteorology'),(226,5,18,'17.85',NULL,NULL,NULL,'poundPerInchSquared','lbs/in²','lbs/square inch'),(227,44,40,'0.0087',NULL,NULL,NULL,'bushelPerAcre',NULL,'bushels per acre -- 1 bushel = 35.23907 liters/1 acre = 4046.8564 squareMeters'),(228,26,NULL,NULL,NULL,NULL,NULL,'molePerKilogram','','moles per kilogram'),(229,44,40,'0.0001',NULL,NULL,NULL,'literPerHectare',NULL,'liters per hectare'),(230,34,24,'0.000000000000001',NULL,NULL,NULL,'micrometerCubedPerGram','μm³/kg','cubic micrometers per gram'),(231,41,12,'0.1',NULL,NULL,NULL,'gramPerCentimeterSquaredPerSecond',NULL,'grams Per Centimeter Squared Per Second'),(232,1,41,'0.000001',NULL,NULL,NULL,'nanomolePerGramPerSecond',NULL,'nanomoles Per Gram Per Second'),(233,26,77,'1',NULL,NULL,NULL,'millimolePerGram',NULL,'millimoles per gram'),(234,41,12,'0.000317',NULL,NULL,NULL,'kilogramPerHectarePerYear',NULL,'kilograms Per Hectare Per Year'),(235,25,NULL,'1',NULL,NULL,NULL,'candelaPerMeterSquared','cd/m²','candela Per Square Meter'),(236,9,NULL,NULL,NULL,NULL,NULL,'gramPerGram','','grams per gram'),(237,19,56,'0.0000000000317098',NULL,NULL,NULL,'gramPerYear','g/yr','grams Per Year'),(238,6,NULL,'1',NULL,NULL,NULL,'meterPerSecondSquared','m/s²','meters per second squared'),(239,28,NULL,'1',NULL,NULL,NULL,'molePerMeterCubed',NULL,'mole per cubic meter'),(240,38,NULL,NULL,NULL,NULL,NULL,'meterPerSecond','m/s','meters per second'),(241,38,113,'0.00000352778',NULL,NULL,NULL,'footPerDay','ft/day','feet per day'),(242,33,NULL,'1',NULL,NULL,NULL,'amperePerMeterSquared','A/m²','ampere per meter squared'),(243,8,15,'28.3169',NULL,NULL,NULL,'footCubedPerSecond','ft³/sec','cubic feet per second'),(244,5,18,'0.001',NULL,NULL,NULL,'gramPerMeterSquared','g/m²','grams per square meter'),(245,41,12,'0.0000000000317098',NULL,NULL,NULL,'gramPerMeterSquaredPerYear','g/m²/yr','grams Per Meter Squared Per Year'),(246,32,10,'0.836131',NULL,NULL,NULL,'yardSquared','yd²','36 inches squared'),(247,42,133,'0.0000163871',NULL,NULL,NULL,'inchCubed','in³','cubic inch'),(248,38,113,'26.8224',NULL,NULL,NULL,'milePerMinute','mpm','miles per minute'),(249,26,77,'1000',NULL,NULL,NULL,'molePerGram',NULL,'moles per gram'),(250,9,94,'0.000001',NULL,NULL,NULL,'microgramPerGram',NULL,'micrograms per gram'),(251,38,113,'0.3048',NULL,NULL,NULL,'footPerSecond','ft/s','feet per second'),(252,38,113,'0.000084667',NULL,NULL,NULL,'footPerHour','ft/hr','feet per hour'),(253,38,113,'1609.34',NULL,NULL,NULL,'milePerSecond','mps','miles per second'),(254,19,56,'0.0000317',NULL,NULL,NULL,'tonnePerYear',NULL,'tonnes Per Year'),(255,38,113,'0.9144',NULL,NULL,NULL,'yardPerSecond','yd/s','yards per second'),(256,48,79,'0.3048',NULL,NULL,NULL,'footGoldCoast','gcft','12 inches'),(257,38,113,'0.44704',NULL,NULL,NULL,'milePerHour','mph','miles per hour'),(258,38,113,'0.01',NULL,NULL,NULL,'centimeterPerSecond','cm/s','centimeters per second'),(259,38,113,'0.514444',NULL,NULL,NULL,'knot',NULL,'knots'),(260,38,113,'0.2778',NULL,NULL,NULL,'kilometerPerHour','km/hr','km/hr'),(261,38,113,'0.001',NULL,NULL,NULL,'millimeterPerSecond','mm/s','millimeters per second'),(262,27,19,'0.000001',NULL,NULL,NULL,'microgramPerLiter','µg/l','micrograms / liter'),(263,27,19,'1000',NULL,NULL,NULL,'gramPerCentimeterCubed','g/cm³','grams per cubic centimeter'),(264,27,19,'1',NULL,NULL,NULL,'gramPerLiter','g/l','grams per liter'),(265,27,19,'1',NULL,NULL,NULL,'milligramPerMilliliter','kg/m³','milligrams per milliliter'),(266,27,19,'0.001',NULL,NULL,NULL,'milligramPerLiter','mg/l','milligrams / liter'),(267,27,19,'0.000001',NULL,NULL,NULL,'milligramPerMeterCubed','mg/m³','milligrams Per Cubic Meter'),(268,27,19,'1000',NULL,NULL,NULL,'gramPerMilliliter','g/ml','grams per milliliter'),(269,16,212,'0.000000024',NULL,NULL,NULL,'nanogramPerLiterPerHour','ng/L/hr','nanogram per (liter per hour)'),(270,16,212,'0.000001',NULL,NULL,NULL,'microgramPerLiterPerDay','µg/L/day','micrograms per (liter per day)'),(271,42,204,'0.000001',NULL,NULL,NULL,'centimeterCubed','cm³','cubic centimeter'),(272,44,215,'0.001',NULL,NULL,NULL,'milliliterPerMeterSquared','ml/m²','milliliters per square meter'),(273,45,307,'100',NULL,NULL,NULL,'percent','%','ratio of two quantities as percent composition (1:100)'),(274,52,34,'1000000',NULL,NULL,NULL,'numberPerMicroliter','num/µL','Number per microliter'),(275,2,104,'10000',NULL,642,NULL,'decibar','dbar','pressure'),(276,11,NULL,NULL,NULL,NULL,NULL,'milliliterPerLiter_keep','ml/L','milliters of solution per total volume'),(277,14,NULL,NULL,NULL,NULL,NULL,'wattPerMeterSquaredPerNanometer','W/m²/nm','Downwelling spectral irradiance'),(278,16,NULL,NULL,NULL,472,NULL,'milligramPerMeterCubedPerDay','mg/m³/day','volumetric primary production rate'),(279,16,NULL,NULL,NULL,NULL,NULL,'milligramPerMeterCubedPerHour','mg/m³/h',''),(280,21,32,NULL,NULL,NULL,NULL,'milliohmPerCentimeter','mΩ/cm','Conductivity unit'),(281,27,NULL,NULL,NULL,NULL,NULL,'nanogramPerLiter','ng/L','nanogramPerLiter=milligrams Per Cubic Meter'),(282,28,188,'0.000001',NULL,430,NULL,'micromolePerLiter','µmol/L','micromoles per liter of solution'),(283,28,NULL,NULL,NULL,430,NULL,'micromolar','µM','M = micromolar=micromolesPerLiter=uM/L'),(284,38,NULL,NULL,NULL,NULL,NULL,'meterPerMinute','m/min',' '),(285,41,12,'86400000000',NULL,NULL,NULL,'milligramPerMeterSquaredPerDay','mg/m²/day','areal primary production rate'),(286,41,12,NULL,NULL,NULL,NULL,'microgramPerMeterSquaredPerDay','µg/m²/day','areal primary production rate'),(287,41,12,'0.000000000000315576',NULL,NULL,NULL,'milligramPerMeterSquaredPerYear','mg/m²/yr','milligrams per meter squared per year'),(288,45,NULL,NULL,NULL,NULL,NULL,'practicalSalinityUnit','PSU','practical salinity units'),(289,2,104,'0.101325',NULL,NULL,NULL,'microatmosphere','µatm','1 microAtmosphere = 0.000001 atmospheres = 1013.25 millibars = 0.101325 Pascals = 0.0000147 lb/sq.in'),(290,4,NULL,NULL,NULL,302,NULL,'einsteinsPerSquareMeterPerDay','E/m²/day','Einsteins (moles of photons) per square meter per day'),(291,5,NULL,NULL,NULL,NULL,NULL,'milligramPerMeterSquaredPerDay','mg/m²/day','Milligrams per square meter per day'),(292,11,NULL,NULL,NULL,NULL,NULL,'milliliterPerThousandCubicMeter','ml/1000m3',' milliliters per one thousand meters cubed'),(293,11,NULL,NULL,NULL,NULL,NULL,'milliliterPerMeterCubed','ml/m³','milliliters per cubic meter'),(294,21,309,'0.1',NULL,NULL,NULL,'millisiemenPerCentimeter','mS/cm','millisiemen per centimeter, electrolytic conductivity of a solution'),(295,27,NULL,NULL,NULL,311,NULL,'gramsPerCubicMeter','g/m3','grams per cubic meter'),(296,27,NULL,NULL,NULL,NULL,NULL,'gramPerThousandMeterCubed','g/1000m³','grams per thousand meters cubed'),(297,28,NULL,NULL,NULL,NULL,NULL,'nanomolePerLiter','nmol/L','nanomoles per liter of solution'),(298,30,107,'0.1',NULL,NULL,NULL,'numberPerTenMeterSquared','num/10m²',' number per ten meters squared'),(299,32,10,'1000000',NULL,NULL,NULL,'micrometerSquared','µm²','squared micro meter'),(300,38,113,NULL,NULL,NULL,NULL,'nauticalMilePerHour','nm/h',''),(301,52,NULL,NULL,NULL,NULL,NULL,'numberPerThousandMetersCubed','num/1000m³','number per thousand meters cubed'),(302,4,NULL,NULL,NULL,NULL,NULL,'einsteinPerMeterSquaredPerDay','E/m²/day','Einsteins (moles of photons) per square meter per day'),(303,27,NULL,NULL,NULL,203,NULL,'kilogramsPerCubicMeter','kg/m3','kilogram per cubic meter'),(304,28,NULL,NULL,NULL,NULL,NULL,'micromolePerKilogram','µmol/kg','µmol/kg = micro moles per kilogram of substance'),(305,4,NULL,NULL,NULL,313,NULL,'microEinsteinsPerSquareMeterPerSecond','µE/m²/s','micro Einsteins (1E-06 moles of photons) per square meter per second (radiant flux density)'),(306,57,NULL,NULL,NULL,NULL,NULL,'wattPerMeterSquared','W/m²','irradiance unit'),(307,45,94,NULL,NULL,NULL,NULL,'numberPerNumber','num/num','ratio with no scaling'),(308,28,112,NULL,NULL,NULL,NULL,'microequivalentPerLiter','µEq/L','concentration of charge (on dissolved ions). A single multiplier to SI is not possible'),(309,21,32,'1',NULL,NULL,NULL,'siemenPerMeter','S/m','conductivity unit'),(310,1,NULL,NULL,NULL,NULL,NULL,'picomolePerLiterPerHour','pmol/L/hr','picomoles per liter of solution per hour (concentration flux)'),(311,27,203,'0.001',NULL,NULL,NULL,'gramPerMeterCubed','g/m³','grams per cubic meter'),(313,4,NULL,NULL,NULL,NULL,NULL,'microeinsteinPerMeterSquaredPerSecond','µE/m²/s','micro Einsteins (1E-06 moles of photons) per square meter per second (radiant flux density)'),(314,41,12,'86400000000',NULL,285,NULL,'milligramsPerSquareMeterPerDay','mg/m²/day','areal primary production rate'),(315,28,NULL,NULL,NULL,282,NULL,'microMolesPerLiter','µM/L','M/L = moles per liter of solution'),(316,45,NULL,NULL,NULL,288,NULL,'practicalSalinityUnits','PSU','practical salinity units'),(317,1,NULL,NULL,NULL,310,NULL,'picoMolesPerLiterPerHour','pmol/L/hr','picomoles per liter of solution per hour (concentration flux)'),(318,21,32,'1',NULL,309,NULL,'siemensPerMeter','S/m','conductivity unit'),(319,28,NULL,NULL,NULL,304,NULL,'microMolesPerKilogram','µmol/kg','µmol/kg = micro moles per kilogram of substance'),(320,21,NULL,NULL,NULL,294,NULL,'millisiemensPerCentimeter','mS/cm','used to describe conductivity (S/m) difference in CTD measurements'),(321,14,NULL,'0.000011574',NULL,306,NULL,'wattsPerSquareMeter','W/m²','irradiance unit'),(322,28,NULL,NULL,NULL,297,NULL,'nanomolesPerLiter','nM/L','nanomoles per liter of solution'),(323,16,NULL,NULL,NULL,278,NULL,'milligramsPerCubicMeterPerDay','mg/m³/day','volumetric primary production rate'),(324,28,112,NULL,NULL,308,NULL,'microequivalentsPerLiter','µEq/L','concentration of charge (on dissolved ions). A single multiplier to SI is not possible'),(325,41,12,'0.000000000000315576',NULL,287,NULL,'milligramsPerSquareMeterPerYear','mg/m²/yr','milligrams per meter squared per year'),(326,16,212,'0.000001',NULL,270,NULL,'microgramsPerLiterPerDay','µg/L/day','micrograms per (liter per day)'),(327,16,NULL,NULL,NULL,279,NULL,'milligramsPerCubicMeterPerHour','mg/m³/h',''),(328,32,10,'1000000',NULL,299,NULL,'squareMicroMeter','µm²','squared micro meter'),(329,27,NULL,NULL,NULL,296,NULL,'gramsPerThousandMetersCubed','g/1000m³','grams per thousand meters cubed'),(330,11,NULL,NULL,NULL,293,NULL,'milliliterPerCubicMeter','ml/m³','milliliters per cubic meter'),(331,11,NULL,NULL,NULL,292,NULL,'milliliterPerThousandCubicMeters','ml/1000m3',' milliliters per one thousand meters cubed'),(332,30,107,'0.1',NULL,298,NULL,'numberPerTenMetersSquared','num/10m²',' number per ten meters squared'),(333,38,NULL,NULL,NULL,284,NULL,'metersPerMinute','m/min',' '),(334,5,NULL,NULL,NULL,291,NULL,'milligramsCarbonPerSquareMeterPerDay','mgC/m²/day','Milligrams of carbon per square meter per day'),(335,2,104,'10',NULL,465,NULL,'hectoPascal','','newtons per square meter'),(336,5,NULL,NULL,NULL,NULL,NULL,'poundsPerAcre','lb/A',''),(337,5,36,'1000',NULL,NULL,NULL,'tonnesPerAcre','t/A',''),(338,9,150,'0.001',NULL,NULL,NULL,'microgramsPerKilogram',NULL,''),(339,9,150,'0.001',NULL,982,NULL,'milligramsPerGram','',''),(340,9,94,'0.01',NULL,NULL,NULL,'gramsPerHectograms','','this works out to percent in mass/mass'),(341,19,56,'0.000000000011574',NULL,NULL,NULL,'milligramsPerDay',NULL,''),(342,27,189,NULL,NULL,NULL,NULL,'milligramsPerCubicCentimeter',NULL,''),(343,29,NULL,'0.000011574',NULL,NULL,NULL,'wattsPerSquareMeter',NULL,''),(344,29,23,'1000',NULL,NULL,NULL,'megajoule',NULL,''),(345,30,107,'0.00024711',NULL,NULL,NULL,'numberPerAcre','',''),(346,41,12,'0.00000868',NULL,NULL,NULL,'kilogramsPerHectarePerDay',NULL,''),(347,41,12,'86.4',NULL,1254,NULL,'gramsPerSquareMeterPerDay','',''),(348,41,12,'0.000006',NULL,NULL,NULL,'nanogramsPerSquareMeterPerMinute',NULL,''),(349,56,NULL,NULL,NULL,NULL,NULL,'megaJoulePerMeterSquared',NULL,''),(350,58,NULL,NULL,NULL,NULL,NULL,'microEinsteinPerMeterSquaredPerSecond',NULL,''),(351,NULL,352,'0.001',NULL,NULL,NULL,'nanogramsPerGramPerDay','ng/g/day',''),(352,59,NULL,NULL,NULL,NULL,NULL,'microgramsPerGramPerDay',NULL,''),(353,8,200,'86400000',NULL,NULL,NULL,'metercubedPerDay','m3/day','cubic meters per day = 1000 liters per m^3 *60sec/min*60min/hr*24hr/day'),(354,8,200,'31536000000',NULL,NULL,NULL,'metercubedPerYear','m3/yr','cubic meters per year = 1000 liters per m^3 *60sec/min*60min/hr*24hr/day*365day/yr'),(355,5,202,'0.025',NULL,NULL,NULL,'gramPerFourHundredthofMeterSquared','g/0.04m2','grams of substance per four hundredths of a square meter, 20 cm x 20 cm quadrat'),(356,5,202,'0.01',NULL,NULL,NULL,'gramPerOneTenthofMeterSquared','g/0.1m2','grams of substance per one tenth of a square meter, 31.6 cm x 31.6 cm quadrat'),(357,1,357,'1',NULL,NULL,NULL,'kilogramPerYear','kg/yr','kilograms of substance per year'),(358,29,343,'1000',NULL,NULL,NULL,'kilowattPerMeterSquared','kW/m2','kilowatt per meter squared'),(359,60,359,'1',NULL,NULL,NULL,'megajoulePerMeterSquaredPerDay','MJ/m2/day','megajoules per square meter per day'),(360,28,112,'0.1',NULL,NULL,NULL,'micromolePerCentimeterCubed','umole/cm3','micromole per cubic centimeter'),(361,41,363,'0.0864',NULL,NULL,NULL,'micromolePerMeterSquaredPerSecond','umol/m2/second','micromole per meter squared per second'),(362,41,363,'0.001',NULL,NULL,NULL,'millimolePerMeterSquaredPerDay','mmol/m2/day','millimole per meter squared per day'),(363,41,363,'1',NULL,NULL,NULL,'molePerMeterSquaredPerDay','mol/m2/day','moles of substance per meter squared per day'),(364,45,364,'1',NULL,NULL,NULL,'nephelometricturbidityunit','NTU','(NTU) ratio of the amount of light transmitted straight through a water sample with the amount scattered at an angle of 90 degrees to one side'),(365,30,107,'0.1',NULL,NULL,NULL,'numberPerOneTenthofMeterSquared','number/0.1m2','number per one tenth of a square meter'),(366,45,307,'0.001',NULL,NULL,NULL,'partperthousand','ppt','ratio of two quantities as parts per thousand (1:1000)'),(367,NULL,NULL,NULL,NULL,NULL,NULL,'catchPerUnitEffort','','catch per unit effort'),(368,62,NULL,NULL,NULL,NULL,NULL,'centimetersPerSquareMeterPerDay','cm/m2/d','centimeters Per Square Mete rPer Day'),(369,61,NULL,NULL,NULL,NULL,NULL,'countPerLongline','','number of sharks per longline- related to Prey fish work'),(370,63,NULL,NULL,NULL,NULL,NULL,'DecaysPerMinutePerGram','',''),(371,32,NULL,NULL,NULL,NULL,NULL,'leafareaPerShortShoot','Leaf Area/Short Shoot','leaf area per short shoot'),(372,32,NULL,NULL,NULL,NULL,NULL,'leafareaPerSquareMeter','Leaf Area/m2','leaf area per square meter'),(373,32,NULL,NULL,NULL,NULL,NULL,'leafnumberPerShortShoot','Leaf Number/Short Shoot','leaf number per short shoot'),(374,28,NULL,NULL,NULL,360,NULL,'microMolesPerCubicCentimeter','µM/cc','µM = µmoles per liter of solution per cubic centimeter'),(375,NULL,NULL,NULL,NULL,NULL,NULL,'microMolesPerMetersSquaredPerSecond','uM/m2/s','microMoles Per Meters Squared Per Second'),(376,NULL,NULL,NULL,NULL,NULL,NULL,'microMolesPerMole','uM/mol','micro Moles Per Mole'),(377,64,210,'0.0001',NULL,NULL,NULL,'microsiemensPerCentimeter','uS/cm','microsiemens per centimeter'),(378,1,NULL,'1',NULL,NULL,NULL,'milligramsPerGramPerHour','mg/g/hr','milligrams per gram per hour (rate)'),(379,NULL,NULL,NULL,NULL,NULL,NULL,'milligramsPerGramPerMole','mg/g/mol','milligrams per gram per mole'),(380,27,NULL,'0.000001',NULL,NULL,NULL,'milligramsPerShortShoot','mg/Short Shoot','milligrams per short shoot'),(381,41,NULL,'0.00000000001157',NULL,NULL,NULL,'milligramsPerShortShootPerDay','mg/Short Shoot/d','milligrams per Short Shoot per Day'),(382,62,NULL,NULL,NULL,NULL,NULL,'millimetersPerLeafPerDay','mm/lf/d','millimeters Per Leaf Per Day'),(383,NULL,NULL,NULL,NULL,NULL,NULL,'molesPerHour','mol/hr','moles per hour'),(384,30,NULL,'1',NULL,NULL,NULL,'numberPerShortShoot','','number of leaves per short shoot'),(385,52,NULL,NULL,NULL,NULL,NULL,'numberSeedEquivalentsPerCubicCentimeter','','sum total of seeds per unit volume'),(386,NULL,NULL,NULL,NULL,NULL,NULL,'percentPerDay','%/d','percent Per Day'),(387,NULL,NULL,NULL,NULL,NULL,NULL,'percentPerMeterSquared','%/m2','percent per meter squared'),(388,NULL,NULL,NULL,NULL,NULL,NULL,'perMil','perMil','per mil '),(389,65,NULL,'0.000000000001',NULL,NULL,NULL,'picoCuriesPerGram ','pCi/g','radioactivity concentration in soil sediments'),(390,NULL,NULL,NULL,NULL,NULL,NULL,'QSU','QSU','Quinine Sulfate Unit- 1 QSU = 1ug/L of quinine sulfate monohydrate in a 0.05 mol/L H2SO4 solution.'),(391,NULL,NULL,NULL,NULL,NULL,NULL,'QSUPerMilligramPerLiter','QSU/mg/L','Quinine Sulfate Unit(1 QSU = 1ug/L of quinine sulfate monohydrate in a 0.05 mol/L H2SO4 solution)/milligram/liter'),(392,30,NULL,NULL,NULL,NULL,NULL,'short-shootPerMeterSquared','short-shoot/m2','short-shoot Per Meter squared'),(393,NULL,NULL,NULL,NULL,NULL,NULL,'shortShootPerSquareMeter','Short Shoot/m2','short shoot per square meter'),(394,62,NULL,NULL,NULL,NULL,NULL,'squareCentimetersPerSecondPerDay','cm2/s/d','square Centimeters Per Second Per Day'),(395,62,NULL,NULL,NULL,NULL,NULL,'squareCentimetersPerSquareMeterPerDay','cm2/m2/d','square Centimeters Per Square Meter Per Day'),(396,62,NULL,NULL,NULL,NULL,NULL,'squaredCentimetersPerLeafPerDay','cm2/lf/d','squared Centimeters Per Leaf Per Day'),(397,NULL,NULL,NULL,NULL,NULL,NULL,'wattsPerMeterSquared','W/m2','watts Per Meter Squared'),(398,NULL,NULL,NULL,NULL,NULL,NULL,'0.2WattPerMeterSquaredPerMilliVolt','0.2 Watt m-2 mV-1','0.2WattPerMeterSquaredPerMilliVolt'),(430,28,NULL,NULL,NULL,NULL,NULL,'micromolePerLiter','µmol l-1','used for concentration of either dissolved or particulate constituents. same magnitude as micromolar (when used for a dissolved constituent)'),(431,66,NULL,NULL,NULL,NULL,NULL,'newtonPerMeter','N/m','SI unit of surface tension or irradiation'),(432,66,431,NULL,NULL,NULL,NULL,'joulePerMeterSquared','J/m²','unit of energy per area (surface tension or irradiation)'),(433,16,NULL,NULL,NULL,NULL,NULL,'kilogramPerMeterCubedPerSecond','kg/m³/s','SI unit of volumetric density rate of change'),(434,41,12,'2.7','0',620,NULL,'gramsPerMeterSquaredPerHour','g/m^2/h','grams per square meter per hour'),(435,16,NULL,'0','0',NULL,NULL,'gramsPerUnitPerHour','g/unit*h','primary production rate, in a unit of benthic substrate'),(436,14,432,'1000','0',NULL,NULL,'kilowattPerMeterSquared','','irradiance unit; intensity; time-averaged energy flux'),(437,13,64,'1000000','0',60,NULL,'micrograms','ug','one millionth of a gram'),(438,28,NULL,NULL,NULL,304,NULL,'micromolesPerKilogram','','concentration, used in oceanography'),(439,28,239,'0.001','0',430,NULL,'micromolesPerLiter','','concentration, same magnitude as micromolar (for a dissolved constituent)'),(440,16,433,'0','0',472,NULL,'milligramsPerCubicMeterPerDay','mg*m-3*d-1','volumetric primary production rate, in a parcel of water'),(441,48,79,'0.001','0',182,NULL,'millimeters','','millimeter'),(442,45,NULL,NULL,NULL,NULL,NULL,'percent','o/o','parts per hundred'),(443,53,79,'1','0',NULL,NULL,'reciprocalMeter','m-1','per meter, describes optical properties'),(444,49,4,'1','0',NULL,NULL,'number','','count'),(457,NULL,NULL,NULL,NULL,NULL,NULL,'millimolePerMeterSquaredPerHour','mmol m-2 h-1','areal production or respiration rates '),(458,27,19,'0.001',NULL,311,NULL,'gramPerCubicMeter','g/m³','gram per cubic meter'),(459,2,104,'10000','0',642,NULL,'decibar','dbar','pressure, oceanography'),(460,41,199,'86400','0',NULL,NULL,'kilogramPerMeterSquaredPerDay','kg*m-2*d-1','areal primary production rate, may be kg-DW, -Carbon or -nitrogen for kelp'),(461,14,NULL,NULL,NULL,NULL,NULL,'microwattPerCentimeterSquaredPerNanometer','','irradance unit'),(462,68,458,'0.001','0',NULL,NULL,'milligramPerCubicMeter','mg*m-3','concentration unit. same magnitude as microgramsPerLiter'),(463,41,199,'86400000000','0',285,NULL,'milligramPerMeterSquaredPerDay','mg*m-2*d-1','areal primary production rate, often in mg-Carbon for an integrated water column'),(464,14,23,'0','0',NULL,NULL,'microwattPerCentimeterSquaredPerNanometerPerSteradian','','directional irradiance unit'),(465,2,104,'100','0',NULL,NULL,'hectopascal','hPa','SI unit for atmospheric pressure, equivalent in magnitude to millibar'),(466,2,NULL,NULL,NULL,NULL,NULL,'inchMercury','inHg','old unit for atmospheric pressure'),(467,45,NULL,NULL,NULL,NULL,NULL,'permil','o/oo','parts per thousand, relative to a standard. for isotopes. Isotope data uses LC-delta=(Rx/Rs-1)*1000'),(468,53,79,'0','0',NULL,NULL,'reciprocalMeterPerSteradian','m-1*sr-1','describes directional optical measurements'),(469,28,NULL,NULL,NULL,304,NULL,'micromolePerKilogram','','concentration, used in oceanography'),(470,67,94,'0','0',NULL,NULL,'numberPerNumber','','ratio with no scaling, '),(471,29,23,'0','0',NULL,NULL,'microeinsteinPerMeterSquaredPerSecond','','PAR irradiance unit, Seabird 911. 1Ein = energy of 1 mole photons'),(472,16,433,'0','0',NULL,NULL,'milligramPerMeterCubedPerDay','mg*m-3*d-1','volumetric primary production rate, in a parcel of water'),(473,21,210,'1','0',NULL,NULL,'siemensPerMeter','S*m-1','conductivity unit, seawater'),(474,21,32,'0.0001','0',NULL,NULL,'microsiemensPerCentimeter','','conductivity unit, freshwater'),(475,29,23,'0','0',NULL,NULL,'microeinsteinPerCentimeterSquaredPerSecond','µE*m-1*s-1','PAR Scalar irradiance unit, for wavelenths between 400-700nm. 1Ein = energy of 1 mole photons'),(476,28,239,'0.001','0',430,NULL,'micromolePerLiter','','concentration, same magnitude as micromolar (for a dissolved constituent)'),(477,28,239,'0.001','0',NULL,NULL,'millimolePerMeterCubed','mmol*m-3','concentration unit'),(478,28,239,'0','0',308,NULL,'microequivalentPerLiter','','concentration of charge (on dissolved ions). A single multiplier to SI is not possible, since conversion includes valence of ion.'),(490,11,NULL,NULL,NULL,490,NULL,'milliliterPerLiter','ml/L','milliters of solution per 1 liter volume'),(491,42,20,'0',NULL,271,NULL,'cubic centimeters','cm³','cubic centimeters'),(492,42,20,'0.02832',NULL,962,NULL,'cubic feet','ft3','cubic feet'),(493,8,15,'28.3169',NULL,243,NULL,'cubic feet per second','cfs','cubic feet per second'),(494,69,NULL,'0',NULL,NULL,NULL,'cubic feet per second per square mile','cfsm','cubic feet per second per square mile'),(495,44,40,'0',NULL,NULL,NULL,'cubic meters per hectare','m3/ha','cubic meters per hectare'),(496,44,40,'0',NULL,NULL,NULL,'cubic meters per square meter','m3/m2','cubic meters per square meter'),(497,70,NULL,'0',NULL,NULL,NULL,'decimal degrees latitude or longitude','dec degrees lat-lon','decimal degrees; latitude (parallel) or longitude (meridian)'),(498,46,21,'0.0174533',NULL,NULL,NULL,'degree','º','360 degrees comprise a unit circle; degrees used for angle and slope'),(499,71,NULL,'0',NULL,NULL,NULL,'degrees azimuth','degrees az','degrees azimuth (0-360)'),(500,70,NULL,NULL,NULL,NULL,NULL,'degrees latitude or longitude','degrees lat-lon','degrees; latitude (parallel) or longitude (meridian)'),(501,9,94,'1',NULL,236,NULL,'gramsPerGram','g/g','grams per gram (often in terms of dry weight)'),(502,5,18,'0',NULL,NULL,NULL,'grams per square centimeter','g/cm2','grams per square centimeter'),(503,41,12,'0',NULL,1254,NULL,'grams per square meter per day','g/m2*day','grams per square meter per day'),(504,38,113,'0',NULL,NULL,NULL,'inches per hour','in/hr','inches per hour'),(505,72,NULL,NULL,NULL,NULL,NULL,'langleys','langleys','1 langley= 4.187 Joules per square centimeter; langley per day=0.4846 W per square meter; (W=1 Joule per sec)'),(506,72,NULL,'697.8',NULL,NULL,NULL,'langleys/min','langleys/min','1 langley= 4.187 Joules per square centimeter; langley per minute=697.8 W per square meter; (W=1 Joule per sec)'),(507,27,19,'0',NULL,NULL,NULL,'megagrams per cubic meter','Mg/m3','megagrams per cubic meter'),(508,5,18,'0',NULL,969,NULL,'megagrams per hectare','Mg/ha','megagrams per hectare'),(509,NULL,NULL,NULL,NULL,NULL,NULL,'megagrams per hectare per year','Mg/ha/year','Megagrams per hectare per year'),(510,72,NULL,NULL,NULL,NULL,NULL,'megaJoule per cm2 per year','MJ/cm2/yr','megaJoule per square centimeter per year'),(511,19,56,NULL,NULL,NULL,NULL,'megaJoule per m2','MJ/m2','megaJoule per meter squared'),(512,NULL,NULL,NULL,NULL,NULL,NULL,'meters per day','m/day','meters per day'),(513,21,210,'0',NULL,NULL,NULL,'micro siemens per centimeter','us/cm','micro siemens per centimeter'),(514,73,NULL,'0',NULL,NULL,NULL,'micrograms per gram per day','micro g/g*day','micrograms per gram per day'),(515,73,NULL,'0',NULL,NULL,NULL,'micrograms per gram per hour','micro g/g*hour','micrograms per gram per hour'),(516,73,NULL,'0',NULL,NULL,NULL,'micrograms per gram per week','ug/g*week','micrograms per gram per week'),(517,73,NULL,NULL,NULL,NULL,NULL,'micrograms per liter','micro g/liter','micrograms per liter'),(518,73,NULL,NULL,NULL,NULL,NULL,'micrograms per second','micro g/second','micrograms per second'),(519,26,77,'0',NULL,NULL,NULL,'micromoles per gram','um/g','micromoles per gram'),(520,1,41,'0',NULL,NULL,NULL,'micromoles per gram per day','micromol/g*day','micromoles per gram per day'),(521,1,41,'0',NULL,NULL,NULL,'micromoles per gram per hour','micromol/g*hr','micromoles per g per hour'),(522,NULL,NULL,'0',NULL,NULL,NULL,'micromoles per second per square meter','um/sec*m2','micromoles/sec per m2; µmole/sec/m²'),(523,NULL,NULL,'0',NULL,NULL,NULL,'milliequivalents per 100 grams','meq/100g','milliequivalents per 100 grams'),(524,19,56,'0.000000000011574',NULL,221,NULL,'kilogramsPerSecond','kg/s',''),(525,27,19,'1',NULL,265,NULL,'milliGramsPerMilliLiter','mg/ml','milligrams per milliliter'),(526,11,27,'1',NULL,207,NULL,'cubicCentimetersPerCubicCentimeter','ml/cm3','milliliters per cubic centimeter; also cubic centimeters per cubic centimeter'),(527,70,NULL,'0',NULL,NULL,NULL,'minutes of a degree','minutes','the sixtieth part of a degree'),(528,NULL,NULL,NULL,NULL,NULL,NULL,'moles per m2 per day','moles/m2*day','moles per m2 per day'),(529,73,NULL,'0',NULL,NULL,NULL,'nanograms per gram per hour','ng/g*hr','nanograms/gram*hour'),(530,1,41,'0',NULL,NULL,NULL,'nanomoles per gram per day','nm/g*day','nanomoles per g per day'),(531,1,41,'0',NULL,NULL,NULL,'nanomoles per gram per hour','nm/g*hr','nanomoles per gram per hour'),(532,NULL,NULL,NULL,NULL,NULL,NULL,'nephelometric turbidity unit','ntu','nephelometric turbidity unit'),(533,45,119,'1',NULL,NULL,NULL,'number','number','dimensionless number, i.e., ratio, count'),(534,31,52,'1',NULL,52,NULL,'second','sec','SI unit of time; sixtieth part of a minute of time'),(535,NULL,NULL,NULL,NULL,NULL,NULL,'number per hectare','number/ha','number or count per hectare'),(536,NULL,NULL,NULL,NULL,NULL,NULL,'number per m2 per day','number/m2*day','number or count per square meter per day'),(537,27,19,'0.001',NULL,266,NULL,'milligramsPerLiter','mg/l','parts per million'),(538,45,119,'1',NULL,NULL,NULL,'number','number','percent; a number'),(539,NULL,NULL,'0',NULL,NULL,NULL,'pH units','ph','Scale used for pH measurements'),(540,2,104,'100000',NULL,127,NULL,'bar','bar','1 bar = 100000 pascals; =0.9869 atmospheres; =0.1 megapascal (MPa);  =100 kilopascals (kPa)'),(541,70,NULL,'0',NULL,NULL,NULL,'seconds of a degree','seconds','number of seconds (sixtieth part of a minute of a degree)'),(542,45,119,'1',NULL,NULL,NULL,'number','number','a number; sequential numbering'),(543,32,10,'0.0001',NULL,209,NULL,'squareCentimeter','cm²','square centimeters'),(544,74,NULL,'0',NULL,NULL,NULL,'square meters per hectare','m2/ha','square meters per hectare'),(545,75,NULL,NULL,NULL,NULL,NULL,'SUVA[254nm] l/mg*m','SUVA[254nm] l/mg*m','Specific Ultra Violet  Absorbance (liter per milligram per meter)'),(546,5,18,NULL,NULL,NULL,NULL,'tons/acre','tons/acre','tons per acre'),(547,19,56,NULL,NULL,NULL,NULL,'watt per m2','W/m2','watt per meter squared'),(554,NULL,NULL,'0','0',NULL,NULL,'milligramsPerKilogramPerDay','mg kg-1 d-1','Measure of a change in some soil property, such as carbon concentration'),(555,NULL,10,'1','0',NULL,NULL,'metersSquaredPerMetersSquared','m^2/m^2','A measure of area per area'),(556,NULL,188,'0.000006','0',NULL,NULL,'microMolesPerLiter','umol/L','A unit of concentration with a helpful magnitude.'),(557,1,NULL,'0','0',NULL,NULL,'milligramsPerMeterSquarePerDay','mg m-2 d-1','milligrams per square meter per day (areal flux)'),(558,NULL,NULL,'0','0',NULL,NULL,'milliGramsPerKilogram','mg/kg','milliGramsPerKilogram (mg/kg)'),(559,NULL,NULL,'0','0',NULL,NULL,'pH','pH','pH'),(560,NULL,NULL,'0','0',NULL,NULL,'microgramsPerKilogramPerHour','ug kg-1 h-1','A mass per mass per unit time measure of enzyme activity'),(561,1,NULL,'0','0',NULL,NULL,'nanogramsPerCentimeterSquarePerHour','ng cm-2 h-1','nanograms per square centimeter per hour (areal flux)'),(562,NULL,NULL,'0','0',NULL,NULL,'millimeterPerCentimeterSquared','mmcm^-2','A measure of density'),(563,NULL,210,'0.000001','0',NULL,NULL,'microSiemensPerCentimeter','uS/cm','Derivative of the standard SI unit of electrical conductance (specific conductance).'),(564,NULL,NULL,'0','0',NULL,NULL,'microEquivalentsPerLiter','ueq/L','Microequivalents per liter'),(565,NULL,NULL,'0','0',NULL,NULL,'perMil','ppt','perMil (ppt)'),(566,NULL,NULL,'0','0',NULL,NULL,'millimetersPerSquareCentimeterPerDay','mm cm^-2 d^-1','A measure of production rate'),(567,NULL,NULL,'0','0',NULL,NULL,'milligramsPerKilogram','mg kg-1','Unit of mass per mass, as for measuring contents of soil'),(568,1,NULL,NULL,NULL,NULL,NULL,'gramPerMeterSquarePerHour','g m-2 h-1','gram per square meter per hour (area flux)'),(569,76,NULL,'0','0',NULL,NULL,'molesPerHectare','mol/ha','Unit of areal concentration'),(570,NULL,79,'0','0',NULL,NULL,'cubicMeterPerHectare','m^3/ha','A measure of soil sediment yield in terms of volume per unit area.'),(571,NULL,NULL,NULL,NULL,NULL,NULL,'megaJoulesPerSquareMeter','MJ/M^2','A measure of solar radiation energy per unit area'),(572,NULL,113,'0','0',NULL,NULL,'millimetersPerMonth','mm/month','unit of streamflow'),(573,NULL,NULL,'0','0',NULL,NULL,'micromolesPerSquareMeterPerSecond','umol/m^2/s','A measure of mass per area per time'),(574,NULL,79,'25.4','0',NULL,NULL,'oneTenthInch','in/10','A unique measure of length/depth'),(575,NULL,NULL,'0','0',NULL,NULL,'percentPerDay','%d^-1','A measure of daily rate in terms of percentage'),(576,NULL,NULL,'0','0',NULL,NULL,'milliEquivalentsPerGram','meq/g','milliEquivalentsPerGram (meq/g)'),(577,NULL,NULL,'0','0',NULL,NULL,'kilometersPerDay','km/day','Kilometers per day'),(578,81,NULL,NULL,NULL,NULL,NULL,'molesPerMeterSquaredPerSecond','mol/m²/s','SI unit of amount of substance areal concentration flux'),(579,82,NULL,NULL,NULL,NULL,NULL,'molePerSecond','mol/s','SI unit of amount of substance flux'),(580,11,NULL,NULL,NULL,NULL,NULL,'cubicMetersPerLiter','m³/L','Unit of volume per fluid volume'),(581,77,NULL,NULL,NULL,NULL,NULL,'becquerelPerLiter','Bq/L','Unit of radioactivity per fluid volume. a becquerel is the SI unit of radioactivity, corresponding to one disintegration per second.'),(582,78,NULL,NULL,NULL,NULL,NULL,'molesPerLiterPerSecond','mol/L/s','Unit of amount of substance concentration flux'),(583,27,NULL,NULL,NULL,266,NULL,'milligramsCaCO3PerLiter','',''),(584,28,NULL,NULL,NULL,NULL,NULL,'molePerLiter','mol/L','Unit of amount of substance concentration'),(585,9,94,'0.000001','0',NULL,NULL,'milligramPerKilogram','mg/kg',''),(586,NULL,NULL,'0','0',NULL,NULL,'abs /mol  C - cm','',''),(587,NULL,NULL,'0','0',NULL,NULL,'formazin turbidity unit','ftu',''),(588,80,37,'0.001','0',NULL,NULL,'milligramsPerLiterPerDay','mg/L/day',''),(589,81,578,'1000000','0',NULL,NULL,'micromolesPerMeterSquaredPerSec','umol/m2/s',''),(590,80,37,'0.000001','0',NULL,NULL,'microgramPerLiterPerDay','ug/L/d',''),(591,16,37,'0.024','0',NULL,NULL,'milligramsPerLiterPerHr','mg/L/hr',''),(592,41,12,'0.000000000277778','0',984,NULL,'milligramsPerSquareMeterPerHour','mg/m^2/hour',''),(593,82,579,'0.000000000000277778','0',NULL,NULL,'nanomolesPerHour','nmol/hr',''),(594,11,580,'0.000000000000000001','0',NULL,NULL,'cubicMicrometerPerLiter','um^3/L',''),(595,12,NULL,NULL,NULL,NULL,NULL,'decaysPerMinute','decay/min',''),(596,11,580,'0.000000000000001','0',NULL,NULL,'cubicMicrometerPerMilliliter','um^3/mL',''),(597,78,582,'0.0000000000000115741','0',NULL,NULL,'nanomolesPerLiterPerDay','nmol/L/day',''),(598,NULL,NULL,'0','0',NULL,NULL,'Jackson turbidity unit','jtu',''),(599,38,113,'0.00000000003171','0',NULL,NULL,'millimetersPerYear','mm/yr',''),(600,79,318,'0.0001','0',NULL,NULL,'microSiemensPerCentimeter','uS/cm',''),(601,27,583,'0.05','0',NULL,NULL,'microEquivalentsPerLiter','ueq/l',''),(602,49,4,'0.000000001','0',989,NULL,'nanamole','nmol',''),(603,79,309,'0.0001','0',NULL,NULL,'microSiemenPerCentimeter','uS/cm','conductivity unit'),(604,45,NULL,'0','0',NULL,NULL,'platinum cobalt units','pcu',''),(605,45,NULL,'1','0',NULL,NULL,'ratio','ratio',''),(606,77,NULL,NULL,NULL,NULL,NULL,'decaysPerMinutePerLiter','decay/min/L',''),(607,5,18,'0.016','0',NULL,NULL,'gramsPer_pt25MeterSquared','gms/m^2',''),(608,28,584,'0.000000001','0',297,NULL,'nanomolesPerLiter','nmol/L',''),(609,80,433,'0.000000000277778','0',NULL,NULL,'milligramsPerCubicMeterPerHour','mg/m^3/hour',''),(610,NULL,NULL,'0','0',NULL,NULL,'perCmx1000','',''),(616,31,52,'86400','0',NULL,NULL,'day','day','day (86400 seconds)'),(617,2,104,'10000','0',642,NULL,'decibar','dbar','decibar = 0.1 bar'),(618,12,65,'0.0166667','0',643,NULL,'disintegrationsPerMinute','DPM','DPM = radioactive disintegrations per minute'),(619,12,NULL,'0','0',NULL,NULL,'disintegrationsPerMinutePerGram','DPM/g','DPM/g = radioactive disintegrations per minute per gram of sample'),(620,41,12,'0.0000166667','0',NULL,NULL,'gramsPerMeterSquaredPerHour','g/m^2/hr','grams per meter square per hour'),(621,5,NULL,'0','0',NULL,NULL,'gramsPerOneQuarterMeterSquared','g/0.25m^2','Grams per 0.25 square meter surface area'),(622,12,NULL,'1','0',NULL,NULL,'microCuriePerMicroMole','µCi/µmol','specific activity of a radionuclide'),(623,4,NULL,'1','0',NULL,NULL,'microEinsteinsPerSquareMeter','µE/m^2','micro Einsteins (1E-06 moles of photons) per square meter (radiant flux)'),(624,9,94,'0.001','0',NULL,NULL,'microgramsPerMilligram','ug/mg','micrograms per milligram'),(625,27,195,'0.000001','0',658,NULL,'microgramsPerMilliliter','µg/ml','micrograms per milliliter'),(626,28,188,'0.000001','0',430,NULL,'microMolesPerLiter','µM','µM = µmoles per liter of solution'),(627,1,NULL,'1','0',NULL,NULL,'millimolesPerSquareMeterPerHour','mmol/m^2/hr','millimoles per square meter per hour (areal flux or diffusion of a substance)'),(628,52,NULL,NULL,NULL,155,NULL,'numberPerMilliliter','number/ml','number of particles or organisms per milliliter of solution'),(629,10,NULL,'1','0',NULL,NULL,'numberPerSquareCentimeterPerHour','number/cm^2/hr','rate of change of areal density of a substance (e.g. growth or expulsion rate)'),(630,45,NULL,NULL,NULL,NULL,NULL,'partsPerMillion','ppm','ratio of two quantities as parts per million (1:1000000)'),(631,45,NULL,'1','0',NULL,NULL,'partsPerThousand','ppt','ratio of two quantities as parts per thousand (1:1000)'),(632,12,NULL,'0','0',NULL,NULL,'picoCuriesPerGram','pCi/g','pCi/g = 1E-12 Curies per gram of sample, equal to 2.22 radioactive disintegrations per minute per gram of sample'),(633,28,188,'0.000000000001','0',679,NULL,'picoMolesPerLiter','pM','picomoles per liter of solution'),(634,45,NULL,'1','0',NULL,NULL,'serialDateNumberYear0000','','fractional days representing a serial date number based on 1 = 1-Jan-0000'),(635,21,NULL,'1','0',NULL,NULL,'siemensPerMeter','S/m','siemens per meter (electrolytic conductivity of a solution)'),(636,12,NULL,NULL,NULL,NULL,NULL,'becquerelPerGram','','radio nucleotide activity  per gram substance'),(637,12,NULL,NULL,NULL,NULL,NULL,'becquerelPerMilligram','','radio nucleotide activity  per milligram substance'),(638,77,NULL,NULL,NULL,NULL,NULL,'becquerelPerMilliliter','','radio nucleotide activity  per milliliter substance'),(639,NULL,NULL,NULL,NULL,NULL,NULL,'centimeterSquaredPerFourHundredthMeterSquared','','Leaf area  in square centimeter per .04 square meter of ground'),(640,24,73,'0.1',NULL,NULL,NULL,'centimeterSquaredPerGram','cm2/g','Specific leaf area'),(641,28,4,'0.01',NULL,NULL,NULL,'centimolePerKilogram','','centimoles of charge per kilogram of dry soil'),(642,2,104,'10000',NULL,NULL,NULL,'decibar_keep','dbar','decibar = 0.1 bar or 10000 pascal'),(643,12,65,'0.0166666667',NULL,NULL,NULL,'disintegrationPerMinute','DPM','DPM = radioactive disintegrations per minute'),(644,5,18,'0.00004',NULL,NULL,NULL,'gramPerFourHundredthMeterSquared','','grams per 0.04 square meter'),(645,9,NULL,NULL,NULL,NULL,NULL,'gramPerKilogram','','grams per kilogram of substance'),(646,1,NULL,NULL,NULL,NULL,NULL,'gramPerMeterSquaredPerDay','','grams of substance per meter squared per day'),(647,NULL,NULL,NULL,NULL,NULL,NULL,'gramPerNumber','','Mass of leaves divided by number of leaves.'),(648,4,NULL,NULL,NULL,NULL,NULL,'joulePerCentimeterSquaredPerDay','','Amount of energy per square centimeter surface per day'),(649,4,NULL,NULL,NULL,NULL,NULL,'joulePerCentimeterSquaredPerHour','','Amount of energy per square centimeter surface per day'),(650,14,NULL,NULL,NULL,NULL,NULL,'kilowattPerMeterSquared','','Amount of energy per square meter surface'),(651,4,NULL,NULL,NULL,NULL,NULL,'megaoulePerMeterSquaredPerDay','','Amount of energy per square meter surface per day'),(652,NULL,NULL,NULL,NULL,NULL,NULL,'meterSquaredPerMeterSquared','m^2/m^2','Leaf area  in square meter per square meter of ground'),(653,NULL,NULL,NULL,NULL,NULL,NULL,'meterSquaredPerNumber','','Area of leaves divided by number of leaves'),(654,4,NULL,'1',NULL,NULL,NULL,'microEinsteinPerMeterSquared','µE/m^2','micro Einsteins (1E-06 moles of photons) per square meter (radiant flux)'),(655,27,303,'1000000',NULL,NULL,NULL,'microgramPerCentimeterCubed','ug/cm3','micrograms per cubic centimeter'),(656,27,NULL,NULL,NULL,NULL,NULL,'microgramPerCentimeterSquared','','micrograms per square centimeter'),(657,16,NULL,NULL,NULL,NULL,NULL,'microgramPerLiterPerHour','','micrograms per liter per hour'),(658,27,195,'0.000001',NULL,NULL,NULL,'microgramPerMilliliter','µg/ml','micrograms per milliliter'),(659,83,188,'0.000001',NULL,NULL,NULL,'micromole','µM',''),(660,28,NULL,'1000',NULL,NULL,NULL,'micromolePerGram','µmol/g','µmol/g = µmoles per gram of substance'),(661,28,188,'0.000001',NULL,430,NULL,'micromolePerLiter','µM','µM = µmoles per liter of solution'),(662,4,NULL,NULL,NULL,NULL,NULL,'micromolePerMeterPerSecondSquared','µmol/m^2/s','micro Einsteins (1E-06 moles of photons) per square meter per second (radiant flux density)'),(663,1,NULL,NULL,NULL,NULL,NULL,'micromolePerMeterSquaredPerMinute','µmol/m^2/min','micromoles of substance per sqaure meter per minute'),(664,28,NULL,NULL,NULL,NULL,NULL,'milliequivalentPerLiter','','concentration of charge (on dissolved ions). A single multiplier to SI is not possible      '),(665,9,NULL,NULL,NULL,585,NULL,'milligramPerKilogram','mg/kg','millgram of element per kilogram of soil'),(666,1,NULL,NULL,NULL,NULL,NULL,'milligramPerMeterSquaredPerDay','mg/m^2/day','milligrams of substance per square meter per day'),(667,1,NULL,NULL,NULL,NULL,NULL,'milligramPerMeterSquarePerHour','mg/m^2/hr','milligrams of substance per square meter per hour'),(668,23,NULL,NULL,NULL,NULL,NULL,'milligramPerMillimeter','mg/mm','weight of plant part per unit length'),(669,84,NULL,NULL,NULL,NULL,NULL,'milligramPerUnit','','Mass of plant part in milligrams per unit of interest, e.g. stem segment'),(670,NULL,NULL,NULL,NULL,NULL,NULL,'millimeterPerNumber','','Length of plant part in millimeter per number of plant segment'),(671,NULL,NULL,NULL,NULL,NULL,NULL,'millimeterPerUnit','','Length of plant part in millimeter per plant segment'),(672,1,NULL,'1',NULL,NULL,NULL,'millimolePerMeterSquaredPerHour','mmol/m^2/hr','millimoles per square meter per hour (areal flux or diffusion of a substance)'),(673,NULL,NULL,NULL,NULL,NULL,NULL,'millimolePerMole','','millimoles of water per  mole of air. Also can be parts per thousand'),(674,21,309,'0.00001',NULL,NULL,NULL,'millisiemenPerCentimeter','','conductivity unit'),(675,10,NULL,'1',NULL,NULL,NULL,'numberPerCentimeterSquaredPerHour','number/cm^2/hr','rate of change of areal density of a substance (e.g. growth or expulsion rate)'),(676,52,NULL,NULL,NULL,155,NULL,'numberPerMilliliter','number/ml','number of particles or organisms per milliliter of solution'),(677,45,NULL,NULL,NULL,NULL,NULL,'partPerMillion','ppm','ratio of two quantities as parts per million (1:1000000)'),(678,45,NULL,'1',NULL,NULL,NULL,'percent','%','ratio of two quantities as percent composition (1:100)'),(679,28,188,'0.000000000001',NULL,NULL,NULL,'picomolePerLiter','pmol/L','picomoles per liter of solution'),(680,1,NULL,'1',NULL,NULL,NULL,'picomolePerLiterPerHour','pmol/L/hr','picomoles per liter of solution per hour (concentration flux)'),(681,21,NULL,'1',NULL,NULL,NULL,'siemenPerMeter','S/m','siemens per meter (electrolytic conductivity of a solution)'),(682,14,NULL,NULL,NULL,NULL,NULL,'wattPerMeterSquared','','irradiance unit'),(699,NULL,113,NULL,NULL,NULL,NULL,'centimetersPerDay','cm/day','centimeters per day'),(700,NULL,NULL,NULL,NULL,NULL,NULL,'einsteinsPerSquareMeter','E/m^2','Einsteins per square meter'),(701,NULL,32,'0.0001',NULL,NULL,NULL,'microsiemensPerCentimeter','uS/cm','micro-Siemens per centimeters'),(702,NULL,NULL,NULL,NULL,NULL,NULL,'JulianDay','JD','Julian Day'),(703,NULL,NULL,NULL,NULL,NULL,NULL,'tips','tips','tipping bucket events'),(704,NULL,NULL,NULL,NULL,NULL,NULL,'percentByVolume','%/100','percent by volume'),(705,NULL,26,NULL,NULL,NULL,NULL,'millimetersPerDay','mm/day','millimeters per day'),(706,NULL,39,NULL,NULL,NULL,NULL,'centimetersPerGram','cm/g','centimeters per gram'),(707,NULL,94,NULL,NULL,NULL,NULL,'milligramsPerGram','mg/g','milligrams per gram'),(708,NULL,20,NULL,NULL,NULL,NULL,'cubicCentimeters','cm^3','cubic centimeters'),(709,NULL,133,NULL,NULL,NULL,NULL,'cubicFeet','ft^3','standard cubic feet'),(710,45,NULL,NULL,NULL,NULL,NULL,'partsPerBillion','ppb','parts per billion'),(711,NULL,4,NULL,NULL,NULL,NULL,'micromolesPerLiter','µmoles/L','micromoles per liter'),(712,NULL,112,NULL,NULL,NULL,NULL,'equivalentsPerLiter','eq/L','equivalents per liter'),(713,NULL,NULL,NULL,NULL,NULL,NULL,'centimolesOfChargePerKilogram','cmolc/kg','centimoles of charge per kilogram'),(714,NULL,12,NULL,NULL,NULL,NULL,'gramsPerHectarePerHour','g/ha/hr','grams per hectare per hour'),(715,NULL,3,NULL,NULL,NULL,NULL,'kilowattsPerSquareMeter','KW/m^2','Kilowatts per square meter'),(716,NULL,23,NULL,NULL,NULL,NULL,'megajoulesPerSquareMeterPerDay','MJ/m^2/day','Mega Joules per square meter per day'),(717,NULL,NULL,NULL,NULL,NULL,NULL,'milliequivalentsPer100Grams','meq/100 g','milliequivalents per 100 grams'),(718,NULL,NULL,NULL,NULL,NULL,NULL,'milligramPercent','mg %','milligram percent'),(719,NULL,94,NULL,NULL,NULL,NULL,'milligramsPerGramPerDay','mg/g/day','milligrams per gram per day'),(720,NULL,NULL,NULL,NULL,NULL,NULL,'milligramsPerMeterPerDay','mg/m^2 * d','milligrams per meter per day'),(721,NULL,32,NULL,NULL,NULL,NULL,'siemenPerCentimeter','mhos/cm','mhos per centimeter (Siemen per centimeter)'),(722,NULL,4,NULL,NULL,NULL,NULL,'micromolesPerGram','µmol/g','micromoles per gram'),(723,NULL,4,NULL,NULL,NULL,NULL,'millimolesPerSquareMeterPerDay','mmol/m^2/day','millimole per square meter per day'),(724,NULL,303,NULL,NULL,NULL,NULL,'nanogramsPerCubicMeter','ng/m^3','nanograms per cubic meter'),(725,NULL,NULL,NULL,NULL,NULL,NULL,'percentCover','% cover','percent cover'),(726,NULL,NULL,NULL,NULL,NULL,NULL,'volumetricWaterContent','%*10^-2','volumetric water content'),(727,NULL,NULL,NULL,NULL,NULL,NULL,'pHUnits','pH','pH units'),(728,NULL,28,NULL,NULL,NULL,NULL,'cubicFootPerHour','ft^3/hr','standard cubic foot per hour'),(729,NULL,NULL,NULL,NULL,NULL,NULL,'microequivalentsPerSquareMeterPerDay','µeq/L','microequivalent per liter'),(730,NULL,12,NULL,NULL,NULL,NULL,'microgramsPerSquareMeterPerDay','µg/m^2/day','micrograms per square meter per day'),(731,NULL,NULL,NULL,NULL,NULL,NULL,'microgramsPerGramPerDay','µg/g/day','microgram per gram per day'),(732,NULL,32,'0.0001',NULL,NULL,NULL,'microsiemensPerCentimeter','µmhos/cm','micromhos per centimeter (microSiemen per centimeter)'),(733,NULL,4,NULL,NULL,NULL,NULL,'micromolesPerMilligram','µmol/mg','micromole per milligram'),(734,NULL,4,NULL,NULL,NULL,NULL,'micromolesPerSquareMeterPerHour','µmol/m^2/hr','micromole per square meter per hour'),(735,NULL,32,'0.0001',NULL,NULL,NULL,'microsiemensPerCentimeter','µS/cm','microSiemen per centimeter'),(736,NULL,NULL,NULL,NULL,NULL,NULL,'gramsPerSquareDecimeter','g/0.1^2','grams per square decimeter'),(762,NULL,NULL,'','',NULL,NULL,'millimeterPerDay ','',''),(763,NULL,NULL,'','',NULL,NULL,'microsimmens ','',''),(764,NULL,NULL,'','',NULL,NULL,'microGramPerSquareMeter ','',''),(765,NULL,NULL,'','',NULL,NULL,'nephelometricturbidityunits ','',''),(766,NULL,NULL,'','',NULL,NULL,'microSiemenspercentimeters ','',''),(767,NULL,NULL,'','',NULL,NULL,'micro-Seimenspercentimeter ','',''),(768,NULL,NULL,'','',NULL,NULL,'milligramscarbonperliter ','',''),(769,NULL,NULL,'','',NULL,NULL,'milligramsnitrogenperliter ','',''),(770,NULL,NULL,'','',NULL,NULL,'gramsSquareMeterperDay ','',''),(771,NULL,NULL,'','',NULL,NULL,'millimolesPerSquareMeter ','',''),(772,NULL,NULL,'','',NULL,NULL,'millijoulesPerDay ','',''),(773,NULL,NULL,'','',NULL,NULL,'microSiemens ','',''),(774,NULL,NULL,'','',NULL,NULL,'microomhn/cm ','',''),(775,NULL,NULL,'','',NULL,NULL,'micromol/m2 ','',''),(776,NULL,NULL,'','',NULL,NULL,'millimoles/m2/hour ','',''),(777,NULL,NULL,'','',NULL,NULL,'watts/m2 ','',''),(778,NULL,NULL,'','',NULL,NULL,'watts/m2/day ','',''),(779,NULL,NULL,'','',NULL,NULL,'mjoules/day ','',''),(780,NULL,NULL,'','',NULL,NULL,'gramsperSquareMeters ','',''),(781,NULL,NULL,NULL,NULL,NULL,NULL,'number/liter',NULL,NULL),(782,NULL,NULL,NULL,NULL,NULL,NULL,'db',NULL,NULL),(783,NULL,NULL,NULL,NULL,NULL,NULL,'nMTDR/day',NULL,NULL),(784,NULL,NULL,NULL,NULL,NULL,NULL,'microM',NULL,NULL),(785,NULL,NULL,NULL,NULL,NULL,NULL,'#ofcryptophytes/ciliate/hour',NULL,NULL),(786,NULL,NULL,NULL,NULL,NULL,NULL,'mg/cm2',NULL,NULL),(787,NULL,NULL,NULL,NULL,NULL,NULL,'microS/cm',NULL,NULL),(788,NULL,NULL,NULL,NULL,NULL,NULL,'milliequiv/L',NULL,NULL),(789,NULL,NULL,NULL,NULL,NULL,NULL,'cubicm*10^6',NULL,NULL),(790,NULL,NULL,NULL,NULL,NULL,NULL,'microE/m2/s',NULL,NULL),(791,NULL,NULL,NULL,NULL,NULL,NULL,'Cm3/Cm2',NULL,NULL),(792,NULL,NULL,NULL,NULL,NULL,NULL,'umol/m2/yr',NULL,NULL),(793,NULL,NULL,NULL,NULL,NULL,NULL,'ugCarbon/liter*day',NULL,NULL),(794,NULL,NULL,NULL,NULL,NULL,NULL,'ug chl-a/g soil',NULL,NULL),(795,NULL,NULL,NULL,NULL,NULL,NULL,'microsiemens/cm','',''),(796,NULL,NULL,NULL,NULL,NULL,NULL,'ugChlorophyll-a/liter',NULL,NULL),(797,NULL,NULL,NULL,NULL,NULL,NULL,'micromol CO2/m2sec',NULL,NULL),(798,NULL,NULL,NULL,NULL,NULL,NULL,'ug chl-a/kg soil',NULL,NULL),(799,NULL,NULL,NULL,NULL,NULL,NULL,'millimoles/liter',NULL,NULL),(800,NULL,NULL,NULL,NULL,NULL,NULL,'degreesfromnorth',NULL,NULL),(801,NULL,NULL,NULL,NULL,NULL,NULL,'number/milliliter',NULL,NULL),(802,NULL,NULL,NULL,NULL,NULL,NULL,'rad2/m',NULL,NULL),(803,NULL,NULL,NULL,NULL,NULL,NULL,'#/liter',NULL,NULL),(804,NULL,NULL,NULL,NULL,NULL,NULL,'# kg/soil',NULL,NULL),(805,NULL,NULL,NULL,NULL,NULL,NULL,'percent g/g',NULL,NULL),(806,NULL,NULL,NULL,NULL,NULL,NULL,'microgofcarbon/liter',NULL,NULL),(807,NULL,NULL,NULL,NULL,NULL,NULL,'micromols/second/meter2',NULL,NULL),(808,NULL,NULL,NULL,NULL,NULL,NULL,'mg C/g soil',NULL,NULL),(809,NULL,NULL,NULL,NULL,NULL,NULL,'microg/gsoil',NULL,NULL),(810,NULL,NULL,NULL,NULL,NULL,NULL,'hour_and_minute',NULL,NULL),(811,NULL,NULL,NULL,NULL,NULL,NULL,'andmicro;moloxygen/liter/hour',NULL,NULL),(812,NULL,NULL,NULL,NULL,NULL,NULL,'mg N/g soil',NULL,NULL),(813,NULL,NULL,NULL,NULL,NULL,NULL,'mgC/mgchla/hr',NULL,NULL),(814,NULL,NULL,NULL,NULL,NULL,NULL,'# / kg drysoil',NULL,NULL),(815,NULL,NULL,NULL,NULL,NULL,NULL,'milliEquivalents',NULL,NULL),(816,NULL,NULL,NULL,NULL,NULL,NULL,'mM',NULL,NULL),(817,NULL,NULL,NULL,NULL,NULL,NULL,'gramsPerSquareCentimeter',NULL,NULL),(818,NULL,NULL,NULL,NULL,NULL,NULL,'micromoles/liter',NULL,NULL),(819,NULL,NULL,NULL,NULL,NULL,NULL,'umol s-1 m-2',NULL,NULL),(820,NULL,NULL,NULL,NULL,NULL,NULL,'#ofbacteria/hour/individual',NULL,NULL),(821,NULL,NULL,NULL,NULL,NULL,NULL,'del18O',NULL,NULL),(822,NULL,NULL,NULL,NULL,NULL,NULL,'replicate',NULL,NULL),(823,NULL,NULL,NULL,NULL,NULL,NULL,'g/g soil',NULL,NULL),(824,NULL,NULL,NULL,NULL,NULL,NULL,'umol/kg',NULL,NULL),(825,NULL,NULL,NULL,NULL,NULL,NULL,'#x105/liter',NULL,NULL),(826,NULL,NULL,NULL,NULL,NULL,NULL,'#/kg dry soil',NULL,NULL),(827,NULL,NULL,NULL,NULL,NULL,NULL,'microgram/g soil',NULL,NULL),(828,NULL,NULL,NULL,NULL,NULL,NULL,'# in SED_COLLECTED',NULL,NULL),(829,NULL,NULL,NULL,NULL,NULL,NULL,'per mil.',NULL,NULL),(830,NULL,NULL,NULL,NULL,NULL,NULL,'decimal_time',NULL,NULL),(831,NULL,NULL,NULL,NULL,NULL,NULL,'CmWEQ',NULL,NULL),(832,NULL,NULL,NULL,NULL,NULL,NULL,'cells/ml',NULL,NULL),(833,NULL,NULL,NULL,NULL,NULL,NULL,'microg/cm2',NULL,NULL),(834,NULL,NULL,NULL,NULL,NULL,NULL,'r^2',NULL,NULL),(835,NULL,NULL,NULL,NULL,NULL,NULL,'T.U.',NULL,NULL),(836,NULL,NULL,NULL,NULL,NULL,NULL,'delD',NULL,NULL),(837,NULL,NULL,NULL,NULL,NULL,NULL,'#/KG DRY SOIL',NULL,NULL),(838,NULL,NULL,NULL,NULL,NULL,NULL,'at/uL',NULL,NULL),(839,NULL,NULL,NULL,NULL,NULL,NULL,'ug chl-a/g',NULL,NULL),(840,NULL,NULL,NULL,NULL,NULL,NULL,'mg/cm2/hr',NULL,NULL),(841,NULL,NULL,NULL,NULL,NULL,NULL,'meq/L',NULL,NULL),(842,NULL,NULL,NULL,NULL,NULL,NULL,'microgC/gAFDM/hr',NULL,NULL),(843,NULL,NULL,NULL,NULL,NULL,NULL,'microgram N/g soil',NULL,NULL),(844,NULL,NULL,NULL,NULL,NULL,NULL,'microgram C/g soil',NULL,NULL),(845,NULL,NULL,NULL,NULL,NULL,NULL,'ug/g',NULL,NULL),(846,NULL,NULL,NULL,NULL,NULL,NULL,'#x108/liter',NULL,NULL),(847,NULL,NULL,NULL,NULL,NULL,NULL,'dS/m',NULL,NULL),(848,NULL,NULL,NULL,NULL,NULL,NULL,'micrograms/cm2',NULL,NULL),(849,NULL,NULL,NULL,NULL,NULL,NULL,'microSiemens/cm',NULL,NULL),(850,NULL,NULL,NULL,NULL,NULL,NULL,'mgC/gAFDM/hr',NULL,NULL),(851,NULL,NULL,NULL,NULL,NULL,NULL,'numbercells/milliliter',NULL,NULL),(852,NULL,NULL,NULL,NULL,NULL,NULL,'ucc/kg',NULL,NULL),(853,NULL,NULL,NULL,NULL,NULL,NULL,'ug/L',NULL,NULL),(854,NULL,NULL,NULL,NULL,NULL,NULL,'mg chl-a/kg soil',NULL,NULL),(855,NULL,NULL,NULL,NULL,NULL,NULL,'microgC/cm2/hr',NULL,NULL),(856,NULL,NULL,NULL,NULL,NULL,NULL,'umolphotons/m2/second',NULL,NULL),(908,NULL,NULL,NULL,NULL,NULL,NULL,'UG/meter cubed',NULL,NULL),(909,NULL,NULL,NULL,NULL,NULL,NULL,'partsPerMillion by Volume',NULL,NULL),(910,NULL,NULL,NULL,NULL,NULL,NULL,'Dollars',NULL,NULL),(911,NULL,NULL,NULL,NULL,NULL,NULL,'population per square mile',NULL,NULL),(912,NULL,NULL,NULL,NULL,NULL,NULL,'millimolesPerSquareMeterPerSecond',NULL,NULL),(913,NULL,NULL,NULL,NULL,NULL,NULL,'microMolesPerMeterSquaredPerSecond',NULL,NULL),(914,NULL,NULL,NULL,NULL,NULL,NULL,'wattsPerMetersSquared',NULL,NULL),(915,NULL,NULL,NULL,NULL,NULL,NULL,'kilogramPerLiter',NULL,NULL),(916,NULL,NULL,NULL,NULL,NULL,NULL,'milligramsPerHour',NULL,NULL),(917,NULL,NULL,NULL,NULL,NULL,NULL,'milligramPerDayPerGram',NULL,NULL),(918,NULL,NULL,NULL,NULL,NULL,NULL,'megaJoulesPerSquare Meter',NULL,NULL),(919,NULL,NULL,NULL,NULL,NULL,NULL,'millimeterSquare',NULL,NULL),(920,NULL,NULL,NULL,NULL,NULL,NULL,'megaJouleperSquareMeter','',''),(921,NULL,NULL,NULL,NULL,NULL,NULL,'gallonPerHour',NULL,NULL),(922,NULL,NULL,NULL,NULL,NULL,NULL,'gallonPerWeek',NULL,NULL),(923,NULL,NULL,NULL,NULL,NULL,NULL,'micromolePerSquaremeterSecond',NULL,NULL),(924,NULL,NULL,NULL,NULL,NULL,NULL,'literPerSquaremeterDay',NULL,NULL),(925,NULL,NULL,NULL,NULL,NULL,NULL,'gramPerSquarecentimeters',NULL,NULL),(926,NULL,NULL,NULL,NULL,NULL,NULL,'squarecentimerPerGram',NULL,NULL),(927,NULL,NULL,NULL,NULL,NULL,NULL,'wattPerSquaremeter',NULL,NULL),(928,NULL,NULL,NULL,NULL,NULL,NULL,'centimetersPerCubicCentimeter',NULL,NULL),(929,NULL,NULL,NULL,NULL,NULL,NULL,'microgramsPerCubicMeter',NULL,NULL),(930,NULL,NULL,NULL,NULL,NULL,NULL,'kilogramsPerHectareYear',NULL,NULL),(931,NULL,NULL,NULL,NULL,NULL,NULL,'micorgramsPerCubicMeter',NULL,NULL),(932,NULL,NULL,NULL,NULL,NULL,NULL,'microgramsPerSquareMeterHour',NULL,NULL),(933,NULL,NULL,NULL,NULL,NULL,NULL,'milligramsPerSqureMeterHour',NULL,NULL),(934,NULL,NULL,NULL,NULL,NULL,NULL,'nominalMonth','',''),(935,NULL,NULL,NULL,NULL,NULL,NULL,'microgramsPerKilogramsDay',NULL,NULL),(936,NULL,NULL,NULL,NULL,NULL,NULL,'micromolePerSquareMeterPerSecond',NULL,NULL),(937,NULL,NULL,NULL,NULL,NULL,NULL,'millimolePerSquareMeterPerSecond',NULL,NULL),(938,NULL,NULL,NULL,NULL,NULL,NULL,'molePerSquareMeter',NULL,NULL),(939,NULL,NULL,NULL,NULL,NULL,NULL,'molePerSquareMeterPerSecond',NULL,NULL),(940,NULL,NULL,NULL,NULL,NULL,NULL,'microgramPerGramDay',NULL,NULL),(941,NULL,NULL,NULL,NULL,NULL,NULL,'microgramPerKiloGram',NULL,NULL),(942,NULL,NULL,NULL,NULL,NULL,NULL,'nanogramsPerMilliliter',NULL,NULL),(943,NULL,NULL,NULL,NULL,NULL,NULL,'nanomolsPerMilliliter',NULL,NULL),(944,NULL,NULL,NULL,NULL,NULL,NULL,'megaLiterPerSquareKilometer',NULL,NULL),(945,NULL,NULL,NULL,NULL,NULL,NULL,'centimeterPerFiveMinutes',NULL,NULL),(946,NULL,NULL,NULL,NULL,NULL,NULL,'kilogramPerSquareKilometer',NULL,NULL),(947,NULL,NULL,NULL,NULL,NULL,NULL,'acre-feet',NULL,NULL),(948,NULL,NULL,NULL,NULL,NULL,NULL,'GallonsPerMinute',NULL,NULL),(949,9,NULL,NULL,NULL,NULL,NULL,'kilogramPerKilogram','kg/kg',''),(950,4,NULL,NULL,NULL,NULL,NULL,'einsteinPerMeterSquaredPerSecond','E/m²/s',''),(951,22,NULL,NULL,NULL,NULL,NULL,'joulePerKilogram','J/kg','SI unit of specific energy'),(952,57,NULL,NULL,NULL,NULL,NULL,'joulePerMeterSquaredPerSecond','J/m²/s','SI unit of heat flux density or irradiance'),(953,45,NULL,NULL,NULL,NULL,NULL,'molePerMole','mol/mol',''),(954,10,NULL,NULL,NULL,NULL,NULL,'molePerMolePerSecond','mol/mol/s',''),(955,58,NULL,NULL,NULL,NULL,NULL,'molePerMeterSquaredPerSecond','mol/m²/s','SI unit of areal density rate'),(956,44,NULL,NULL,NULL,NULL,NULL,'meterCubedPerMeterSquared','m³/m²',''),(957,73,NULL,NULL,NULL,NULL,NULL,'kilogramPerKilogramPerSecond','kg/kg/s',''),(958,42,204,'0.00235973722','0.0',NULL,NULL,'boardFoot',NULL,''),(959,26,228,'0.01','0.0',NULL,NULL,'centimolePerKilogram',NULL,''),(960,42,204,'3.62455636','0.0',NULL,NULL,'cord',NULL,''),(961,44,956,'0.000895647383','0.0',NULL,NULL,'cordPerAcre',NULL,''),(962,42,204,'0.0283168466','0.0',NULL,NULL,'footCubed','',''),(963,44,956,'0.00000699724518','0.0',NULL,NULL,'footCubedPerAcre',NULL,''),(964,8,208,'0.0000630901964','0.0',NULL,NULL,'gallonPerMinute',NULL,''),(965,2,104,'3386','0.0',466,NULL,'inchOfMercury','',''),(966,29,951,'1000000','0.0',NULL,NULL,'kilojoulePerGram',NULL,''),(967,29,23,'3600000','0.0',NULL,NULL,'kilowattHour',NULL,''),(968,57,306,'1000','0.0',NULL,NULL,'kilowattPerMeterSquared',NULL,''),(969,5,202,'0.1','0.0',NULL,NULL,'megagramPerHectare','',''),(970,41,199,'0.00000000316887646','0.0',NULL,NULL,'megagramPerHectarePerYear',NULL,''),(971,29,432,'+1000000','0.0',NULL,NULL,'megajoulePerMeterSquared',NULL,''),(972,60,952,'0.0316887646','0.0',NULL,NULL,'megajoulePerMeterSquaredPerYear',NULL,''),(973,44,956,'0.0001','0.0',NULL,NULL,'meterCubedPerHectare',NULL,''),(974,24,224,'1000','0.0',NULL,NULL,'meterSquaredPerGram',NULL,''),(975,74,652,'0.0001','0.0',NULL,NULL,'meterSquaredPerHectare',NULL,''),(976,74,NULL,NULL,NULL,NULL,NULL,'meterSquaredPerMeterSquared',NULL,''),(977,5,202,'0.00001','0.0',NULL,NULL,'microgramPerCentimeterSquared',NULL,''),(978,41,199,'0.000000000000277777','0.0',NULL,NULL,'microgramPerMeterSquaredPerHour',NULL,''),(979,41,955,'0.000000000277777778','0.0',NULL,NULL,'micromolePerMeterSquaredPerHour',NULL,''),(980,21,318,'0.0001','0.0',NULL,NULL,'microsiemensPerCentimeter',NULL,''),(981,5,202,'0.01','0.0',NULL,NULL,'milligramPerCentimeterSquared',NULL,''),(982,9,949,'0.001','0.0',NULL,NULL,'milligramPerGram',NULL,''),(983,73,957,'0.000000000000380265','0.0',NULL,NULL,'milligramPerKilogramPerMonth',NULL,''),(984,41,199,'0.000000000277777778','0.0',NULL,NULL,'milligramPerMeterSquaredPerHour','',''),(985,41,955,'0.001','0.0',NULL,NULL,'millimolePerMeterSquaredPerSecond',NULL,''),(986,9,953,'0.001','0.0',NULL,NULL,'millimolePerMole',NULL,''),(987,73,954,'0.001','0.0',NULL,NULL,'millimolePerMolePerSecond',NULL,''),(988,30,NULL,NULL,NULL,NULL,NULL,'molePerMeterSquared',NULL,''),(989,49,4,'0.000000001','0.0',NULL,NULL,'nanomole',NULL,''),(990,73,954,'0.000000001','0.0',NULL,NULL,'nanomolePerMolePerSecond',NULL,''),(991,30,107,'0.0001','0.0',NULL,NULL,'numberPerHectare',NULL,''),(992,45,NULL,NULL,NULL,NULL,NULL,'partsPerTrillion',NULL,''),(993,42,204,'2.35973722','0.0',NULL,NULL,'thousandBoardFoot',NULL,''),(994,44,956,'0.000583103765','0.0',NULL,NULL,'thousandBoardFootPerAcre',NULL,''),(1021,48,NULL,NULL,NULL,NULL,NULL,'ft from well head','',''),(1022,38,240,'0.000000277778',NULL,NULL,NULL,'millimeterPerHour','mm/h',''),(1023,66,431,NULL,NULL,NULL,NULL,'joulePerCentimeterSquared','J/cm2',''),(1024,30,NULL,NULL,NULL,NULL,NULL,'gramPerOneHalfMeterSquared','g/0.5m2',''),(1025,NULL,NULL,NULL,NULL,NULL,NULL,'milliEquivalentsPerTenMetersSquared','meq/10m2',''),(1026,30,NULL,NULL,NULL,NULL,NULL,'numberPerQuarterMeterSquared','#/.25m2',''),(1027,5,NULL,NULL,NULL,NULL,NULL,'gramPerQuarterMeterSquared','g/.25m2',''),(1028,16,NULL,NULL,NULL,NULL,NULL,'milligramPerMeterCubedPerHalfDay','mg/m³/0.5day','volumetric primary production rate'),(1029,41,NULL,NULL,NULL,NULL,NULL,'milligramPerMeterSquaredPerHalfDay','mg/m²/0.5day','volumetric primary production rate'),(1030,NULL,NULL,NULL,NULL,NULL,NULL,'Burns/Year',NULL,NULL),(1031,NULL,NULL,NULL,NULL,NULL,NULL,'celcius',NULL,NULL),(1032,NULL,NULL,NULL,NULL,NULL,NULL,'centimetersSquaredPerGram',NULL,NULL),(1033,NULL,NULL,NULL,NULL,NULL,NULL,'count',NULL,NULL),(1034,NULL,NULL,NULL,NULL,NULL,NULL,'counterPerCategoryPerSampleArea',NULL,NULL),(1035,NULL,NULL,NULL,NULL,NULL,NULL,'countPerCategoryPerSampleArea',NULL,NULL),(1036,NULL,NULL,NULL,NULL,NULL,NULL,'countPerHectare',NULL,NULL),(1037,NULL,NULL,NULL,NULL,NULL,NULL,'countPerMeterSquared',NULL,NULL),(1038,NULL,NULL,NULL,NULL,NULL,NULL,'countPerSample',NULL,NULL),(1039,NULL,NULL,NULL,NULL,NULL,NULL,'countPerSampleArea',NULL,NULL),(1040,NULL,NULL,NULL,NULL,NULL,NULL,'countPerSquaredQuarterMeter',NULL,NULL),(1041,NULL,NULL,NULL,NULL,NULL,NULL,'countPerSquareMeter',NULL,NULL),(1042,NULL,NULL,NULL,NULL,NULL,NULL,'days',NULL,NULL),(1043,NULL,NULL,NULL,NULL,NULL,NULL,'gramsH2oPer100gramsDrySoil',NULL,NULL),(1044,NULL,NULL,NULL,NULL,NULL,NULL,'gramsPer100Grams',NULL,NULL),(1045,NULL,NULL,NULL,NULL,NULL,NULL,'gramsPer2By2InchBy25CentimetersDeep',NULL,NULL),(1046,NULL,NULL,NULL,NULL,NULL,NULL,'gramsPerCentimeterCubed',NULL,NULL),(1047,NULL,NULL,NULL,NULL,NULL,NULL,'gramsPerMeterSquared',NULL,NULL),(1048,NULL,NULL,NULL,NULL,NULL,NULL,'gramsPerMetersSquared',NULL,NULL),(1049,NULL,NULL,NULL,NULL,NULL,NULL,'gramsPerMole',NULL,NULL),(1050,NULL,NULL,NULL,NULL,NULL,NULL,'gramsPerSample',NULL,NULL),(1051,NULL,NULL,NULL,NULL,NULL,NULL,'gramsPerSampleArea',NULL,NULL),(1052,NULL,NULL,NULL,NULL,NULL,NULL,'hectares',NULL,NULL),(1053,NULL,NULL,NULL,NULL,NULL,NULL,'metersSquared',NULL,NULL),(1054,NULL,NULL,NULL,NULL,NULL,NULL,'miligramsPerKiligram',NULL,NULL),(1055,NULL,NULL,NULL,NULL,NULL,NULL,'miligramsPerKilogram',NULL,NULL),(1056,NULL,NULL,NULL,NULL,NULL,NULL,'miligramsPerKilogramPerDay',NULL,NULL),(1057,NULL,NULL,NULL,NULL,NULL,NULL,'miligramsPerKilogramPerMonth',NULL,NULL),(1058,NULL,NULL,NULL,NULL,NULL,NULL,'miligramsPerLiter',NULL,NULL),(1059,NULL,NULL,NULL,NULL,NULL,NULL,'millimeterCubed',NULL,NULL),(1060,NULL,NULL,NULL,NULL,NULL,NULL,'partsPerMillionPerDay',NULL,NULL),(1061,NULL,NULL,NULL,NULL,NULL,NULL,'percentage',NULL,NULL),(1062,NULL,NULL,NULL,NULL,NULL,NULL,'proportion',NULL,NULL),(1063,NULL,NULL,NULL,NULL,NULL,NULL,'species denisty/total density',NULL,NULL),(1064,NULL,NULL,NULL,NULL,NULL,NULL,'standardDeviation',NULL,NULL),(1065,NULL,NULL,NULL,NULL,NULL,NULL,'standardError',NULL,NULL),(1066,NULL,NULL,NULL,NULL,NULL,NULL,'Week',NULL,NULL),(1067,NULL,NULL,NULL,NULL,NULL,NULL,'years',NULL,NULL),(1093,NULL,NULL,NULL,NULL,NULL,NULL,'#',NULL,NULL),(1094,NULL,NULL,NULL,NULL,NULL,NULL,'#/m^2',NULL,NULL),(1095,NULL,NULL,NULL,NULL,NULL,NULL,'% dry weight',NULL,NULL),(1096,NULL,NULL,NULL,NULL,NULL,NULL,'% per year',NULL,NULL),(1097,NULL,NULL,NULL,NULL,NULL,NULL,'(mgCH4/m2/d)',NULL,NULL),(1098,NULL,NULL,NULL,NULL,NULL,NULL,'age',NULL,NULL),(1099,NULL,NULL,NULL,NULL,NULL,NULL,'ba/ha',NULL,NULL),(1100,NULL,NULL,NULL,NULL,NULL,NULL,'bars',NULL,NULL),(1101,NULL,NULL,NULL,NULL,NULL,NULL,'bits/cm3',NULL,NULL),(1102,NULL,NULL,NULL,NULL,NULL,NULL,'braun-blaunquet abundance value (%cover value)',NULL,NULL),(1103,NULL,NULL,NULL,NULL,NULL,NULL,'C per year',NULL,NULL),(1104,NULL,NULL,NULL,NULL,NULL,NULL,'cm beneath peat surface',NULL,NULL),(1105,NULL,NULL,NULL,NULL,NULL,NULL,'cm-cm',NULL,NULL),(1106,NULL,NULL,NULL,NULL,NULL,NULL,'cm3/cm3',NULL,NULL),(1107,NULL,NULL,NULL,NULL,NULL,NULL,'cm^2 per gram',NULL,NULL),(1108,NULL,NULL,NULL,NULL,NULL,NULL,'cm^2/m^2',NULL,NULL),(1109,NULL,NULL,NULL,NULL,NULL,NULL,'compass degrees',NULL,NULL),(1110,NULL,NULL,NULL,NULL,NULL,NULL,'cubic cm',NULL,NULL),(1111,NULL,NULL,NULL,NULL,NULL,NULL,'day of year',NULL,NULL),(1112,NULL,NULL,NULL,NULL,NULL,NULL,'days per year',NULL,NULL),(1113,NULL,NULL,NULL,NULL,NULL,NULL,'degrees from horzontal',NULL,NULL),(1114,NULL,NULL,NULL,NULL,NULL,NULL,'degrees from true north',NULL,NULL),(1115,NULL,NULL,NULL,NULL,NULL,NULL,'dNBR scaled by 1000',NULL,NULL),(1116,NULL,NULL,NULL,NULL,NULL,NULL,'DOY',NULL,NULL),(1117,NULL,NULL,NULL,NULL,NULL,NULL,'feet',NULL,NULL),(1118,NULL,NULL,NULL,NULL,NULL,NULL,'flag',NULL,NULL),(1119,NULL,NULL,NULL,NULL,NULL,NULL,'FM',NULL,NULL),(1120,NULL,NULL,NULL,NULL,NULL,NULL,'g C / m2',NULL,NULL),(1121,NULL,NULL,NULL,NULL,NULL,NULL,'g C m-2',NULL,NULL),(1122,NULL,NULL,NULL,NULL,NULL,NULL,'g C m-2 30mins',NULL,NULL),(1123,NULL,NULL,NULL,NULL,NULL,NULL,'g C m-2 yr-1',NULL,NULL),(1124,NULL,NULL,NULL,NULL,NULL,NULL,'g cm-3',NULL,NULL),(1125,NULL,NULL,NULL,NULL,NULL,NULL,'g dry soil/m3 soil',NULL,NULL),(1126,NULL,NULL,NULL,NULL,NULL,NULL,'g dry weight',NULL,NULL),(1127,NULL,NULL,NULL,NULL,NULL,NULL,'g H2O/100 g Soil',NULL,NULL),(1128,NULL,NULL,NULL,NULL,NULL,NULL,'g H2O/g dry soil',NULL,NULL),(1129,NULL,NULL,NULL,NULL,NULL,NULL,'g N / m2',NULL,NULL),(1130,NULL,NULL,NULL,NULL,NULL,NULL,'g N m-2',NULL,NULL),(1131,NULL,NULL,NULL,NULL,NULL,NULL,'g P / m2',NULL,NULL),(1132,NULL,NULL,NULL,NULL,NULL,NULL,'g Pi /m2',NULL,NULL),(1133,NULL,NULL,NULL,NULL,NULL,NULL,'g/cc',NULL,NULL),(1134,NULL,NULL,NULL,NULL,NULL,NULL,'g/core',NULL,NULL),(1135,NULL,NULL,NULL,NULL,NULL,NULL,'gC/m2 soil',NULL,NULL),(1136,NULL,NULL,NULL,NULL,NULL,NULL,'gm/cm3',NULL,NULL),(1137,NULL,NULL,NULL,NULL,NULL,NULL,'gm/m2',NULL,NULL),(1138,NULL,NULL,NULL,NULL,NULL,NULL,'gN/m2 soil',NULL,NULL),(1139,NULL,NULL,NULL,NULL,NULL,NULL,'gram nodule per hr',NULL,NULL),(1140,NULL,NULL,NULL,NULL,NULL,NULL,'grams',NULL,NULL),(1141,NULL,NULL,NULL,NULL,NULL,NULL,'grams / cubic cm',NULL,NULL),(1142,NULL,NULL,NULL,NULL,NULL,NULL,'grams per cubic centimeter',NULL,NULL),(1143,NULL,NULL,NULL,NULL,NULL,NULL,'inches',NULL,NULL),(1144,NULL,NULL,NULL,NULL,NULL,NULL,'individuals/ha',NULL,NULL),(1145,NULL,NULL,NULL,NULL,NULL,NULL,'isotope',NULL,NULL),(1146,NULL,NULL,NULL,NULL,NULL,NULL,'kg biomass/ha/year',NULL,NULL),(1147,NULL,NULL,NULL,NULL,NULL,NULL,'kg biomass/tree/year',NULL,NULL),(1148,NULL,NULL,NULL,NULL,NULL,NULL,'L mg-1 m-1',NULL,NULL),(1149,NULL,NULL,NULL,NULL,NULL,NULL,'L/mgC/m',NULL,NULL),(1150,NULL,NULL,NULL,NULL,NULL,NULL,'m2/sec',NULL,NULL),(1151,NULL,NULL,NULL,NULL,NULL,NULL,'mbars','',''),(1152,NULL,NULL,NULL,NULL,NULL,NULL,'meters',NULL,NULL),(1153,NULL,NULL,NULL,NULL,NULL,NULL,'mg C m^-2 h^-1',NULL,NULL),(1154,NULL,NULL,NULL,NULL,NULL,NULL,'mg/gdw',NULL,NULL),(1155,NULL,NULL,NULL,NULL,NULL,NULL,'mg/m2/d',NULL,NULL),(1156,NULL,NULL,NULL,NULL,NULL,NULL,'mgCO2/d',NULL,NULL),(1157,NULL,NULL,NULL,NULL,NULL,NULL,'mgN/L',NULL,NULL),(1158,NULL,NULL,NULL,NULL,NULL,NULL,'micro moles N assimilated / g nodule (DWT) / hr',NULL,NULL),(1159,NULL,NULL,NULL,NULL,NULL,NULL,'microgram P / g Soil',NULL,NULL),(1160,NULL,NULL,NULL,NULL,NULL,NULL,'micromoles second/m2',NULL,NULL),(1161,NULL,NULL,NULL,NULL,NULL,NULL,'micro_mol/m2/hr',NULL,NULL),(1162,NULL,NULL,NULL,NULL,NULL,NULL,'MJm-2',NULL,NULL),(1163,NULL,NULL,NULL,NULL,NULL,NULL,'mls',NULL,NULL),(1164,NULL,NULL,NULL,NULL,NULL,NULL,'mm per year',NULL,NULL),(1165,NULL,NULL,NULL,NULL,NULL,NULL,'mmHg',NULL,NULL),(1166,NULL,NULL,NULL,NULL,NULL,NULL,'mmol/m2/s',NULL,NULL),(1167,NULL,NULL,NULL,NULL,NULL,NULL,'mol CO2 m-2 s-1',NULL,NULL),(1168,NULL,NULL,NULL,NULL,NULL,NULL,'Moles',NULL,NULL),(1169,NULL,NULL,NULL,NULL,NULL,NULL,'m^2',NULL,NULL),(1170,NULL,NULL,NULL,NULL,NULL,NULL,'N, S, E, W etc',NULL,NULL),(1171,NULL,NULL,NULL,NULL,NULL,NULL,'NBR scaled by 1000',NULL,NULL),(1172,NULL,NULL,NULL,NULL,NULL,NULL,'ng N20 gsoil-1 h-1',NULL,NULL),(1173,NULL,NULL,NULL,NULL,NULL,NULL,'ng N20 m-2 h-1',NULL,NULL),(1174,NULL,NULL,NULL,NULL,NULL,NULL,'per mil',NULL,NULL),(1175,NULL,NULL,NULL,NULL,NULL,NULL,'period',NULL,NULL),(1176,NULL,NULL,NULL,NULL,NULL,NULL,'ppm/d',NULL,NULL),(1177,NULL,NULL,NULL,NULL,NULL,NULL,'ppmv',NULL,NULL),(1178,NULL,NULL,NULL,NULL,NULL,NULL,'ranging from 0 to 3',NULL,NULL),(1179,NULL,NULL,NULL,NULL,NULL,NULL,'score ranging 0 to 3',NULL,NULL),(1180,NULL,NULL,NULL,NULL,NULL,NULL,'seeds',NULL,NULL),(1181,NULL,NULL,NULL,NULL,NULL,NULL,'sex',NULL,NULL),(1182,NULL,NULL,NULL,NULL,NULL,NULL,'square km',NULL,NULL),(1183,NULL,NULL,NULL,NULL,NULL,NULL,'square meters',NULL,NULL),(1184,NULL,NULL,NULL,NULL,NULL,NULL,'standardized units',NULL,NULL),(1185,NULL,NULL,NULL,NULL,NULL,NULL,'stems/ha',NULL,NULL),(1186,NULL,NULL,NULL,NULL,NULL,NULL,'stems/plot',NULL,NULL),(1187,NULL,NULL,NULL,NULL,NULL,NULL,'stems/quadrant',NULL,NULL),(1188,NULL,NULL,NULL,NULL,NULL,NULL,'trees/ha',NULL,NULL),(1189,NULL,NULL,NULL,NULL,NULL,NULL,'uE',NULL,NULL),(1190,NULL,NULL,NULL,NULL,NULL,NULL,'ug C/gC/hr',NULL,NULL),(1191,NULL,NULL,NULL,NULL,NULL,NULL,'ug C/gdw/hr',NULL,NULL),(1192,NULL,NULL,NULL,NULL,NULL,NULL,'ug CO2-C/g soil DWT',NULL,NULL),(1193,NULL,NULL,NULL,NULL,NULL,NULL,'ug CO2-C/g soil DWT/day',NULL,NULL),(1194,NULL,NULL,NULL,NULL,NULL,NULL,'ug N / g dry soil',NULL,NULL),(1195,NULL,NULL,NULL,NULL,NULL,NULL,'ug N / g dry soil / day',NULL,NULL),(1196,NULL,NULL,NULL,NULL,NULL,NULL,'ug/gdw',NULL,NULL),(1197,NULL,NULL,NULL,NULL,NULL,NULL,'uM',NULL,NULL),(1198,NULL,NULL,NULL,NULL,NULL,NULL,'umol CO2-C m-2 s-1',NULL,NULL),(1199,NULL,NULL,NULL,NULL,NULL,NULL,'umol m-2 s-1',NULL,NULL),(1200,NULL,NULL,NULL,NULL,NULL,NULL,'umol photons m-2 s-1',NULL,NULL),(1201,NULL,NULL,NULL,NULL,NULL,NULL,'umol photons m-2 s-10',NULL,NULL),(1202,NULL,NULL,NULL,NULL,NULL,NULL,'umol photons m-2 s-11',NULL,NULL),(1203,NULL,NULL,NULL,NULL,NULL,NULL,'umol photons m-2 s-12',NULL,NULL),(1204,NULL,NULL,NULL,NULL,NULL,NULL,'umol photons m-2 s-2',NULL,NULL),(1205,NULL,NULL,NULL,NULL,NULL,NULL,'umol photons m-2 s-3',NULL,NULL),(1206,NULL,NULL,NULL,NULL,NULL,NULL,'umol photons m-2 s-4',NULL,NULL),(1207,NULL,NULL,NULL,NULL,NULL,NULL,'umol photons m-2 s-5',NULL,NULL),(1208,NULL,NULL,NULL,NULL,NULL,NULL,'umol photons m-2 s-6',NULL,NULL),(1209,NULL,NULL,NULL,NULL,NULL,NULL,'umol photons m-2 s-7',NULL,NULL),(1210,NULL,NULL,NULL,NULL,NULL,NULL,'umol photons m-2 s-8',NULL,NULL),(1211,NULL,NULL,NULL,NULL,NULL,NULL,'umol photons m-2 s-9',NULL,NULL),(1212,NULL,NULL,NULL,NULL,NULL,NULL,'vol',NULL,NULL),(1213,NULL,NULL,NULL,NULL,NULL,NULL,'volumetric %',NULL,NULL),(1214,NULL,NULL,NULL,NULL,NULL,NULL,'VWC %',NULL,NULL),(1215,NULL,NULL,NULL,NULL,NULL,NULL,'W m-2',NULL,NULL),(1216,NULL,NULL,NULL,NULL,NULL,NULL,'warm or blank',NULL,NULL),(1217,NULL,NULL,NULL,NULL,NULL,NULL,'Watt per m-2',NULL,NULL),(1218,NULL,NULL,NULL,NULL,NULL,NULL,'watts m^-2',NULL,NULL),(1219,NULL,NULL,NULL,NULL,NULL,NULL,'Watts per m-2',NULL,NULL),(1220,NULL,NULL,NULL,NULL,NULL,NULL,'watts-m2',NULL,NULL),(1221,NULL,NULL,NULL,NULL,NULL,NULL,'year',NULL,NULL),(1222,NULL,NULL,NULL,NULL,NULL,NULL,'‰',NULL,NULL),(1223,NULL,NULL,NULL,NULL,NULL,NULL,'µg N/gdw',NULL,NULL),(1224,NULL,NULL,NULL,NULL,NULL,NULL,'µgC/gC/hr',NULL,NULL),(1225,NULL,NULL,NULL,NULL,NULL,NULL,'µgC/gdw/h',NULL,NULL),(1226,NULL,NULL,NULL,NULL,NULL,NULL,'µgC/gdw/hr',NULL,NULL),(1227,NULL,NULL,NULL,NULL,NULL,NULL,'µgCmic/gdw',NULL,NULL),(1228,NULL,NULL,NULL,NULL,NULL,NULL,'µgN/gdw',NULL,NULL),(1229,NULL,NULL,NULL,NULL,NULL,NULL,'µM/gdw',NULL,NULL),(1230,NULL,NULL,NULL,NULL,NULL,NULL,'µmol',NULL,NULL),(1231,NULL,NULL,NULL,NULL,NULL,NULL,'ø',NULL,NULL),(1232,22,951,'0.1',NULL,NULL,NULL,'dekajoulePerKilogram','daJ/kg','unit of gravity potential'),(1233,NULL,NULL,NULL,NULL,NULL,NULL,'area','area','area'),(1234,NULL,NULL,NULL,NULL,NULL,NULL,'gramcaloriePerCentimeterSquared','','solar radiation (Langley)'),(1235,67,NULL,NULL,NULL,NULL,NULL,'numberPerQuaterMeterSquared','',''),(1236,NULL,NULL,NULL,NULL,NULL,NULL,'micromolePerMole','',''),(1237,NULL,NULL,NULL,NULL,NULL,NULL,'micromolePerGramPerSecond','',''),(1238,NULL,NULL,NULL,NULL,NULL,NULL,'micromolePerGramPerSecond','',''),(1239,48,161,NULL,NULL,161,NULL,'miles','mi','distance measured in miles'),(1240,20,103,NULL,NULL,NULL,NULL,'enzymeActivityPerGram','U/g','Enzyme activity, in U (enzyme unit) per gram'),(1241,NULL,NULL,NULL,NULL,NULL,NULL,'gramsPerMeterSquaredPerDay','g/m2^day','grams per square meter per day '),(1242,62,NULL,NULL,NULL,NULL,NULL,'gramsPerSquareMeterPerHour','',''),(1243,1,NULL,NULL,NULL,NULL,NULL,'micromolePerMeterSquaredPerDay','µmol/m^2/d','micromoles of substance per sqaure meter per minute'),(1244,1,NULL,NULL,NULL,NULL,NULL,'micromolePerLiterPerDay','µmol/L/day','micro moles of substance per liter per day'),(1245,10,NULL,NULL,NULL,NULL,NULL,'numberPerDay','d^-1','number per day'),(1246,12,NULL,NULL,NULL,NULL,NULL,'decaysPerMinutePerMeterSquaredPerDay','decay/min/m²/day','Decays per minute per meter squared per day. Radionucleotide activity flux'),(1247,NULL,NULL,NULL,NULL,NULL,NULL,'microEquivalentsPerKilogram','µEq/kg','Micro equivalents per kilogram'),(1248,19,NULL,NULL,NULL,557,NULL,'milligramCarbonPerMeterSquaredPerDay',' mgC/m²/day ','milligrams carbon per meter squared per day'),(1249,19,NULL,NULL,NULL,NULL,NULL,'cellPerMeterSquaredPerDay','cell/m²/day ','Cells per meter squared per day'),(1250,NULL,NULL,NULL,NULL,NULL,NULL,'numberPerMeterSquaredPerDay','num/m²/day ','Number per meter squared per day'),(1251,NULL,NULL,NULL,NULL,NULL,NULL,'micrometerCubed','µm³','Micrometer cubed'),(1252,49,NULL,NULL,NULL,1253,NULL,'picoGramCarbon','pgC','Pico grams of carbon'),(1253,49,NULL,NULL,NULL,NULL,NULL,'picogram','',''),(1254,41,12,'86.4',NULL,NULL,NULL,'gramPerMeterSquaredPerDay','','');
/*!40000 ALTER TABLE `unit` ENABLE KEYS */;
UNLOCK TABLES;

--
-- Table structure for table `unitScope`
--

DROP TABLE IF EXISTS `unitScope`;
/*!40101 SET @saved_cs_client     = @@character_set_client */;
/*!40101 SET character_set_client = utf8 */;
CREATE TABLE `unitScope` (
  `unitScopeId` int(11) unsigned NOT NULL AUTO_INCREMENT,
  `unitId` int(11) unsigned DEFAULT NULL,
  `scopeId` int(11) unsigned DEFAULT NULL,
  PRIMARY KEY (`unitScopeId`),
  KEY `fk_unitScope_unit` (`unitId`),
  KEY `fk_unitScope_scope` (`scopeId`),
  CONSTRAINT `fk_unitScope_scope` FOREIGN KEY (`scopeId`) REFERENCES `scope` (`scopeId`) ON DELETE NO ACTION ON UPDATE CASCADE,
  CONSTRAINT `fk_unitScope_unit` FOREIGN KEY (`unitId`) REFERENCES `unit` (`unitId`) ON DELETE NO ACTION ON UPDATE CASCADE
) ENGINE=InnoDB AUTO_INCREMENT=3326 DEFAULT CHARSET=utf8 COMMENT='InnoDB free: 1477632 kB; (`scopeId`) REFER `lter_unitregistr';
/*!40101 SET character_set_client = @saved_cs_client */;

--
-- Dumping data for table `unitScope`
--

LOCK TABLES `unitScope` WRITE;
/*!40000 ALTER TABLE `unitScope` DISABLE KEYS */;
INSERT INTO `unitScope` VALUES (1,1,1),(4,4,1),(9,9,1),(15,15,1),(22,22,1),(26,26,1),(37,37,1),(42,42,1),(51,51,1),(53,53,1),(57,57,1),(62,62,1),(67,67,1),(72,72,1),(73,73,1),(75,75,1),(78,78,1),(80,80,1),(87,87,1),(88,88,1),(91,91,1),(93,93,1),(96,96,1),(97,97,1),(98,98,1),(108,108,1),(109,109,1),(112,112,1),(113,113,1),(118,118,1),(120,120,1),(122,122,1),(124,124,1),(126,126,1),(131,131,1),(135,135,1),(142,142,1),(153,153,1),(158,158,1),(166,166,1),(167,167,1),(170,170,1),(171,171,1),(173,173,1),(175,175,1),(176,176,1),(177,177,1),(184,184,1),(185,185,1),(187,187,1),(191,191,1),(192,192,1),(193,193,1),(195,195,1),(196,126,2),(197,1,2),(198,187,2),(209,191,2),(210,4,2),(216,9,2),(223,142,2),(226,15,2),(237,22,2),(241,26,2),(254,158,2),(261,37,2),(267,192,2),(270,42,2),(279,51,2),(282,53,2),(286,57,2),(288,171,2),(294,62,2),(295,193,2),(301,67,2),(302,177,2),(308,195,2),(309,72,2),(311,73,2),(313,75,2),(317,78,2),(319,80,2),(326,184,2),(328,87,2),(329,88,2),(332,91,2),(334,185,2),(335,93,2),(338,96,2),(339,97,2),(341,98,2),(351,108,2),(352,109,2),(355,112,2),(356,113,2),(361,118,2),(363,120,2),(365,122,2),(367,124,2),(370,131,2),(373,135,2),(378,153,2),(382,166,2),(383,167,2),(385,170,2),(386,173,2),(387,175,2),(388,176,2),(393,4,3),(403,22,3),(416,51,3),(418,53,3),(421,57,3),(426,62,3),(431,67,3),(434,72,3),(438,87,3),(441,91,3),(443,93,3),(445,96,3),(446,97,3),(447,98,3),(456,109,3),(462,118,3),(464,120,3),(465,120,3),(467,122,3),(468,124,3),(475,131,3),(478,135,3),(489,153,3),(501,170,3),(503,173,3),(505,176,3),(513,196,3),(514,197,3),(515,198,3),(516,199,3),(517,200,3),(518,201,3),(519,202,3),(521,204,3),(522,205,3),(523,206,3),(525,208,3),(527,210,3),(529,212,3),(530,213,3),(531,214,3),(532,215,3),(533,216,3),(534,217,3),(536,219,3),(537,220,3),(538,221,3),(539,222,3),(540,223,3),(541,224,3),(542,225,3),(543,226,3),(544,227,3),(546,229,3),(547,230,3),(548,231,3),(549,232,3),(550,233,3),(551,234,3),(552,235,3),(554,237,3),(555,238,3),(556,239,3),(558,241,3),(559,242,3),(561,244,3),(563,246,3),(564,247,3),(565,248,3),(566,249,3),(567,250,3),(568,251,3),(569,252,3),(570,253,3),(571,254,3),(572,255,3),(573,256,3),(574,257,3),(576,259,3),(577,260,3),(578,261,3),(580,263,3),(581,264,3),(582,265,3),(584,267,3),(585,268,3),(588,274,4),(591,272,5),(642,300,5),(650,290,5),(651,302,5),(656,301,5),(667,280,4),(672,307,5),(680,295,5),(685,303,5),(686,303,4),(693,305,5),(694,305,4),(697,311,5),(698,296,5),(702,293,5),(704,292,5),(706,298,5),(707,299,5),(708,309,5),(713,291,5),(714,284,4),(716,286,4),(719,279,4),(721,287,4),(722,281,4),(723,269,4),(725,277,4),(726,310,4),(727,288,4),(729,270,5),(736,314,4),(737,315,4),(738,316,4),(739,317,4),(740,318,5),(741,319,5),(742,319,4),(743,320,5),(745,322,5),(746,323,4),(747,324,4),(748,325,4),(749,326,5),(750,327,4),(751,328,5),(752,329,5),(753,330,5),(754,331,5),(755,332,5),(756,333,4),(759,314,18),(763,306,5),(764,313,5),(765,313,4),(766,321,5),(770,338,18),(773,341,18),(774,342,18),(775,343,18),(776,344,18),(778,346,18),(780,348,18),(781,349,18),(782,350,18),(784,352,18),(786,345,18),(810,367,13),(811,368,13),(812,369,13),(813,370,13),(814,371,13),(815,372,13),(816,373,13),(818,375,13),(819,376,13),(820,377,13),(821,378,13),(822,379,13),(823,380,13),(824,381,13),(825,382,13),(826,383,13),(827,384,13),(829,386,13),(830,387,13),(831,388,13),(832,389,13),(833,390,13),(834,391,13),(836,393,13),(837,394,13),(838,395,13),(839,396,13),(840,397,13),(841,398,13),(873,385,13),(874,392,13),(877,355,25),(879,357,25),(880,358,25),(882,353,25),(883,354,25),(884,289,5),(885,289,25),(890,362,25),(891,294,5),(892,294,25),(893,363,25),(894,364,25),(896,366,25),(901,334,5),(904,432,30),(905,431,30),(910,305,22),(911,306,22),(912,473,22),(915,433,30),(917,435,22),(918,436,22),(925,443,22),(926,444,22),(931,457,26),(932,458,30),(935,443,26),(937,460,26),(939,462,26),(941,464,26),(942,465,26),(945,468,26),(947,470,26),(948,471,26),(950,473,26),(951,474,26),(954,477,26),(967,306,26),(972,475,26),(973,461,26),(977,211,3),(983,15,6),(998,113,6),(999,120,6),(1016,193,6),(1017,195,6),(1048,494,6),(1049,495,6),(1050,496,6),(1051,497,6),(1053,499,6),(1056,502,6),(1058,504,6),(1060,506,6),(1061,507,6),(1063,509,6),(1064,510,6),(1065,511,6),(1066,512,6),(1067,513,6),(1068,514,6),(1069,515,6),(1070,516,6),(1071,517,6),(1072,518,6),(1073,519,6),(1074,520,6),(1075,521,6),(1076,522,6),(1077,523,6),(1081,527,6),(1082,528,6),(1083,529,6),(1084,530,6),(1085,531,6),(1086,532,6),(1089,535,6),(1090,536,6),(1092,538,6),(1093,539,6),(1095,541,6),(1096,542,6),(1098,544,6),(1099,545,6),(1100,546,6),(1101,547,6),(1111,554,16),(1112,555,16),(1113,556,16),(1114,557,16),(1115,558,16),(1116,559,16),(1117,560,16),(1118,561,16),(1119,562,16),(1120,563,16),(1121,564,16),(1122,565,16),(1123,566,16),(1124,567,16),(1126,569,16),(1127,570,16),(1129,572,16),(1130,573,16),(1131,574,16),(1132,575,16),(1133,576,16),(1134,577,16),(1135,578,30),(1136,579,30),(1137,580,30),(1139,582,30),(1144,532,24),(1145,559,24),(1149,93,24),(1152,314,24),(1157,586,24),(1158,587,24),(1159,588,24),(1160,589,24),(1161,590,24),(1162,591,24),(1164,593,24),(1165,594,24),(1167,596,24),(1168,597,24),(1169,598,24),(1170,599,24),(1171,600,24),(1172,601,24),(1174,603,24),(1175,604,24),(1176,605,24),(1178,607,24),(1180,609,24),(1181,610,24),(1189,305,14),(1190,317,14),(1198,619,14),(1200,621,14),(1201,622,14),(1202,623,14),(1203,624,14),(1206,627,14),(1208,629,14),(1210,631,14),(1211,632,14),(1213,634,14),(1214,635,14),(1215,465,7),(1216,289,7),(1217,622,7),(1218,313,7),(1221,270,7),(1223,603,7),(1225,363,7),(1226,366,7),(1230,636,7),(1231,637,7),(1233,639,7),(1234,640,7),(1235,641,7),(1238,644,7),(1239,645,7),(1240,646,7),(1241,647,7),(1242,648,7),(1243,649,7),(1244,650,7),(1245,651,7),(1246,652,7),(1247,653,7),(1248,654,7),(1249,655,7),(1250,656,7),(1251,657,7),(1253,659,7),(1254,660,7),(1256,662,7),(1257,663,7),(1258,664,7),(1260,666,7),(1261,667,7),(1262,668,7),(1263,669,7),(1264,670,7),(1265,671,7),(1266,672,7),(1267,673,7),(1268,674,7),(1269,675,7),(1272,678,7),(1274,680,7),(1275,681,7),(1276,682,7),(1293,305,23),(1294,321,23),(1298,631,23),(1300,699,23),(1301,700,23),(1302,701,23),(1303,702,23),(1304,703,23),(1305,704,23),(1306,705,23),(1307,706,23),(1308,707,23),(1309,708,23),(1310,709,23),(1312,711,23),(1313,712,23),(1314,713,23),(1315,714,23),(1316,715,23),(1317,716,23),(1318,717,23),(1319,718,23),(1320,719,23),(1321,720,23),(1322,721,23),(1323,722,23),(1324,723,23),(1325,724,23),(1326,725,23),(1327,726,23),(1328,727,23),(1329,728,23),(1330,729,23),(1331,730,23),(1333,732,23),(1334,733,23),(1335,734,23),(1336,735,23),(1337,736,23),(1364,126,20),(1374,187,20),(1382,113,20),(1383,193,20),(1384,735,20),(1391,185,20),(1396,707,20),(1397,191,20),(1399,321,20),(1426,762,20),(1427,763,20),(1428,764,20),(1429,765,20),(1430,766,20),(1431,767,20),(1432,768,20),(1433,769,20),(1434,770,20),(1435,771,20),(1436,772,20),(1437,773,20),(1438,774,20),(1439,775,20),(1440,776,20),(1441,777,20),(1442,778,20),(1443,779,20),(1444,780,20),(1446,603,21),(1447,294,21),(1448,288,21),(1449,559,21),(1450,565,21),(1451,295,21),(1452,397,21),(1460,781,21),(1461,782,21),(1462,783,21),(1463,784,21),(1464,785,21),(1465,786,21),(1466,787,21),(1467,788,21),(1468,789,21),(1469,790,21),(1470,791,21),(1471,792,21),(1472,793,21),(1473,794,21),(1475,796,21),(1476,797,21),(1477,798,21),(1478,799,21),(1479,800,21),(1480,801,21),(1481,802,21),(1482,803,21),(1483,804,21),(1484,805,21),(1485,806,21),(1486,807,21),(1487,808,21),(1488,809,21),(1489,810,21),(1490,811,21),(1491,812,21),(1492,813,21),(1493,814,21),(1494,815,21),(1495,816,21),(1496,817,21),(1497,818,21),(1498,819,21),(1499,820,21),(1500,821,21),(1501,822,21),(1502,823,21),(1503,824,21),(1504,825,21),(1505,826,21),(1506,827,21),(1507,828,21),(1508,829,21),(1509,830,21),(1510,831,21),(1511,832,21),(1512,833,21),(1513,834,21),(1514,835,21),(1515,836,21),(1516,837,21),(1517,838,21),(1518,839,21),(1519,840,21),(1520,841,21),(1521,842,21),(1522,843,21),(1523,844,21),(1524,845,21),(1525,846,21),(1526,847,21),(1527,848,21),(1528,849,21),(1529,850,21),(1530,851,21),(1531,852,21),(1532,853,21),(1533,854,21),(1534,855,21),(1535,856,21),(1588,573,11),(1589,320,11),(1590,780,11),(1591,289,11),(1593,762,11),(1594,295,11),(1595,214,11),(1596,377,11),(1597,250,11),(1602,908,11),(1603,909,11),(1604,910,11),(1605,911,11),(1606,912,11),(1607,913,11),(1608,914,11),(1609,915,11),(1610,916,11),(1611,917,11),(1612,918,11),(1613,919,11),(1615,921,11),(1616,922,11),(1617,923,11),(1618,924,11),(1619,925,11),(1620,926,11),(1621,927,11),(1622,928,11),(1623,929,11),(1624,930,11),(1625,931,11),(1626,932,11),(1627,933,11),(1629,935,11),(1630,936,11),(1631,937,11),(1632,938,11),(1633,939,11),(1634,940,11),(1635,941,11),(1636,942,11),(1637,943,11),(1638,944,11),(1639,945,11),(1640,946,11),(1641,947,11),(1642,948,11),(1643,949,30),(1645,951,30),(1646,952,30),(1647,953,30),(1648,954,30),(1650,956,30),(1651,957,30),(1653,311,15),(1655,956,15),(1656,313,15),(1657,659,15),(1662,363,15),(1666,306,15),(1667,958,15),(1668,959,15),(1669,960,15),(1670,961,15),(1672,963,15),(1673,964,15),(1675,966,15),(1676,967,15),(1677,968,15),(1679,970,15),(1680,971,15),(1681,972,15),(1682,973,15),(1683,974,15),(1684,975,15),(1685,976,15),(1686,977,15),(1687,978,15),(1688,979,15),(1689,980,15),(1690,981,15),(1691,982,15),(1692,983,15),(1694,985,15),(1695,986,15),(1696,987,15),(1697,988,15),(1698,989,15),(1699,990,15),(1700,991,15),(1701,992,15),(1702,993,15),(1703,994,15),(1730,1021,19),(1739,795,21),(1740,795,19),(1743,1022,19),(1763,203,3),(1769,262,7),(1770,262,3),(1771,262,24),(1772,262,25),(1775,365,25),(1776,365,19),(1777,356,25),(1778,356,19),(1779,1024,19),(1780,616,14),(1781,616,19),(1782,1025,19),(1789,710,15),(1790,710,23),(1791,710,19),(1792,1026,19),(1793,1027,19),(1799,616,10),(1803,295,10),(1809,376,10),(1811,558,10),(1815,559,10),(1816,605,10),(1829,1023,30),(1830,1030,10),(1831,1031,10),(1832,1032,10),(1833,1033,10),(1834,1034,10),(1835,1035,10),(1836,1036,10),(1837,1037,10),(1838,1038,10),(1839,1039,10),(1840,1040,10),(1841,1041,10),(1842,1042,10),(1843,1043,10),(1844,1044,10),(1845,1045,10),(1846,1046,10),(1847,1047,10),(1848,1048,10),(1849,1049,10),(1850,1050,10),(1851,1051,10),(1852,1052,10),(1853,1053,10),(1854,1054,10),(1855,1055,10),(1856,1056,10),(1857,1057,10),(1858,1058,10),(1859,1059,10),(1860,1060,10),(1861,1061,10),(1862,1062,10),(1863,1063,10),(1864,1064,10),(1865,1065,10),(1866,1066,10),(1867,1067,10),(1894,725,9),(1900,1033,9),(1901,616,9),(1902,497,9),(1907,263,9),(1908,244,9),(1912,465,9),(1914,57,9),(1915,211,9),(1916,202,9),(1920,15,9),(1923,198,9),(1924,544,9),(1925,1,9),(1926,523,9),(1927,113,9),(1931,187,9),(1932,193,9),(1936,62,9),(1939,559,9),(1940,539,9),(1942,605,9),(1943,589,9),(1944,377,9),(1946,1067,9),(1948,735,9),(1956,1093,9),(1957,1094,9),(1958,1095,9),(1959,1096,9),(1960,1097,9),(1961,1098,9),(1962,1099,9),(1963,1100,9),(1964,1101,9),(1965,1102,9),(1966,1103,9),(1967,1104,9),(1968,1105,9),(1969,1106,9),(1970,1107,9),(1971,1108,9),(1972,1109,9),(1973,1110,9),(1974,1111,9),(1975,1112,9),(1976,1113,9),(1977,1114,9),(1978,1115,9),(1979,1116,9),(1980,1117,9),(1981,1118,9),(1982,1119,9),(1983,1120,9),(1984,1121,9),(1985,1122,9),(1986,1123,9),(1987,1124,9),(1988,1125,9),(1989,1126,9),(1990,1127,9),(1991,1128,9),(1992,1129,9),(1993,1130,9),(1994,1131,9),(1995,1132,9),(1996,1133,9),(1997,1134,9),(1998,1135,9),(1999,1136,9),(2000,1137,9),(2001,1138,9),(2002,1139,9),(2003,1140,9),(2004,1141,9),(2005,1142,9),(2006,1143,9),(2007,1144,9),(2008,1145,9),(2009,1146,9),(2010,1147,9),(2011,1148,9),(2012,1149,9),(2013,1150,9),(2015,1152,9),(2016,1153,9),(2017,1154,9),(2018,1155,9),(2019,1156,9),(2020,1157,9),(2021,1158,9),(2022,1159,9),(2023,1160,9),(2024,1161,9),(2025,1162,9),(2026,1163,9),(2027,1164,9),(2028,1165,9),(2029,1166,9),(2030,1167,9),(2031,1168,9),(2032,1169,9),(2033,1170,9),(2034,1171,9),(2035,1172,9),(2036,1173,9),(2037,1174,9),(2038,1175,9),(2039,1176,9),(2040,1177,9),(2041,1178,9),(2042,1179,9),(2043,1180,9),(2044,1181,9),(2045,1182,9),(2046,1183,9),(2047,1184,9),(2048,1185,9),(2049,1186,9),(2050,1187,9),(2051,1188,9),(2052,1189,9),(2053,1190,9),(2054,1191,9),(2055,1192,9),(2056,1193,9),(2057,1194,9),(2058,1195,9),(2059,1196,9),(2060,1197,9),(2061,1198,9),(2062,1199,9),(2063,1200,9),(2064,1201,9),(2065,1202,9),(2066,1203,9),(2067,1204,9),(2068,1205,9),(2069,1206,9),(2070,1207,9),(2071,1208,9),(2072,1209,9),(2073,1210,9),(2074,1211,9),(2075,1212,9),(2076,1213,9),(2077,1214,9),(2078,1215,9),(2079,1216,9),(2080,1217,9),(2081,1218,9),(2082,1219,9),(2083,1220,9),(2084,1221,9),(2085,1222,9),(2086,1223,9),(2087,1224,9),(2088,1225,9),(2089,1226,9),(2090,1227,9),(2091,1228,9),(2092,1229,9),(2093,1230,9),(2094,1231,9),(2211,1028,5),(2212,1029,5),(2213,340,18),(2214,337,18),(2215,336,18),(2216,336,19),(2217,245,3),(2218,218,3),(2228,1232,5),(2229,571,11),(2230,571,16),(2231,571,23),(2232,571,28),(2234,351,18),(2235,25,9),(2236,25,1),(2237,25,2),(2238,25,3),(2239,25,28),(2240,1233,28),(2241,130,6),(2242,130,1),(2243,130,2),(2244,130,3),(2245,130,28),(2252,65,1),(2253,65,2),(2254,65,3),(2255,65,28),(2256,66,1),(2257,66,2),(2258,66,3),(2259,66,28),(2260,174,1),(2261,174,2),(2262,174,3),(2263,174,28),(2267,76,1),(2268,76,2),(2269,76,28),(2279,148,6),(2280,148,9),(2281,148,1),(2282,148,2),(2283,148,3),(2284,148,20),(2285,148,28),(2286,147,1),(2287,147,2),(2288,147,3),(2289,147,28),(2298,169,6),(2299,169,9),(2300,169,10),(2301,169,1),(2302,169,2),(2303,169,3),(2304,169,20),(2305,169,28),(2306,172,1),(2307,172,2),(2308,172,3),(2309,172,28),(2310,181,1),(2311,181,2),(2312,181,20),(2313,181,28),(2314,27,1),(2315,27,2),(2316,27,28),(2317,141,1),(2318,141,2),(2319,141,28),(2320,20,6),(2321,20,1),(2322,20,2),(2323,20,20),(2324,20,28),(2325,145,1),(2326,145,2),(2327,145,3),(2328,145,28),(2329,149,6),(2330,149,1),(2331,149,2),(2332,149,3),(2333,149,28),(2334,498,6),(2335,498,9),(2336,498,20),(2337,498,28),(2338,86,1),(2339,86,2),(2340,86,3),(2341,86,28),(2342,140,1),(2343,140,2),(2344,140,3),(2345,140,28),(2346,119,10),(2347,119,1),(2348,119,2),(2349,119,3),(2350,119,20),(2351,119,28),(2352,74,6),(2353,74,9),(2354,74,1),(2355,74,2),(2356,74,20),(2357,74,28),(2362,95,1),(2363,95,2),(2364,95,3),(2365,95,28),(2366,129,6),(2367,129,1),(2368,129,2),(2369,129,3),(2370,129,3),(2371,129,20),(2372,129,28),(2373,125,1),(2374,125,2),(2375,125,3),(2376,125,28),(2377,183,1),(2378,183,2),(2379,183,3),(2380,183,28),(2381,59,1),(2382,59,2),(2383,59,3),(2384,59,28),(2385,64,6),(2386,64,9),(2387,64,10),(2388,64,1),(2389,64,2),(2390,64,3),(2391,64,20),(2392,64,28),(2393,1234,28),(2397,81,1),(2398,81,2),(2399,81,28),(2400,189,6),(2401,189,9),(2402,189,10),(2403,189,1),(2404,189,2),(2405,189,28),(2406,94,1),(2407,94,2),(2408,94,28),(2409,16,1),(2410,16,2),(2411,16,28),(2412,137,10),(2413,137,1),(2414,137,2),(2415,137,20),(2416,137,28),(2417,134,6),(2418,134,9),(2419,134,10),(2420,134,1),(2421,134,2),(2422,134,20),(2423,134,28),(2424,105,1),(2425,105,2),(2426,105,28),(2434,33,6),(2435,33,9),(2436,33,1),(2437,33,2),(2438,33,3),(2439,33,20),(2440,33,28),(2441,163,1),(2442,163,2),(2443,163,3),(2444,163,28),(2445,92,1),(2446,92,2),(2447,92,3),(2448,92,28),(2449,29,1),(2450,29,2),(2451,29,3),(2452,29,28),(2453,7,1),(2454,7,2),(2455,7,3),(2456,7,28),(2457,164,1),(2458,164,2),(2459,164,3),(2460,164,20),(2461,164,28),(2462,156,6),(2463,156,9),(2464,156,1),(2465,156,2),(2466,156,3),(2467,156,28),(2468,23,1),(2469,23,2),(2470,23,3),(2471,23,28),(2472,103,1),(2473,103,2),(2474,103,3),(2475,103,28),(2476,44,6),(2477,44,9),(2478,44,1),(2479,44,2),(2480,44,3),(2481,44,28),(2482,19,1),(2483,19,2),(2484,19,28),(2485,36,6),(2486,36,1),(2487,36,2),(2488,36,16),(2489,36,28),(2490,85,1),(2491,85,2),(2492,85,28),(2493,12,1),(2494,12,2),(2495,12,28),(2496,43,1),(2497,43,2),(2498,43,28),(2499,56,1),(2500,56,2),(2501,56,28),(2502,18,6),(2503,18,9),(2504,18,1),(2505,18,2),(2506,18,28),(2507,99,1),(2508,99,2),(2509,99,3),(2510,99,28),(2511,35,1),(2512,35,2),(2513,35,3),(2514,178,1),(2515,178,2),(2516,178,3),(2517,178,28),(2518,180,9),(2519,180,1),(2520,180,2),(2521,180,3),(2522,180,28),(2523,121,1),(2524,121,2),(2525,121,3),(2526,121,28),(2527,17,1),(2528,17,2),(2529,17,3),(2530,17,28),(2531,133,6),(2532,133,1),(2533,133,2),(2534,133,3),(2535,133,28),(2536,40,6),(2537,40,1),(2538,40,2),(2539,40,28),(2549,139,1),(2550,139,2),(2551,139,3),(2552,139,28),(2553,14,1),(2554,14,2),(2555,14,3),(2556,14,28),(2557,144,1),(2558,144,2),(2559,144,3),(2560,144,28),(2561,45,1),(2562,45,2),(2563,45,3),(2564,45,28),(2565,71,1),(2566,71,2),(2567,71,3),(2568,71,28),(2569,79,6),(2570,79,9),(2571,79,10),(2572,79,1),(2573,79,2),(2574,79,3),(2575,79,20),(2576,79,28),(2577,39,1),(2578,39,2),(2579,39,28),(2585,150,6),(2586,150,10),(2587,150,1),(2588,150,2),(2589,150,28),(2590,70,1),(2591,70,2),(2592,70,3),(2593,70,28),(2594,115,1),(2595,115,2),(2596,115,3),(2597,115,28),(2602,161,1),(2603,161,2),(2604,161,3),(2605,161,28),(2606,179,6),(2607,179,1),(2608,179,2),(2609,179,3),(2610,179,28),(2611,90,6),(2612,90,9),(2613,90,10),(2614,90,1),(2615,90,2),(2616,90,3),(2617,90,20),(2618,90,28),(2619,194,1),(2620,194,2),(2621,194,28),(2622,38,1),(2623,38,2),(2624,38,20),(2625,38,28),(2626,55,1),(2627,55,2),(2628,55,3),(2629,55,28),(2630,128,6),(2631,128,9),(2632,128,1),(2633,128,2),(2634,128,3),(2635,128,20),(2636,128,28),(2645,186,1),(2646,186,2),(2647,186,28),(2648,84,1),(2649,84,2),(2650,84,28),(2651,13,9),(2652,13,1),(2653,13,2),(2654,13,3),(2655,13,28),(2656,63,1),(2657,63,2),(2658,63,3),(2659,63,28),(2660,58,1),(2661,58,2),(2662,58,3),(2663,58,20),(2664,58,28),(2665,143,1),(2666,143,2),(2667,143,28),(2668,77,1),(2669,77,2),(2670,77,28),(2671,41,1),(2672,41,2),(2673,41,28),(2674,54,1),(2675,54,2),(2676,54,3),(2677,54,28),(2678,83,1),(2679,83,2),(2680,83,28),(2681,106,1),(2682,106,2),(2683,106,3),(2684,106,28),(2685,162,6),(2686,162,1),(2687,162,2),(2688,162,3),(2689,162,28),(2690,89,6),(2691,89,1),(2692,89,2),(2693,89,3),(2694,89,28),(2695,102,1),(2696,102,2),(2697,102,3),(2698,102,28),(2699,152,6),(2700,152,1),(2701,152,2),(2702,152,3),(2703,152,28),(2704,934,11),(2705,934,28),(2706,157,1),(2707,157,2),(2708,157,3),(2709,157,28),(2710,146,6),(2711,146,1),(2712,146,2),(2713,146,3),(2714,146,20),(2715,146,28),(2720,111,1),(2721,111,2),(2722,111,3),(2723,111,28),(2724,159,1),(2725,159,2),(2726,159,3),(2727,159,28),(2728,34,1),(2729,34,2),(2730,34,3),(2731,34,28),(2732,107,6),(2733,107,1),(2734,107,2),(2735,107,3),(2736,107,20),(2737,107,28),(2738,48,1),(2739,48,2),(2740,48,3),(2741,48,28),(2742,2,1),(2743,2,2),(2744,2,3),(2745,2,28),(2746,104,1),(2747,104,2),(2748,104,3),(2749,104,28),(2750,190,1),(2751,190,2),(2752,190,3),(2753,190,28),(2754,132,1),(2755,132,2),(2756,132,3),(2757,132,28),(2758,168,1),(2759,168,2),(2760,168,3),(2761,168,28),(2762,21,1),(2763,21,2),(2764,21,3),(2765,21,28),(2770,32,1),(2771,32,2),(2772,32,28),(2773,5,1),(2774,5,2),(2775,5,3),(2776,5,28),(2784,68,6),(2785,68,9),(2786,68,1),(2787,68,2),(2788,68,28),(2789,10,6),(2790,10,10),(2791,10,1),(2792,10,2),(2793,10,20),(2794,10,28),(2795,50,1),(2796,50,2),(2797,50,20),(2798,50,28),(2799,69,6),(2800,69,1),(2801,69,2),(2802,69,28),(2803,138,1),(2804,138,2),(2805,138,28),(2806,8,1),(2807,8,2),(2808,8,3),(2809,8,28),(2810,82,1),(2811,82,2),(2812,82,3),(2813,82,28),(2814,160,1),(2815,160,2),(2816,160,3),(2817,160,28),(2818,101,1),(2819,101,2),(2820,101,3),(2821,101,28),(2822,165,1),(2823,165,2),(2824,165,28),(2825,11,9),(2826,11,1),(2827,11,2),(2828,11,3),(2829,11,28),(2830,3,1),(2831,3,2),(2832,3,3),(2833,3,28),(2838,630,9),(2839,630,10),(2840,630,14),(2841,630,15),(2842,630,19),(2843,630,23),(2844,630,28),(2845,1235,28),(2849,505,6),(2850,505,23),(2851,505,28),(2852,955,15),(2853,955,30),(2854,955,28),(2855,273,9),(2856,273,11),(2857,273,10),(2858,273,13),(2859,273,14),(2860,273,16),(2861,273,19),(2862,273,21),(2863,273,24),(2864,273,23),(2865,273,4),(2866,273,25),(2867,273,28),(2868,920,11),(2869,920,28),(2871,1236,28),(2872,677,7),(2873,677,28),(2874,500,6),(2875,500,9),(2876,500,18),(2877,500,28),(2882,258,3),(2883,258,28),(2887,240,9),(2888,240,3),(2889,240,28),(2890,359,15),(2891,359,25),(2892,359,28),(2914,24,1),(2915,24,2),(2916,24,28),(2917,28,1),(2918,28,2),(2919,28,20),(2920,28,28),(2921,116,1),(2922,116,2),(2923,116,28),(2924,154,1),(2925,154,2),(2926,154,28),(2927,151,1),(2928,151,2),(2929,151,28),(2930,533,6),(2931,533,20),(2932,533,28),(2933,46,1),(2934,46,2),(2935,46,28),(2936,361,15),(2937,361,25),(2938,361,28),(2939,1151,9),(2940,1151,28),(2941,117,1),(2942,117,2),(2943,117,3),(2944,117,28),(2945,47,1),(2946,47,2),(2947,47,3),(2948,47,28),(2949,61,1),(2950,61,2),(2951,61,3),(2952,31,1),(2953,31,2),(2954,31,28),(2955,568,16),(2958,1237,28),(2961,1241,28),(2962,731,23),(2963,731,28),(2964,1242,28),(2965,1243,5),(2969,1244,4),(2970,1245,5),(2972,1246,4),(2973,1247,4),(2978,123,1),(2979,123,2),(2981,602,24),(2983,476,26),(2987,282,15),(2988,282,4),(2989,282,25),(2990,283,9),(2991,283,4),(2993,661,7),(2995,439,22),(2996,626,14),(2999,478,26),(3005,308,7),(3006,308,4),(3007,308,26),(3023,469,26),(3028,438,22),(3038,304,7),(3039,304,5),(3040,304,4),(3041,304,26),(3042,304,22),(3043,374,13),(3044,360,25),(3045,360,13),(3054,188,1),(3055,188,2),(3056,188,3),(3057,188,20),(3060,608,24),(3061,297,5),(3062,297,24),(3063,633,14),(3064,679,7),(3065,679,14),(3066,430,7),(3067,430,9),(3068,430,14),(3069,430,15),(3070,430,22),(3071,430,4),(3072,430,25),(3073,430,26),(3074,584,30),(3075,584,20),(3076,30,1),(3077,30,2),(3078,30,3),(3079,228,3),(3080,228,1),(3081,228,2),(3082,100,1),(3083,100,2),(3084,100,3),(3085,543,6),(3086,543,9),(3087,543,28),(3088,209,3),(3089,209,28),(3090,209,6),(3091,209,9),(3092,508,6),(3095,969,6),(3096,969,15),(3100,434,22),(3101,620,14),(3102,620,22),(3104,347,18),(3106,503,6),(3107,1254,30),(3108,1254,6),(3111,463,26),(3115,592,24),(3116,285,15),(3117,285,4),(3118,285,26),(3119,984,15),(3120,984,24),(3121,950,30),(3122,110,1),(3123,110,2),(3124,110,3),(3125,110,20),(3126,110,28),(3127,136,1),(3128,136,2),(3129,136,3),(3130,136,28),(3131,441,9),(3132,441,22),(3133,182,6),(3134,182,9),(3135,182,10),(3136,182,1),(3137,182,2),(3138,182,3),(3139,182,20),(3140,182,28),(3141,182,22),(3142,114,1),(3143,114,2),(3144,114,3),(3145,114,28),(3150,49,1),(3151,49,2),(3152,49,3),(3153,49,28),(3154,437,9),(3155,437,22),(3156,60,10),(3157,60,1),(3158,60,2),(3159,60,3),(3160,60,28),(3161,60,9),(3162,60,22),(3163,625,14),(3164,658,7),(3165,658,14),(3166,583,30),(3171,537,6),(3172,266,9),(3173,266,3),(3174,266,30),(3175,266,24),(3176,266,6),(3177,525,6),(3179,524,6),(3180,501,6),(3181,236,3),(3182,236,6),(3183,665,7),(3184,585,15),(3185,585,24),(3186,585,7),(3187,339,18),(3188,442,22),(3189,442,26),(3190,467,26),(3196,540,6),(3197,540,28),(3198,127,1),(3199,127,2),(3200,127,3),(3201,127,6),(3202,127,28),(3204,275,4),(3205,617,14),(3206,459,22),(3207,459,26),(3208,642,7),(3209,642,4),(3210,642,14),(3211,642,22),(3212,642,26),(3213,335,18),(3214,965,15),(3215,466,26),(3216,466,15),(3217,618,14),(3218,643,7),(3219,643,14),(3220,595,24),(3222,581,30),(3223,606,24),(3224,638,7),(3225,6,1),(3226,6,2),(3227,6,3),(3232,534,6),(3233,534,20),(3246,52,6),(3247,52,1),(3248,52,2),(3249,52,3),(3250,52,20),(3251,52,28),(3252,491,6),(3253,271,9),(3254,271,5),(3255,271,15),(3256,271,6),(3257,492,6),(3258,962,15),(3259,962,6),(3260,526,6),(3261,207,3),(3262,207,6),(3268,490,22),(3269,276,7),(3270,276,13),(3271,276,14),(3272,276,14),(3273,276,4),(3274,276,22),(3293,676,7),(3301,628,14),(3309,155,1),(3310,155,2),(3311,155,3),(3312,155,14),(3313,155,22),(3314,155,24),(3315,155,26),(3316,278,4),(3319,440,22),(3320,472,4),(3321,472,26),(3322,472,22),(3323,493,6),(3324,243,3),(3325,243,6);
/*!40000 ALTER TABLE `unitScope` ENABLE KEYS */;
UNLOCK TABLES;
/*!40103 SET TIME_ZONE=@OLD_TIME_ZONE */;

/*!40101 SET SQL_MODE=@OLD_SQL_MODE */;
/*!40014 SET FOREIGN_KEY_CHECKS=@OLD_FOREIGN_KEY_CHECKS */;
/*!40014 SET UNIQUE_CHECKS=@OLD_UNIQUE_CHECKS */;
/*!40101 SET CHARACTER_SET_CLIENT=@OLD_CHARACTER_SET_CLIENT */;
/*!40101 SET CHARACTER_SET_RESULTS=@OLD_CHARACTER_SET_RESULTS */;
/*!40101 SET COLLATION_CONNECTION=@OLD_COLLATION_CONNECTION */;
/*!40111 SET SQL_NOTES=@OLD_SQL_NOTES */;

-- Dump completed on 2018-03-02 13:31:10
